[2025-11-03 19:56:06] production.ERROR: file_get_contents(/home/mhash/Documents/Projects/agilizaimoveis.com/.env): Failed to open stream: No such file or directory {"exception":"[object] (ErrorException(code: 0): file_get_contents(/home/mhash/Documents/Projects/agilizaimoveis.com/.env): Failed to open stream: No such file or directory at /home/mhash/Documents/Projects/agilizaimoveis.com/vendor/laravel/framework/src/Illuminate/Foundation/Console/KeyGenerateCommand.php:111)
[stacktrace]
#0 /home/mhash/Documents/Projects/agilizaimoveis.com/vendor/laravel/framework/src/Illuminate/Foundation/Bootstrap/HandleExceptions.php(270): Illuminate\\Foundation\\Bootstrap\\HandleExceptions->handleError()
#1 [internal function]: Illuminate\\Foundation\\Bootstrap\\HandleExceptions->{closure:Illuminate\\Foundation\\Bootstrap\\HandleExceptions::forwardsTo():269}()
#2 /home/mhash/Documents/Projects/agilizaimoveis.com/vendor/laravel/framework/src/Illuminate/Foundation/Console/KeyGenerateCommand.php(111): file_get_contents()
#3 /home/mhash/Documents/Projects/agilizaimoveis.com/vendor/laravel/framework/src/Illuminate/Foundation/Console/KeyGenerateCommand.php(93): Illuminate\\Foundation\\Console\\KeyGenerateCommand->writeNewEnvironmentFileWith()
#4 /home/mhash/Documents/Projects/agilizaimoveis.com/vendor/laravel/framework/src/Illuminate/Foundation/Console/KeyGenerateCommand.php(58): Illuminate\\Foundation\\Console\\KeyGenerateCommand->setKeyInEnvironmentFile()
#5 /home/mhash/Documents/Projects/agilizaimoveis.com/vendor/laravel/framework/src/Illuminate/Container/BoundMethod.php(36): Illuminate\\Foundation\\Console\\KeyGenerateCommand->handle()
#6 /home/mhash/Documents/Projects/agilizaimoveis.com/vendor/laravel/framework/src/Illuminate/Container/Util.php(41): Illuminate\\Container\\BoundMethod::{closure:Illuminate\\Container\\BoundMethod::call():35}()
#7 /home/mhash/Documents/Projects/agilizaimoveis.com/vendor/laravel/framework/src/Illuminate/Container/BoundMethod.php(93): Illuminate\\Container\\Util::unwrapIfClosure()
#8 /home/mhash/Documents/Projects/agilizaimoveis.com/vendor/laravel/framework/src/Illuminate/Container/BoundMethod.php(35): Illuminate\\Container\\BoundMethod::callBoundMethod()
#9 /home/mhash/Documents/Projects/agilizaimoveis.com/vendor/laravel/framework/src/Illuminate/Container/Container.php(661): Illuminate\\Container\\BoundMethod::call()
#10 /home/mhash/Documents/Projects/agilizaimoveis.com/vendor/laravel/framework/src/Illuminate/Console/Command.php(183): Illuminate\\Container\\Container->call()
#11 /home/mhash/Documents/Projects/agilizaimoveis.com/vendor/symfony/console/Command/Command.php(326): Illuminate\\Console\\Command->execute()
#12 /home/mhash/Documents/Projects/agilizaimoveis.com/vendor/laravel/framework/src/Illuminate/Console/Command.php(152): Symfony\\Component\\Console\\Command\\Command->run()
#13 /home/mhash/Documents/Projects/agilizaimoveis.com/vendor/symfony/console/Application.php(1070): Illuminate\\Console\\Command->run()
#14 /home/mhash/Documents/Projects/agilizaimoveis.com/vendor/symfony/console/Application.php(324): Symfony\\Component\\Console\\Application->doRunCommand()
#15 /home/mhash/Documents/Projects/agilizaimoveis.com/vendor/symfony/console/Application.php(175): Symfony\\Component\\Console\\Application->doRun()
#16 /home/mhash/Documents/Projects/agilizaimoveis.com/vendor/laravel/framework/src/Illuminate/Console/Application.php(102): Symfony\\Component\\Console\\Application->run()
#17 /home/mhash/Documents/Projects/agilizaimoveis.com/vendor/laravel/framework/src/Illuminate/Foundation/Console/Kernel.php(155): Illuminate\\Console\\Application->run()
#18 /home/mhash/Documents/Projects/agilizaimoveis.com/artisan(35): Illuminate\\Foundation\\Console\\Kernel->handle()
#19 {main}
"} 
[2025-11-03 19:57:55] production.ERROR: file_get_contents(/home/mhash/Documents/Projects/agilizaimoveis.com/.env): Failed to open stream: No such file or directory {"exception":"[object] (ErrorException(code: 0): file_get_contents(/home/mhash/Documents/Projects/agilizaimoveis.com/.env): Failed to open stream: No such file or directory at /home/mhash/Documents/Projects/agilizaimoveis.com/vendor/laravel/framework/src/Illuminate/Foundation/Console/KeyGenerateCommand.php:111)
[stacktrace]
#0 /home/mhash/Documents/Projects/agilizaimoveis.com/vendor/laravel/framework/src/Illuminate/Foundation/Bootstrap/HandleExceptions.php(270): Illuminate\\Foundation\\Bootstrap\\HandleExceptions->handleError()
#1 [internal function]: Illuminate\\Foundation\\Bootstrap\\HandleExceptions->{closure:Illuminate\\Foundation\\Bootstrap\\HandleExceptions::forwardsTo():269}()
#2 /home/mhash/Documents/Projects/agilizaimoveis.com/vendor/laravel/framework/src/Illuminate/Foundation/Console/KeyGenerateCommand.php(111): file_get_contents()
#3 /home/mhash/Documents/Projects/agilizaimoveis.com/vendor/laravel/framework/src/Illuminate/Foundation/Console/KeyGenerateCommand.php(93): Illuminate\\Foundation\\Console\\KeyGenerateCommand->writeNewEnvironmentFileWith()
#4 /home/mhash/Documents/Projects/agilizaimoveis.com/vendor/laravel/framework/src/Illuminate/Foundation/Console/KeyGenerateCommand.php(58): Illuminate\\Foundation\\Console\\KeyGenerateCommand->setKeyInEnvironmentFile()
#5 /home/mhash/Documents/Projects/agilizaimoveis.com/vendor/laravel/framework/src/Illuminate/Container/BoundMethod.php(36): Illuminate\\Foundation\\Console\\KeyGenerateCommand->handle()
#6 /home/mhash/Documents/Projects/agilizaimoveis.com/vendor/laravel/framework/src/Illuminate/Container/Util.php(41): Illuminate\\Container\\BoundMethod::{closure:Illuminate\\Container\\BoundMethod::call():35}()
#7 /home/mhash/Documents/Projects/agilizaimoveis.com/vendor/laravel/framework/src/Illuminate/Container/BoundMethod.php(93): Illuminate\\Container\\Util::unwrapIfClosure()
#8 /home/mhash/Documents/Projects/agilizaimoveis.com/vendor/laravel/framework/src/Illuminate/Container/BoundMethod.php(35): Illuminate\\Container\\BoundMethod::callBoundMethod()
#9 /home/mhash/Documents/Projects/agilizaimoveis.com/vendor/laravel/framework/src/Illuminate/Container/Container.php(661): Illuminate\\Container\\BoundMethod::call()
#10 /home/mhash/Documents/Projects/agilizaimoveis.com/vendor/laravel/framework/src/Illuminate/Console/Command.php(183): Illuminate\\Container\\Container->call()
#11 /home/mhash/Documents/Projects/agilizaimoveis.com/vendor/symfony/console/Command/Command.php(326): Illuminate\\Console\\Command->execute()
#12 /home/mhash/Documents/Projects/agilizaimoveis.com/vendor/laravel/framework/src/Illuminate/Console/Command.php(152): Symfony\\Component\\Console\\Command\\Command->run()
#13 /home/mhash/Documents/Projects/agilizaimoveis.com/vendor/symfony/console/Application.php(1070): Illuminate\\Console\\Command->run()
#14 /home/mhash/Documents/Projects/agilizaimoveis.com/vendor/symfony/console/Application.php(324): Symfony\\Component\\Console\\Application->doRunCommand()
#15 /home/mhash/Documents/Projects/agilizaimoveis.com/vendor/symfony/console/Application.php(175): Symfony\\Component\\Console\\Application->doRun()
#16 /home/mhash/Documents/Projects/agilizaimoveis.com/vendor/laravel/framework/src/Illuminate/Console/Application.php(102): Symfony\\Component\\Console\\Application->run()
#17 /home/mhash/Documents/Projects/agilizaimoveis.com/vendor/laravel/framework/src/Illuminate/Foundation/Console/Kernel.php(155): Illuminate\\Console\\Application->run()
#18 /home/mhash/Documents/Projects/agilizaimoveis.com/artisan(35): Illuminate\\Foundation\\Console\\Kernel->handle()
#19 {main}
"} 
[2025-11-03 20:04:22] local.ERROR: Please provide a valid cache path. {"exception":"[object] (InvalidArgumentException(code: 0): Please provide a valid cache path. at /home/mhash/Documents/Projects/agilizaimoveis.com/vendor/laravel/framework/src/Illuminate/View/Compilers/Compiler.php:66)
[stacktrace]
#0 /home/mhash/Documents/Projects/agilizaimoveis.com/vendor/laravel/framework/src/Illuminate/View/ViewServiceProvider.php(96): Illuminate\\View\\Compilers\\Compiler->__construct()
#1 /home/mhash/Documents/Projects/agilizaimoveis.com/vendor/laravel/framework/src/Illuminate/Container/Container.php(885): Illuminate\\View\\ViewServiceProvider->{closure:Illuminate\\View\\ViewServiceProvider::registerBladeCompiler():95}()
#2 /home/mhash/Documents/Projects/agilizaimoveis.com/vendor/laravel/framework/src/Illuminate/Container/Container.php(770): Illuminate\\Container\\Container->build()
#3 /home/mhash/Documents/Projects/agilizaimoveis.com/vendor/laravel/framework/src/Illuminate/Foundation/Application.php(881): Illuminate\\Container\\Container->resolve()
#4 /home/mhash/Documents/Projects/agilizaimoveis.com/vendor/laravel/framework/src/Illuminate/Container/Container.php(706): Illuminate\\Foundation\\Application->resolve()
#5 /home/mhash/Documents/Projects/agilizaimoveis.com/vendor/laravel/framework/src/Illuminate/Foundation/Application.php(866): Illuminate\\Container\\Container->make()
#6 /home/mhash/Documents/Projects/agilizaimoveis.com/vendor/laravel/framework/src/Illuminate/Container/Container.php(1431): Illuminate\\Foundation\\Application->make()
#7 /home/mhash/Documents/Projects/agilizaimoveis.com/vendor/laravel/framework/src/Illuminate/View/ViewServiceProvider.php(164): Illuminate\\Container\\Container->offsetGet()
#8 [internal function]: Illuminate\\View\\ViewServiceProvider->{closure:Illuminate\\View\\ViewServiceProvider::registerBladeEngine():163}()
#9 /home/mhash/Documents/Projects/agilizaimoveis.com/vendor/laravel/framework/src/Illuminate/View/Engines/EngineResolver.php(55): call_user_func()
#10 /home/mhash/Documents/Projects/agilizaimoveis.com/vendor/laravel/framework/src/Illuminate/View/Factory.php(310): Illuminate\\View\\Engines\\EngineResolver->resolve()
#11 /home/mhash/Documents/Projects/agilizaimoveis.com/vendor/laravel/framework/src/Illuminate/View/Factory.php(274): Illuminate\\View\\Factory->getEngineFromPath()
#12 /home/mhash/Documents/Projects/agilizaimoveis.com/vendor/laravel/framework/src/Illuminate/View/Factory.php(146): Illuminate\\View\\Factory->viewInstance()
#13 /home/mhash/Documents/Projects/agilizaimoveis.com/vendor/laravel/framework/src/Illuminate/Foundation/helpers.php(1035): Illuminate\\View\\Factory->make()
#14 /home/mhash/Documents/Projects/agilizaimoveis.com/app/Http/Controllers/HomeController.php(61): view()
#15 /home/mhash/Documents/Projects/agilizaimoveis.com/vendor/laravel/framework/src/Illuminate/Routing/Controller.php(54): App\\Http\\Controllers\\HomeController->index()
#16 /home/mhash/Documents/Projects/agilizaimoveis.com/vendor/laravel/framework/src/Illuminate/Routing/ControllerDispatcher.php(43): Illuminate\\Routing\\Controller->callAction()
#17 /home/mhash/Documents/Projects/agilizaimoveis.com/vendor/laravel/framework/src/Illuminate/Routing/Route.php(259): Illuminate\\Routing\\ControllerDispatcher->dispatch()
#18 /home/mhash/Documents/Projects/agilizaimoveis.com/vendor/laravel/framework/src/Illuminate/Routing/Route.php(205): Illuminate\\Routing\\Route->runController()
#19 /home/mhash/Documents/Projects/agilizaimoveis.com/vendor/laravel/framework/src/Illuminate/Routing/Router.php(798): Illuminate\\Routing\\Route->run()
#20 /home/mhash/Documents/Projects/agilizaimoveis.com/vendor/laravel/framework/src/Illuminate/Pipeline/Pipeline.php(141): Illuminate\\Routing\\Router->{closure:Illuminate\\Routing\\Router::runRouteWithinStack():797}()
#21 /home/mhash/Documents/Projects/agilizaimoveis.com/vendor/laravel/framework/src/Illuminate/Routing/Middleware/SubstituteBindings.php(50): Illuminate\\Pipeline\\Pipeline->{closure:Illuminate\\Pipeline\\Pipeline::prepareDestination():139}()
#22 /home/mhash/Documents/Projects/agilizaimoveis.com/vendor/laravel/framework/src/Illuminate/Pipeline/Pipeline.php(180): Illuminate\\Routing\\Middleware\\SubstituteBindings->handle()
#23 /home/mhash/Documents/Projects/agilizaimoveis.com/vendor/laravel/framework/src/Illuminate/Foundation/Http/Middleware/VerifyCsrfToken.php(78): Illuminate\\Pipeline\\Pipeline->{closure:{closure:Illuminate\\Pipeline\\Pipeline::carry():155}:156}()
#24 /home/mhash/Documents/Projects/agilizaimoveis.com/vendor/laravel/framework/src/Illuminate/Pipeline/Pipeline.php(180): Illuminate\\Foundation\\Http\\Middleware\\VerifyCsrfToken->handle()
#25 /home/mhash/Documents/Projects/agilizaimoveis.com/vendor/laravel/framework/src/Illuminate/View/Middleware/ShareErrorsFromSession.php(49): Illuminate\\Pipeline\\Pipeline->{closure:{closure:Illuminate\\Pipeline\\Pipeline::carry():155}:156}()
#26 /home/mhash/Documents/Projects/agilizaimoveis.com/vendor/laravel/framework/src/Illuminate/Pipeline/Pipeline.php(180): Illuminate\\View\\Middleware\\ShareErrorsFromSession->handle()
#27 /home/mhash/Documents/Projects/agilizaimoveis.com/vendor/laravel/framework/src/Illuminate/Session/Middleware/StartSession.php(121): Illuminate\\Pipeline\\Pipeline->{closure:{closure:Illuminate\\Pipeline\\Pipeline::carry():155}:156}()
#28 /home/mhash/Documents/Projects/agilizaimoveis.com/vendor/laravel/framework/src/Illuminate/Session/Middleware/StartSession.php(64): Illuminate\\Session\\Middleware\\StartSession->handleStatefulRequest()
#29 /home/mhash/Documents/Projects/agilizaimoveis.com/vendor/laravel/framework/src/Illuminate/Pipeline/Pipeline.php(180): Illuminate\\Session\\Middleware\\StartSession->handle()
#30 /home/mhash/Documents/Projects/agilizaimoveis.com/vendor/laravel/framework/src/Illuminate/Cookie/Middleware/AddQueuedCookiesToResponse.php(37): Illuminate\\Pipeline\\Pipeline->{closure:{closure:Illuminate\\Pipeline\\Pipeline::carry():155}:156}()
#31 /home/mhash/Documents/Projects/agilizaimoveis.com/vendor/laravel/framework/src/Illuminate/Pipeline/Pipeline.php(180): Illuminate\\Cookie\\Middleware\\AddQueuedCookiesToResponse->handle()
#32 /home/mhash/Documents/Projects/agilizaimoveis.com/vendor/laravel/framework/src/Illuminate/Cookie/Middleware/EncryptCookies.php(67): Illuminate\\Pipeline\\Pipeline->{closure:{closure:Illuminate\\Pipeline\\Pipeline::carry():155}:156}()
#33 /home/mhash/Documents/Projects/agilizaimoveis.com/vendor/laravel/framework/src/Illuminate/Pipeline/Pipeline.php(180): Illuminate\\Cookie\\Middleware\\EncryptCookies->handle()
#34 /home/mhash/Documents/Projects/agilizaimoveis.com/vendor/laravel/framework/src/Illuminate/Pipeline/Pipeline.php(116): Illuminate\\Pipeline\\Pipeline->{closure:{closure:Illuminate\\Pipeline\\Pipeline::carry():155}:156}()
#35 /home/mhash/Documents/Projects/agilizaimoveis.com/vendor/laravel/framework/src/Illuminate/Routing/Router.php(797): Illuminate\\Pipeline\\Pipeline->then()
#36 /home/mhash/Documents/Projects/agilizaimoveis.com/vendor/laravel/framework/src/Illuminate/Routing/Router.php(776): Illuminate\\Routing\\Router->runRouteWithinStack()
#37 /home/mhash/Documents/Projects/agilizaimoveis.com/vendor/laravel/framework/src/Illuminate/Routing/Router.php(740): Illuminate\\Routing\\Router->runRoute()
#38 /home/mhash/Documents/Projects/agilizaimoveis.com/vendor/laravel/framework/src/Illuminate/Routing/Router.php(729): Illuminate\\Routing\\Router->dispatchToRoute()
#39 /home/mhash/Documents/Projects/agilizaimoveis.com/vendor/laravel/framework/src/Illuminate/Foundation/Http/Kernel.php(190): Illuminate\\Routing\\Router->dispatch()
#40 /home/mhash/Documents/Projects/agilizaimoveis.com/vendor/laravel/framework/src/Illuminate/Pipeline/Pipeline.php(141): Illuminate\\Foundation\\Http\\Kernel->{closure:Illuminate\\Foundation\\Http\\Kernel::dispatchToRouter():187}()
#41 /home/mhash/Documents/Projects/agilizaimoveis.com/vendor/laravel/framework/src/Illuminate/Foundation/Http/Middleware/TransformsRequest.php(21): Illuminate\\Pipeline\\Pipeline->{closure:Illuminate\\Pipeline\\Pipeline::prepareDestination():139}()
#42 /home/mhash/Documents/Projects/agilizaimoveis.com/vendor/laravel/framework/src/Illuminate/Foundation/Http/Middleware/ConvertEmptyStringsToNull.php(31): Illuminate\\Foundation\\Http\\Middleware\\TransformsRequest->handle()
#43 /home/mhash/Documents/Projects/agilizaimoveis.com/vendor/laravel/framework/src/Illuminate/Pipeline/Pipeline.php(180): Illuminate\\Foundation\\Http\\Middleware\\ConvertEmptyStringsToNull->handle()
#44 /home/mhash/Documents/Projects/agilizaimoveis.com/vendor/laravel/framework/src/Illuminate/Foundation/Http/Middleware/TransformsRequest.php(21): Illuminate\\Pipeline\\Pipeline->{closure:{closure:Illuminate\\Pipeline\\Pipeline::carry():155}:156}()
#45 /home/mhash/Documents/Projects/agilizaimoveis.com/vendor/laravel/framework/src/Illuminate/Foundation/Http/Middleware/TrimStrings.php(40): Illuminate\\Foundation\\Http\\Middleware\\TransformsRequest->handle()
#46 /home/mhash/Documents/Projects/agilizaimoveis.com/vendor/laravel/framework/src/Illuminate/Pipeline/Pipeline.php(180): Illuminate\\Foundation\\Http\\Middleware\\TrimStrings->handle()
#47 /home/mhash/Documents/Projects/agilizaimoveis.com/vendor/laravel/framework/src/Illuminate/Foundation/Http/Middleware/ValidatePostSize.php(27): Illuminate\\Pipeline\\Pipeline->{closure:{closure:Illuminate\\Pipeline\\Pipeline::carry():155}:156}()
#48 /home/mhash/Documents/Projects/agilizaimoveis.com/vendor/laravel/framework/src/Illuminate/Pipeline/Pipeline.php(180): Illuminate\\Foundation\\Http\\Middleware\\ValidatePostSize->handle()
#49 /home/mhash/Documents/Projects/agilizaimoveis.com/vendor/laravel/framework/src/Illuminate/Foundation/Http/Middleware/PreventRequestsDuringMaintenance.php(86): Illuminate\\Pipeline\\Pipeline->{closure:{closure:Illuminate\\Pipeline\\Pipeline::carry():155}:156}()
#50 /home/mhash/Documents/Projects/agilizaimoveis.com/vendor/laravel/framework/src/Illuminate/Pipeline/Pipeline.php(180): Illuminate\\Foundation\\Http\\Middleware\\PreventRequestsDuringMaintenance->handle()
#51 /home/mhash/Documents/Projects/agilizaimoveis.com/vendor/laravel/framework/src/Illuminate/Http/Middleware/HandleCors.php(49): Illuminate\\Pipeline\\Pipeline->{closure:{closure:Illuminate\\Pipeline\\Pipeline::carry():155}:156}()
#52 /home/mhash/Documents/Projects/agilizaimoveis.com/vendor/laravel/framework/src/Illuminate/Pipeline/Pipeline.php(180): Illuminate\\Http\\Middleware\\HandleCors->handle()
#53 /home/mhash/Documents/Projects/agilizaimoveis.com/vendor/laravel/framework/src/Illuminate/Http/Middleware/TrustProxies.php(39): Illuminate\\Pipeline\\Pipeline->{closure:{closure:Illuminate\\Pipeline\\Pipeline::carry():155}:156}()
#54 /home/mhash/Documents/Projects/agilizaimoveis.com/vendor/laravel/framework/src/Illuminate/Pipeline/Pipeline.php(180): Illuminate\\Http\\Middleware\\TrustProxies->handle()
#55 /home/mhash/Documents/Projects/agilizaimoveis.com/vendor/laravel/framework/src/Illuminate/Pipeline/Pipeline.php(116): Illuminate\\Pipeline\\Pipeline->{closure:{closure:Illuminate\\Pipeline\\Pipeline::carry():155}:156}()
#56 /home/mhash/Documents/Projects/agilizaimoveis.com/vendor/laravel/framework/src/Illuminate/Foundation/Http/Kernel.php(165): Illuminate\\Pipeline\\Pipeline->then()
#57 /home/mhash/Documents/Projects/agilizaimoveis.com/vendor/laravel/framework/src/Illuminate/Foundation/Http/Kernel.php(134): Illuminate\\Foundation\\Http\\Kernel->sendRequestThroughRouter()
#58 /home/mhash/Documents/Projects/agilizaimoveis.com/public/index.php(51): Illuminate\\Foundation\\Http\\Kernel->handle()
#59 /home/mhash/Documents/Projects/agilizaimoveis.com/vendor/laravel/framework/src/Illuminate/Foundation/resources/server.php(16): require_once('...')
#60 {main}
"} 
[2025-11-03 20:04:22] local.ERROR: Please provide a valid cache path. {"exception":"[object] (InvalidArgumentException(code: 0): Please provide a valid cache path. at /home/mhash/Documents/Projects/agilizaimoveis.com/vendor/laravel/framework/src/Illuminate/View/Compilers/Compiler.php:66)
[stacktrace]
#0 /home/mhash/Documents/Projects/agilizaimoveis.com/vendor/laravel/framework/src/Illuminate/View/ViewServiceProvider.php(96): Illuminate\\View\\Compilers\\Compiler->__construct()
#1 /home/mhash/Documents/Projects/agilizaimoveis.com/vendor/laravel/framework/src/Illuminate/Container/Container.php(885): Illuminate\\View\\ViewServiceProvider->{closure:Illuminate\\View\\ViewServiceProvider::registerBladeCompiler():95}()
#2 /home/mhash/Documents/Projects/agilizaimoveis.com/vendor/laravel/framework/src/Illuminate/Container/Container.php(770): Illuminate\\Container\\Container->build()
#3 /home/mhash/Documents/Projects/agilizaimoveis.com/vendor/laravel/framework/src/Illuminate/Foundation/Application.php(881): Illuminate\\Container\\Container->resolve()
#4 /home/mhash/Documents/Projects/agilizaimoveis.com/vendor/laravel/framework/src/Illuminate/Container/Container.php(706): Illuminate\\Foundation\\Application->resolve()
#5 /home/mhash/Documents/Projects/agilizaimoveis.com/vendor/laravel/framework/src/Illuminate/Foundation/Application.php(866): Illuminate\\Container\\Container->make()
#6 /home/mhash/Documents/Projects/agilizaimoveis.com/vendor/laravel/framework/src/Illuminate/Container/Container.php(1431): Illuminate\\Foundation\\Application->make()
#7 /home/mhash/Documents/Projects/agilizaimoveis.com/vendor/laravel/framework/src/Illuminate/View/ViewServiceProvider.php(164): Illuminate\\Container\\Container->offsetGet()
#8 [internal function]: Illuminate\\View\\ViewServiceProvider->{closure:Illuminate\\View\\ViewServiceProvider::registerBladeEngine():163}()
#9 /home/mhash/Documents/Projects/agilizaimoveis.com/vendor/laravel/framework/src/Illuminate/View/Engines/EngineResolver.php(55): call_user_func()
#10 /home/mhash/Documents/Projects/agilizaimoveis.com/vendor/laravel/framework/src/Illuminate/View/Factory.php(310): Illuminate\\View\\Engines\\EngineResolver->resolve()
#11 /home/mhash/Documents/Projects/agilizaimoveis.com/vendor/laravel/framework/src/Illuminate/View/Factory.php(274): Illuminate\\View\\Factory->getEngineFromPath()
#12 /home/mhash/Documents/Projects/agilizaimoveis.com/vendor/laravel/framework/src/Illuminate/View/Factory.php(146): Illuminate\\View\\Factory->viewInstance()
#13 /home/mhash/Documents/Projects/agilizaimoveis.com/vendor/laravel/framework/src/Illuminate/Routing/ResponseFactory.php(87): Illuminate\\View\\Factory->make()
#14 /home/mhash/Documents/Projects/agilizaimoveis.com/vendor/laravel/framework/src/Illuminate/Foundation/Exceptions/Handler.php(626): Illuminate\\Routing\\ResponseFactory->view()
#15 /home/mhash/Documents/Projects/agilizaimoveis.com/vendor/laravel/framework/src/Illuminate/Foundation/Exceptions/Handler.php(554): Illuminate\\Foundation\\Exceptions\\Handler->renderHttpException()
#16 /home/mhash/Documents/Projects/agilizaimoveis.com/vendor/laravel/framework/src/Illuminate/Foundation/Exceptions/Handler.php(460): Illuminate\\Foundation\\Exceptions\\Handler->prepareResponse()
#17 /home/mhash/Documents/Projects/agilizaimoveis.com/vendor/laravel/framework/src/Illuminate/Foundation/Exceptions/Handler.php(377): Illuminate\\Foundation\\Exceptions\\Handler->renderExceptionResponse()
#18 /home/mhash/Documents/Projects/agilizaimoveis.com/vendor/laravel/framework/src/Illuminate/Routing/Pipeline.php(51): Illuminate\\Foundation\\Exceptions\\Handler->render()
#19 /home/mhash/Documents/Projects/agilizaimoveis.com/vendor/laravel/framework/src/Illuminate/Pipeline/Pipeline.php(143): Illuminate\\Routing\\Pipeline->handleException()
#20 /home/mhash/Documents/Projects/agilizaimoveis.com/vendor/laravel/framework/src/Illuminate/Routing/Middleware/SubstituteBindings.php(50): Illuminate\\Pipeline\\Pipeline->{closure:Illuminate\\Pipeline\\Pipeline::prepareDestination():139}()
#21 /home/mhash/Documents/Projects/agilizaimoveis.com/vendor/laravel/framework/src/Illuminate/Pipeline/Pipeline.php(180): Illuminate\\Routing\\Middleware\\SubstituteBindings->handle()
#22 /home/mhash/Documents/Projects/agilizaimoveis.com/vendor/laravel/framework/src/Illuminate/Foundation/Http/Middleware/VerifyCsrfToken.php(78): Illuminate\\Pipeline\\Pipeline->{closure:{closure:Illuminate\\Pipeline\\Pipeline::carry():155}:156}()
#23 /home/mhash/Documents/Projects/agilizaimoveis.com/vendor/laravel/framework/src/Illuminate/Pipeline/Pipeline.php(180): Illuminate\\Foundation\\Http\\Middleware\\VerifyCsrfToken->handle()
#24 /home/mhash/Documents/Projects/agilizaimoveis.com/vendor/laravel/framework/src/Illuminate/View/Middleware/ShareErrorsFromSession.php(49): Illuminate\\Pipeline\\Pipeline->{closure:{closure:Illuminate\\Pipeline\\Pipeline::carry():155}:156}()
#25 /home/mhash/Documents/Projects/agilizaimoveis.com/vendor/laravel/framework/src/Illuminate/Pipeline/Pipeline.php(180): Illuminate\\View\\Middleware\\ShareErrorsFromSession->handle()
#26 /home/mhash/Documents/Projects/agilizaimoveis.com/vendor/laravel/framework/src/Illuminate/Session/Middleware/StartSession.php(121): Illuminate\\Pipeline\\Pipeline->{closure:{closure:Illuminate\\Pipeline\\Pipeline::carry():155}:156}()
#27 /home/mhash/Documents/Projects/agilizaimoveis.com/vendor/laravel/framework/src/Illuminate/Session/Middleware/StartSession.php(64): Illuminate\\Session\\Middleware\\StartSession->handleStatefulRequest()
#28 /home/mhash/Documents/Projects/agilizaimoveis.com/vendor/laravel/framework/src/Illuminate/Pipeline/Pipeline.php(180): Illuminate\\Session\\Middleware\\StartSession->handle()
#29 /home/mhash/Documents/Projects/agilizaimoveis.com/vendor/laravel/framework/src/Illuminate/Cookie/Middleware/AddQueuedCookiesToResponse.php(37): Illuminate\\Pipeline\\Pipeline->{closure:{closure:Illuminate\\Pipeline\\Pipeline::carry():155}:156}()
#30 /home/mhash/Documents/Projects/agilizaimoveis.com/vendor/laravel/framework/src/Illuminate/Pipeline/Pipeline.php(180): Illuminate\\Cookie\\Middleware\\AddQueuedCookiesToResponse->handle()
#31 /home/mhash/Documents/Projects/agilizaimoveis.com/vendor/laravel/framework/src/Illuminate/Cookie/Middleware/EncryptCookies.php(67): Illuminate\\Pipeline\\Pipeline->{closure:{closure:Illuminate\\Pipeline\\Pipeline::carry():155}:156}()
#32 /home/mhash/Documents/Projects/agilizaimoveis.com/vendor/laravel/framework/src/Illuminate/Pipeline/Pipeline.php(180): Illuminate\\Cookie\\Middleware\\EncryptCookies->handle()
#33 /home/mhash/Documents/Projects/agilizaimoveis.com/vendor/laravel/framework/src/Illuminate/Pipeline/Pipeline.php(116): Illuminate\\Pipeline\\Pipeline->{closure:{closure:Illuminate\\Pipeline\\Pipeline::carry():155}:156}()
#34 /home/mhash/Documents/Projects/agilizaimoveis.com/vendor/laravel/framework/src/Illuminate/Routing/Router.php(797): Illuminate\\Pipeline\\Pipeline->then()
#35 /home/mhash/Documents/Projects/agilizaimoveis.com/vendor/laravel/framework/src/Illuminate/Routing/Router.php(776): Illuminate\\Routing\\Router->runRouteWithinStack()
#36 /home/mhash/Documents/Projects/agilizaimoveis.com/vendor/laravel/framework/src/Illuminate/Routing/Router.php(740): Illuminate\\Routing\\Router->runRoute()
#37 /home/mhash/Documents/Projects/agilizaimoveis.com/vendor/laravel/framework/src/Illuminate/Routing/Router.php(729): Illuminate\\Routing\\Router->dispatchToRoute()
#38 /home/mhash/Documents/Projects/agilizaimoveis.com/vendor/laravel/framework/src/Illuminate/Foundation/Http/Kernel.php(190): Illuminate\\Routing\\Router->dispatch()
#39 /home/mhash/Documents/Projects/agilizaimoveis.com/vendor/laravel/framework/src/Illuminate/Pipeline/Pipeline.php(141): Illuminate\\Foundation\\Http\\Kernel->{closure:Illuminate\\Foundation\\Http\\Kernel::dispatchToRouter():187}()
#40 /home/mhash/Documents/Projects/agilizaimoveis.com/vendor/laravel/framework/src/Illuminate/Foundation/Http/Middleware/TransformsRequest.php(21): Illuminate\\Pipeline\\Pipeline->{closure:Illuminate\\Pipeline\\Pipeline::prepareDestination():139}()
#41 /home/mhash/Documents/Projects/agilizaimoveis.com/vendor/laravel/framework/src/Illuminate/Foundation/Http/Middleware/ConvertEmptyStringsToNull.php(31): Illuminate\\Foundation\\Http\\Middleware\\TransformsRequest->handle()
#42 /home/mhash/Documents/Projects/agilizaimoveis.com/vendor/laravel/framework/src/Illuminate/Pipeline/Pipeline.php(180): Illuminate\\Foundation\\Http\\Middleware\\ConvertEmptyStringsToNull->handle()
#43 /home/mhash/Documents/Projects/agilizaimoveis.com/vendor/laravel/framework/src/Illuminate/Foundation/Http/Middleware/TransformsRequest.php(21): Illuminate\\Pipeline\\Pipeline->{closure:{closure:Illuminate\\Pipeline\\Pipeline::carry():155}:156}()
#44 /home/mhash/Documents/Projects/agilizaimoveis.com/vendor/laravel/framework/src/Illuminate/Foundation/Http/Middleware/TrimStrings.php(40): Illuminate\\Foundation\\Http\\Middleware\\TransformsRequest->handle()
#45 /home/mhash/Documents/Projects/agilizaimoveis.com/vendor/laravel/framework/src/Illuminate/Pipeline/Pipeline.php(180): Illuminate\\Foundation\\Http\\Middleware\\TrimStrings->handle()
#46 /home/mhash/Documents/Projects/agilizaimoveis.com/vendor/laravel/framework/src/Illuminate/Foundation/Http/Middleware/ValidatePostSize.php(27): Illuminate\\Pipeline\\Pipeline->{closure:{closure:Illuminate\\Pipeline\\Pipeline::carry():155}:156}()
#47 /home/mhash/Documents/Projects/agilizaimoveis.com/vendor/laravel/framework/src/Illuminate/Pipeline/Pipeline.php(180): Illuminate\\Foundation\\Http\\Middleware\\ValidatePostSize->handle()
#48 /home/mhash/Documents/Projects/agilizaimoveis.com/vendor/laravel/framework/src/Illuminate/Foundation/Http/Middleware/PreventRequestsDuringMaintenance.php(86): Illuminate\\Pipeline\\Pipeline->{closure:{closure:Illuminate\\Pipeline\\Pipeline::carry():155}:156}()
#49 /home/mhash/Documents/Projects/agilizaimoveis.com/vendor/laravel/framework/src/Illuminate/Pipeline/Pipeline.php(180): Illuminate\\Foundation\\Http\\Middleware\\PreventRequestsDuringMaintenance->handle()
#50 /home/mhash/Documents/Projects/agilizaimoveis.com/vendor/laravel/framework/src/Illuminate/Http/Middleware/HandleCors.php(49): Illuminate\\Pipeline\\Pipeline->{closure:{closure:Illuminate\\Pipeline\\Pipeline::carry():155}:156}()
#51 /home/mhash/Documents/Projects/agilizaimoveis.com/vendor/laravel/framework/src/Illuminate/Pipeline/Pipeline.php(180): Illuminate\\Http\\Middleware\\HandleCors->handle()
#52 /home/mhash/Documents/Projects/agilizaimoveis.com/vendor/laravel/framework/src/Illuminate/Http/Middleware/TrustProxies.php(39): Illuminate\\Pipeline\\Pipeline->{closure:{closure:Illuminate\\Pipeline\\Pipeline::carry():155}:156}()
#53 /home/mhash/Documents/Projects/agilizaimoveis.com/vendor/laravel/framework/src/Illuminate/Pipeline/Pipeline.php(180): Illuminate\\Http\\Middleware\\TrustProxies->handle()
#54 /home/mhash/Documents/Projects/agilizaimoveis.com/vendor/laravel/framework/src/Illuminate/Pipeline/Pipeline.php(116): Illuminate\\Pipeline\\Pipeline->{closure:{closure:Illuminate\\Pipeline\\Pipeline::carry():155}:156}()
#55 /home/mhash/Documents/Projects/agilizaimoveis.com/vendor/laravel/framework/src/Illuminate/Foundation/Http/Kernel.php(165): Illuminate\\Pipeline\\Pipeline->then()
#56 /home/mhash/Documents/Projects/agilizaimoveis.com/vendor/laravel/framework/src/Illuminate/Foundation/Http/Kernel.php(134): Illuminate\\Foundation\\Http\\Kernel->sendRequestThroughRouter()
#57 /home/mhash/Documents/Projects/agilizaimoveis.com/public/index.php(51): Illuminate\\Foundation\\Http\\Kernel->handle()
#58 /home/mhash/Documents/Projects/agilizaimoveis.com/vendor/laravel/framework/src/Illuminate/Foundation/resources/server.php(16): require_once('...')
#59 {main}
"} 
[2025-11-03 20:04:22] local.ERROR: Please provide a valid cache path. {"exception":"[object] (InvalidArgumentException(code: 0): Please provide a valid cache path. at /home/mhash/Documents/Projects/agilizaimoveis.com/vendor/laravel/framework/src/Illuminate/View/Compilers/Compiler.php:66)
[stacktrace]
#0 /home/mhash/Documents/Projects/agilizaimoveis.com/vendor/laravel/framework/src/Illuminate/View/ViewServiceProvider.php(96): Illuminate\\View\\Compilers\\Compiler->__construct()
#1 /home/mhash/Documents/Projects/agilizaimoveis.com/vendor/laravel/framework/src/Illuminate/Container/Container.php(885): Illuminate\\View\\ViewServiceProvider->{closure:Illuminate\\View\\ViewServiceProvider::registerBladeCompiler():95}()
#2 /home/mhash/Documents/Projects/agilizaimoveis.com/vendor/laravel/framework/src/Illuminate/Container/Container.php(770): Illuminate\\Container\\Container->build()
#3 /home/mhash/Documents/Projects/agilizaimoveis.com/vendor/laravel/framework/src/Illuminate/Foundation/Application.php(881): Illuminate\\Container\\Container->resolve()
#4 /home/mhash/Documents/Projects/agilizaimoveis.com/vendor/laravel/framework/src/Illuminate/Container/Container.php(706): Illuminate\\Foundation\\Application->resolve()
#5 /home/mhash/Documents/Projects/agilizaimoveis.com/vendor/laravel/framework/src/Illuminate/Foundation/Application.php(866): Illuminate\\Container\\Container->make()
#6 /home/mhash/Documents/Projects/agilizaimoveis.com/vendor/laravel/framework/src/Illuminate/Container/Container.php(1431): Illuminate\\Foundation\\Application->make()
#7 /home/mhash/Documents/Projects/agilizaimoveis.com/vendor/laravel/framework/src/Illuminate/View/ViewServiceProvider.php(164): Illuminate\\Container\\Container->offsetGet()
#8 [internal function]: Illuminate\\View\\ViewServiceProvider->{closure:Illuminate\\View\\ViewServiceProvider::registerBladeEngine():163}()
#9 /home/mhash/Documents/Projects/agilizaimoveis.com/vendor/laravel/framework/src/Illuminate/View/Engines/EngineResolver.php(55): call_user_func()
#10 /home/mhash/Documents/Projects/agilizaimoveis.com/vendor/laravel/framework/src/Illuminate/View/Factory.php(310): Illuminate\\View\\Engines\\EngineResolver->resolve()
#11 /home/mhash/Documents/Projects/agilizaimoveis.com/vendor/laravel/framework/src/Illuminate/View/Factory.php(274): Illuminate\\View\\Factory->getEngineFromPath()
#12 /home/mhash/Documents/Projects/agilizaimoveis.com/vendor/laravel/framework/src/Illuminate/View/Factory.php(146): Illuminate\\View\\Factory->viewInstance()
#13 /home/mhash/Documents/Projects/agilizaimoveis.com/vendor/laravel/framework/src/Illuminate/Routing/ResponseFactory.php(87): Illuminate\\View\\Factory->make()
#14 /home/mhash/Documents/Projects/agilizaimoveis.com/vendor/laravel/framework/src/Illuminate/Foundation/Exceptions/Handler.php(626): Illuminate\\Routing\\ResponseFactory->view()
#15 /home/mhash/Documents/Projects/agilizaimoveis.com/vendor/laravel/framework/src/Illuminate/Foundation/Exceptions/Handler.php(554): Illuminate\\Foundation\\Exceptions\\Handler->renderHttpException()
#16 /home/mhash/Documents/Projects/agilizaimoveis.com/vendor/laravel/framework/src/Illuminate/Foundation/Exceptions/Handler.php(460): Illuminate\\Foundation\\Exceptions\\Handler->prepareResponse()
#17 /home/mhash/Documents/Projects/agilizaimoveis.com/vendor/laravel/framework/src/Illuminate/Foundation/Exceptions/Handler.php(377): Illuminate\\Foundation\\Exceptions\\Handler->renderExceptionResponse()
#18 /home/mhash/Documents/Projects/agilizaimoveis.com/vendor/laravel/framework/src/Illuminate/Routing/Pipeline.php(51): Illuminate\\Foundation\\Exceptions\\Handler->render()
#19 /home/mhash/Documents/Projects/agilizaimoveis.com/vendor/laravel/framework/src/Illuminate/Pipeline/Pipeline.php(185): Illuminate\\Routing\\Pipeline->handleException()
#20 /home/mhash/Documents/Projects/agilizaimoveis.com/vendor/laravel/framework/src/Illuminate/Foundation/Http/Middleware/VerifyCsrfToken.php(78): Illuminate\\Pipeline\\Pipeline->{closure:{closure:Illuminate\\Pipeline\\Pipeline::carry():155}:156}()
#21 /home/mhash/Documents/Projects/agilizaimoveis.com/vendor/laravel/framework/src/Illuminate/Pipeline/Pipeline.php(180): Illuminate\\Foundation\\Http\\Middleware\\VerifyCsrfToken->handle()
#22 /home/mhash/Documents/Projects/agilizaimoveis.com/vendor/laravel/framework/src/Illuminate/View/Middleware/ShareErrorsFromSession.php(49): Illuminate\\Pipeline\\Pipeline->{closure:{closure:Illuminate\\Pipeline\\Pipeline::carry():155}:156}()
#23 /home/mhash/Documents/Projects/agilizaimoveis.com/vendor/laravel/framework/src/Illuminate/Pipeline/Pipeline.php(180): Illuminate\\View\\Middleware\\ShareErrorsFromSession->handle()
#24 /home/mhash/Documents/Projects/agilizaimoveis.com/vendor/laravel/framework/src/Illuminate/Session/Middleware/StartSession.php(121): Illuminate\\Pipeline\\Pipeline->{closure:{closure:Illuminate\\Pipeline\\Pipeline::carry():155}:156}()
#25 /home/mhash/Documents/Projects/agilizaimoveis.com/vendor/laravel/framework/src/Illuminate/Session/Middleware/StartSession.php(64): Illuminate\\Session\\Middleware\\StartSession->handleStatefulRequest()
#26 /home/mhash/Documents/Projects/agilizaimoveis.com/vendor/laravel/framework/src/Illuminate/Pipeline/Pipeline.php(180): Illuminate\\Session\\Middleware\\StartSession->handle()
#27 /home/mhash/Documents/Projects/agilizaimoveis.com/vendor/laravel/framework/src/Illuminate/Cookie/Middleware/AddQueuedCookiesToResponse.php(37): Illuminate\\Pipeline\\Pipeline->{closure:{closure:Illuminate\\Pipeline\\Pipeline::carry():155}:156}()
#28 /home/mhash/Documents/Projects/agilizaimoveis.com/vendor/laravel/framework/src/Illuminate/Pipeline/Pipeline.php(180): Illuminate\\Cookie\\Middleware\\AddQueuedCookiesToResponse->handle()
#29 /home/mhash/Documents/Projects/agilizaimoveis.com/vendor/laravel/framework/src/Illuminate/Cookie/Middleware/EncryptCookies.php(67): Illuminate\\Pipeline\\Pipeline->{closure:{closure:Illuminate\\Pipeline\\Pipeline::carry():155}:156}()
#30 /home/mhash/Documents/Projects/agilizaimoveis.com/vendor/laravel/framework/src/Illuminate/Pipeline/Pipeline.php(180): Illuminate\\Cookie\\Middleware\\EncryptCookies->handle()
#31 /home/mhash/Documents/Projects/agilizaimoveis.com/vendor/laravel/framework/src/Illuminate/Pipeline/Pipeline.php(116): Illuminate\\Pipeline\\Pipeline->{closure:{closure:Illuminate\\Pipeline\\Pipeline::carry():155}:156}()
#32 /home/mhash/Documents/Projects/agilizaimoveis.com/vendor/laravel/framework/src/Illuminate/Routing/Router.php(797): Illuminate\\Pipeline\\Pipeline->then()
#33 /home/mhash/Documents/Projects/agilizaimoveis.com/vendor/laravel/framework/src/Illuminate/Routing/Router.php(776): Illuminate\\Routing\\Router->runRouteWithinStack()
#34 /home/mhash/Documents/Projects/agilizaimoveis.com/vendor/laravel/framework/src/Illuminate/Routing/Router.php(740): Illuminate\\Routing\\Router->runRoute()
#35 /home/mhash/Documents/Projects/agilizaimoveis.com/vendor/laravel/framework/src/Illuminate/Routing/Router.php(729): Illuminate\\Routing\\Router->dispatchToRoute()
#36 /home/mhash/Documents/Projects/agilizaimoveis.com/vendor/laravel/framework/src/Illuminate/Foundation/Http/Kernel.php(190): Illuminate\\Routing\\Router->dispatch()
#37 /home/mhash/Documents/Projects/agilizaimoveis.com/vendor/laravel/framework/src/Illuminate/Pipeline/Pipeline.php(141): Illuminate\\Foundation\\Http\\Kernel->{closure:Illuminate\\Foundation\\Http\\Kernel::dispatchToRouter():187}()
#38 /home/mhash/Documents/Projects/agilizaimoveis.com/vendor/laravel/framework/src/Illuminate/Foundation/Http/Middleware/TransformsRequest.php(21): Illuminate\\Pipeline\\Pipeline->{closure:Illuminate\\Pipeline\\Pipeline::prepareDestination():139}()
#39 /home/mhash/Documents/Projects/agilizaimoveis.com/vendor/laravel/framework/src/Illuminate/Foundation/Http/Middleware/ConvertEmptyStringsToNull.php(31): Illuminate\\Foundation\\Http\\Middleware\\TransformsRequest->handle()
#40 /home/mhash/Documents/Projects/agilizaimoveis.com/vendor/laravel/framework/src/Illuminate/Pipeline/Pipeline.php(180): Illuminate\\Foundation\\Http\\Middleware\\ConvertEmptyStringsToNull->handle()
#41 /home/mhash/Documents/Projects/agilizaimoveis.com/vendor/laravel/framework/src/Illuminate/Foundation/Http/Middleware/TransformsRequest.php(21): Illuminate\\Pipeline\\Pipeline->{closure:{closure:Illuminate\\Pipeline\\Pipeline::carry():155}:156}()
#42 /home/mhash/Documents/Projects/agilizaimoveis.com/vendor/laravel/framework/src/Illuminate/Foundation/Http/Middleware/TrimStrings.php(40): Illuminate\\Foundation\\Http\\Middleware\\TransformsRequest->handle()
#43 /home/mhash/Documents/Projects/agilizaimoveis.com/vendor/laravel/framework/src/Illuminate/Pipeline/Pipeline.php(180): Illuminate\\Foundation\\Http\\Middleware\\TrimStrings->handle()
#44 /home/mhash/Documents/Projects/agilizaimoveis.com/vendor/laravel/framework/src/Illuminate/Foundation/Http/Middleware/ValidatePostSize.php(27): Illuminate\\Pipeline\\Pipeline->{closure:{closure:Illuminate\\Pipeline\\Pipeline::carry():155}:156}()
#45 /home/mhash/Documents/Projects/agilizaimoveis.com/vendor/laravel/framework/src/Illuminate/Pipeline/Pipeline.php(180): Illuminate\\Foundation\\Http\\Middleware\\ValidatePostSize->handle()
#46 /home/mhash/Documents/Projects/agilizaimoveis.com/vendor/laravel/framework/src/Illuminate/Foundation/Http/Middleware/PreventRequestsDuringMaintenance.php(86): Illuminate\\Pipeline\\Pipeline->{closure:{closure:Illuminate\\Pipeline\\Pipeline::carry():155}:156}()
#47 /home/mhash/Documents/Projects/agilizaimoveis.com/vendor/laravel/framework/src/Illuminate/Pipeline/Pipeline.php(180): Illuminate\\Foundation\\Http\\Middleware\\PreventRequestsDuringMaintenance->handle()
#48 /home/mhash/Documents/Projects/agilizaimoveis.com/vendor/laravel/framework/src/Illuminate/Http/Middleware/HandleCors.php(49): Illuminate\\Pipeline\\Pipeline->{closure:{closure:Illuminate\\Pipeline\\Pipeline::carry():155}:156}()
#49 /home/mhash/Documents/Projects/agilizaimoveis.com/vendor/laravel/framework/src/Illuminate/Pipeline/Pipeline.php(180): Illuminate\\Http\\Middleware\\HandleCors->handle()
#50 /home/mhash/Documents/Projects/agilizaimoveis.com/vendor/laravel/framework/src/Illuminate/Http/Middleware/TrustProxies.php(39): Illuminate\\Pipeline\\Pipeline->{closure:{closure:Illuminate\\Pipeline\\Pipeline::carry():155}:156}()
#51 /home/mhash/Documents/Projects/agilizaimoveis.com/vendor/laravel/framework/src/Illuminate/Pipeline/Pipeline.php(180): Illuminate\\Http\\Middleware\\TrustProxies->handle()
#52 /home/mhash/Documents/Projects/agilizaimoveis.com/vendor/laravel/framework/src/Illuminate/Pipeline/Pipeline.php(116): Illuminate\\Pipeline\\Pipeline->{closure:{closure:Illuminate\\Pipeline\\Pipeline::carry():155}:156}()
#53 /home/mhash/Documents/Projects/agilizaimoveis.com/vendor/laravel/framework/src/Illuminate/Foundation/Http/Kernel.php(165): Illuminate\\Pipeline\\Pipeline->then()
#54 /home/mhash/Documents/Projects/agilizaimoveis.com/vendor/laravel/framework/src/Illuminate/Foundation/Http/Kernel.php(134): Illuminate\\Foundation\\Http\\Kernel->sendRequestThroughRouter()
#55 /home/mhash/Documents/Projects/agilizaimoveis.com/public/index.php(51): Illuminate\\Foundation\\Http\\Kernel->handle()
#56 /home/mhash/Documents/Projects/agilizaimoveis.com/vendor/laravel/framework/src/Illuminate/Foundation/resources/server.php(16): require_once('...')
#57 {main}
"} 
[2025-11-03 20:04:22] local.ERROR: Please provide a valid cache path. {"exception":"[object] (InvalidArgumentException(code: 0): Please provide a valid cache path. at /home/mhash/Documents/Projects/agilizaimoveis.com/vendor/laravel/framework/src/Illuminate/View/Compilers/Compiler.php:66)
[stacktrace]
#0 /home/mhash/Documents/Projects/agilizaimoveis.com/vendor/laravel/framework/src/Illuminate/View/ViewServiceProvider.php(96): Illuminate\\View\\Compilers\\Compiler->__construct()
#1 /home/mhash/Documents/Projects/agilizaimoveis.com/vendor/laravel/framework/src/Illuminate/Container/Container.php(885): Illuminate\\View\\ViewServiceProvider->{closure:Illuminate\\View\\ViewServiceProvider::registerBladeCompiler():95}()
#2 /home/mhash/Documents/Projects/agilizaimoveis.com/vendor/laravel/framework/src/Illuminate/Container/Container.php(770): Illuminate\\Container\\Container->build()
#3 /home/mhash/Documents/Projects/agilizaimoveis.com/vendor/laravel/framework/src/Illuminate/Foundation/Application.php(881): Illuminate\\Container\\Container->resolve()
#4 /home/mhash/Documents/Projects/agilizaimoveis.com/vendor/laravel/framework/src/Illuminate/Container/Container.php(706): Illuminate\\Foundation\\Application->resolve()
#5 /home/mhash/Documents/Projects/agilizaimoveis.com/vendor/laravel/framework/src/Illuminate/Foundation/Application.php(866): Illuminate\\Container\\Container->make()
#6 /home/mhash/Documents/Projects/agilizaimoveis.com/vendor/laravel/framework/src/Illuminate/Container/Container.php(1431): Illuminate\\Foundation\\Application->make()
#7 /home/mhash/Documents/Projects/agilizaimoveis.com/vendor/laravel/framework/src/Illuminate/View/ViewServiceProvider.php(164): Illuminate\\Container\\Container->offsetGet()
#8 [internal function]: Illuminate\\View\\ViewServiceProvider->{closure:Illuminate\\View\\ViewServiceProvider::registerBladeEngine():163}()
#9 /home/mhash/Documents/Projects/agilizaimoveis.com/vendor/laravel/framework/src/Illuminate/View/Engines/EngineResolver.php(55): call_user_func()
#10 /home/mhash/Documents/Projects/agilizaimoveis.com/vendor/laravel/framework/src/Illuminate/View/Factory.php(310): Illuminate\\View\\Engines\\EngineResolver->resolve()
#11 /home/mhash/Documents/Projects/agilizaimoveis.com/vendor/laravel/framework/src/Illuminate/View/Factory.php(274): Illuminate\\View\\Factory->getEngineFromPath()
#12 /home/mhash/Documents/Projects/agilizaimoveis.com/vendor/laravel/framework/src/Illuminate/View/Factory.php(146): Illuminate\\View\\Factory->viewInstance()
#13 /home/mhash/Documents/Projects/agilizaimoveis.com/vendor/laravel/framework/src/Illuminate/Routing/ResponseFactory.php(87): Illuminate\\View\\Factory->make()
#14 /home/mhash/Documents/Projects/agilizaimoveis.com/vendor/laravel/framework/src/Illuminate/Foundation/Exceptions/Handler.php(626): Illuminate\\Routing\\ResponseFactory->view()
#15 /home/mhash/Documents/Projects/agilizaimoveis.com/vendor/laravel/framework/src/Illuminate/Foundation/Exceptions/Handler.php(554): Illuminate\\Foundation\\Exceptions\\Handler->renderHttpException()
#16 /home/mhash/Documents/Projects/agilizaimoveis.com/vendor/laravel/framework/src/Illuminate/Foundation/Exceptions/Handler.php(460): Illuminate\\Foundation\\Exceptions\\Handler->prepareResponse()
#17 /home/mhash/Documents/Projects/agilizaimoveis.com/vendor/laravel/framework/src/Illuminate/Foundation/Exceptions/Handler.php(377): Illuminate\\Foundation\\Exceptions\\Handler->renderExceptionResponse()
#18 /home/mhash/Documents/Projects/agilizaimoveis.com/vendor/laravel/framework/src/Illuminate/Routing/Pipeline.php(51): Illuminate\\Foundation\\Exceptions\\Handler->render()
#19 /home/mhash/Documents/Projects/agilizaimoveis.com/vendor/laravel/framework/src/Illuminate/Pipeline/Pipeline.php(185): Illuminate\\Routing\\Pipeline->handleException()
#20 /home/mhash/Documents/Projects/agilizaimoveis.com/vendor/laravel/framework/src/Illuminate/View/Middleware/ShareErrorsFromSession.php(49): Illuminate\\Pipeline\\Pipeline->{closure:{closure:Illuminate\\Pipeline\\Pipeline::carry():155}:156}()
#21 /home/mhash/Documents/Projects/agilizaimoveis.com/vendor/laravel/framework/src/Illuminate/Pipeline/Pipeline.php(180): Illuminate\\View\\Middleware\\ShareErrorsFromSession->handle()
#22 /home/mhash/Documents/Projects/agilizaimoveis.com/vendor/laravel/framework/src/Illuminate/Session/Middleware/StartSession.php(121): Illuminate\\Pipeline\\Pipeline->{closure:{closure:Illuminate\\Pipeline\\Pipeline::carry():155}:156}()
#23 /home/mhash/Documents/Projects/agilizaimoveis.com/vendor/laravel/framework/src/Illuminate/Session/Middleware/StartSession.php(64): Illuminate\\Session\\Middleware\\StartSession->handleStatefulRequest()
#24 /home/mhash/Documents/Projects/agilizaimoveis.com/vendor/laravel/framework/src/Illuminate/Pipeline/Pipeline.php(180): Illuminate\\Session\\Middleware\\StartSession->handle()
#25 /home/mhash/Documents/Projects/agilizaimoveis.com/vendor/laravel/framework/src/Illuminate/Cookie/Middleware/AddQueuedCookiesToResponse.php(37): Illuminate\\Pipeline\\Pipeline->{closure:{closure:Illuminate\\Pipeline\\Pipeline::carry():155}:156}()
#26 /home/mhash/Documents/Projects/agilizaimoveis.com/vendor/laravel/framework/src/Illuminate/Pipeline/Pipeline.php(180): Illuminate\\Cookie\\Middleware\\AddQueuedCookiesToResponse->handle()
#27 /home/mhash/Documents/Projects/agilizaimoveis.com/vendor/laravel/framework/src/Illuminate/Cookie/Middleware/EncryptCookies.php(67): Illuminate\\Pipeline\\Pipeline->{closure:{closure:Illuminate\\Pipeline\\Pipeline::carry():155}:156}()
#28 /home/mhash/Documents/Projects/agilizaimoveis.com/vendor/laravel/framework/src/Illuminate/Pipeline/Pipeline.php(180): Illuminate\\Cookie\\Middleware\\EncryptCookies->handle()
#29 /home/mhash/Documents/Projects/agilizaimoveis.com/vendor/laravel/framework/src/Illuminate/Pipeline/Pipeline.php(116): Illuminate\\Pipeline\\Pipeline->{closure:{closure:Illuminate\\Pipeline\\Pipeline::carry():155}:156}()
#30 /home/mhash/Documents/Projects/agilizaimoveis.com/vendor/laravel/framework/src/Illuminate/Routing/Router.php(797): Illuminate\\Pipeline\\Pipeline->then()
#31 /home/mhash/Documents/Projects/agilizaimoveis.com/vendor/laravel/framework/src/Illuminate/Routing/Router.php(776): Illuminate\\Routing\\Router->runRouteWithinStack()
#32 /home/mhash/Documents/Projects/agilizaimoveis.com/vendor/laravel/framework/src/Illuminate/Routing/Router.php(740): Illuminate\\Routing\\Router->runRoute()
#33 /home/mhash/Documents/Projects/agilizaimoveis.com/vendor/laravel/framework/src/Illuminate/Routing/Router.php(729): Illuminate\\Routing\\Router->dispatchToRoute()
#34 /home/mhash/Documents/Projects/agilizaimoveis.com/vendor/laravel/framework/src/Illuminate/Foundation/Http/Kernel.php(190): Illuminate\\Routing\\Router->dispatch()
#35 /home/mhash/Documents/Projects/agilizaimoveis.com/vendor/laravel/framework/src/Illuminate/Pipeline/Pipeline.php(141): Illuminate\\Foundation\\Http\\Kernel->{closure:Illuminate\\Foundation\\Http\\Kernel::dispatchToRouter():187}()
#36 /home/mhash/Documents/Projects/agilizaimoveis.com/vendor/laravel/framework/src/Illuminate/Foundation/Http/Middleware/TransformsRequest.php(21): Illuminate\\Pipeline\\Pipeline->{closure:Illuminate\\Pipeline\\Pipeline::prepareDestination():139}()
#37 /home/mhash/Documents/Projects/agilizaimoveis.com/vendor/laravel/framework/src/Illuminate/Foundation/Http/Middleware/ConvertEmptyStringsToNull.php(31): Illuminate\\Foundation\\Http\\Middleware\\TransformsRequest->handle()
#38 /home/mhash/Documents/Projects/agilizaimoveis.com/vendor/laravel/framework/src/Illuminate/Pipeline/Pipeline.php(180): Illuminate\\Foundation\\Http\\Middleware\\ConvertEmptyStringsToNull->handle()
#39 /home/mhash/Documents/Projects/agilizaimoveis.com/vendor/laravel/framework/src/Illuminate/Foundation/Http/Middleware/TransformsRequest.php(21): Illuminate\\Pipeline\\Pipeline->{closure:{closure:Illuminate\\Pipeline\\Pipeline::carry():155}:156}()
#40 /home/mhash/Documents/Projects/agilizaimoveis.com/vendor/laravel/framework/src/Illuminate/Foundation/Http/Middleware/TrimStrings.php(40): Illuminate\\Foundation\\Http\\Middleware\\TransformsRequest->handle()
#41 /home/mhash/Documents/Projects/agilizaimoveis.com/vendor/laravel/framework/src/Illuminate/Pipeline/Pipeline.php(180): Illuminate\\Foundation\\Http\\Middleware\\TrimStrings->handle()
#42 /home/mhash/Documents/Projects/agilizaimoveis.com/vendor/laravel/framework/src/Illuminate/Foundation/Http/Middleware/ValidatePostSize.php(27): Illuminate\\Pipeline\\Pipeline->{closure:{closure:Illuminate\\Pipeline\\Pipeline::carry():155}:156}()
#43 /home/mhash/Documents/Projects/agilizaimoveis.com/vendor/laravel/framework/src/Illuminate/Pipeline/Pipeline.php(180): Illuminate\\Foundation\\Http\\Middleware\\ValidatePostSize->handle()
#44 /home/mhash/Documents/Projects/agilizaimoveis.com/vendor/laravel/framework/src/Illuminate/Foundation/Http/Middleware/PreventRequestsDuringMaintenance.php(86): Illuminate\\Pipeline\\Pipeline->{closure:{closure:Illuminate\\Pipeline\\Pipeline::carry():155}:156}()
#45 /home/mhash/Documents/Projects/agilizaimoveis.com/vendor/laravel/framework/src/Illuminate/Pipeline/Pipeline.php(180): Illuminate\\Foundation\\Http\\Middleware\\PreventRequestsDuringMaintenance->handle()
#46 /home/mhash/Documents/Projects/agilizaimoveis.com/vendor/laravel/framework/src/Illuminate/Http/Middleware/HandleCors.php(49): Illuminate\\Pipeline\\Pipeline->{closure:{closure:Illuminate\\Pipeline\\Pipeline::carry():155}:156}()
#47 /home/mhash/Documents/Projects/agilizaimoveis.com/vendor/laravel/framework/src/Illuminate/Pipeline/Pipeline.php(180): Illuminate\\Http\\Middleware\\HandleCors->handle()
#48 /home/mhash/Documents/Projects/agilizaimoveis.com/vendor/laravel/framework/src/Illuminate/Http/Middleware/TrustProxies.php(39): Illuminate\\Pipeline\\Pipeline->{closure:{closure:Illuminate\\Pipeline\\Pipeline::carry():155}:156}()
#49 /home/mhash/Documents/Projects/agilizaimoveis.com/vendor/laravel/framework/src/Illuminate/Pipeline/Pipeline.php(180): Illuminate\\Http\\Middleware\\TrustProxies->handle()
#50 /home/mhash/Documents/Projects/agilizaimoveis.com/vendor/laravel/framework/src/Illuminate/Pipeline/Pipeline.php(116): Illuminate\\Pipeline\\Pipeline->{closure:{closure:Illuminate\\Pipeline\\Pipeline::carry():155}:156}()
#51 /home/mhash/Documents/Projects/agilizaimoveis.com/vendor/laravel/framework/src/Illuminate/Foundation/Http/Kernel.php(165): Illuminate\\Pipeline\\Pipeline->then()
#52 /home/mhash/Documents/Projects/agilizaimoveis.com/vendor/laravel/framework/src/Illuminate/Foundation/Http/Kernel.php(134): Illuminate\\Foundation\\Http\\Kernel->sendRequestThroughRouter()
#53 /home/mhash/Documents/Projects/agilizaimoveis.com/public/index.php(51): Illuminate\\Foundation\\Http\\Kernel->handle()
#54 /home/mhash/Documents/Projects/agilizaimoveis.com/vendor/laravel/framework/src/Illuminate/Foundation/resources/server.php(16): require_once('...')
#55 {main}
"} 
[2025-11-03 20:04:22] local.ERROR: Please provide a valid cache path. {"exception":"[object] (InvalidArgumentException(code: 0): Please provide a valid cache path. at /home/mhash/Documents/Projects/agilizaimoveis.com/vendor/laravel/framework/src/Illuminate/View/Compilers/Compiler.php:66)
[stacktrace]
#0 /home/mhash/Documents/Projects/agilizaimoveis.com/vendor/laravel/framework/src/Illuminate/View/ViewServiceProvider.php(96): Illuminate\\View\\Compilers\\Compiler->__construct()
#1 /home/mhash/Documents/Projects/agilizaimoveis.com/vendor/laravel/framework/src/Illuminate/Container/Container.php(885): Illuminate\\View\\ViewServiceProvider->{closure:Illuminate\\View\\ViewServiceProvider::registerBladeCompiler():95}()
#2 /home/mhash/Documents/Projects/agilizaimoveis.com/vendor/laravel/framework/src/Illuminate/Container/Container.php(770): Illuminate\\Container\\Container->build()
#3 /home/mhash/Documents/Projects/agilizaimoveis.com/vendor/laravel/framework/src/Illuminate/Foundation/Application.php(881): Illuminate\\Container\\Container->resolve()
#4 /home/mhash/Documents/Projects/agilizaimoveis.com/vendor/laravel/framework/src/Illuminate/Container/Container.php(706): Illuminate\\Foundation\\Application->resolve()
#5 /home/mhash/Documents/Projects/agilizaimoveis.com/vendor/laravel/framework/src/Illuminate/Foundation/Application.php(866): Illuminate\\Container\\Container->make()
#6 /home/mhash/Documents/Projects/agilizaimoveis.com/vendor/laravel/framework/src/Illuminate/Container/Container.php(1431): Illuminate\\Foundation\\Application->make()
#7 /home/mhash/Documents/Projects/agilizaimoveis.com/vendor/laravel/framework/src/Illuminate/View/ViewServiceProvider.php(164): Illuminate\\Container\\Container->offsetGet()
#8 [internal function]: Illuminate\\View\\ViewServiceProvider->{closure:Illuminate\\View\\ViewServiceProvider::registerBladeEngine():163}()
#9 /home/mhash/Documents/Projects/agilizaimoveis.com/vendor/laravel/framework/src/Illuminate/View/Engines/EngineResolver.php(55): call_user_func()
#10 /home/mhash/Documents/Projects/agilizaimoveis.com/vendor/laravel/framework/src/Illuminate/View/Factory.php(310): Illuminate\\View\\Engines\\EngineResolver->resolve()
#11 /home/mhash/Documents/Projects/agilizaimoveis.com/vendor/laravel/framework/src/Illuminate/View/Factory.php(274): Illuminate\\View\\Factory->getEngineFromPath()
#12 /home/mhash/Documents/Projects/agilizaimoveis.com/vendor/laravel/framework/src/Illuminate/View/Factory.php(146): Illuminate\\View\\Factory->viewInstance()
#13 /home/mhash/Documents/Projects/agilizaimoveis.com/vendor/laravel/framework/src/Illuminate/Routing/ResponseFactory.php(87): Illuminate\\View\\Factory->make()
#14 /home/mhash/Documents/Projects/agilizaimoveis.com/vendor/laravel/framework/src/Illuminate/Foundation/Exceptions/Handler.php(626): Illuminate\\Routing\\ResponseFactory->view()
#15 /home/mhash/Documents/Projects/agilizaimoveis.com/vendor/laravel/framework/src/Illuminate/Foundation/Exceptions/Handler.php(554): Illuminate\\Foundation\\Exceptions\\Handler->renderHttpException()
#16 /home/mhash/Documents/Projects/agilizaimoveis.com/vendor/laravel/framework/src/Illuminate/Foundation/Exceptions/Handler.php(460): Illuminate\\Foundation\\Exceptions\\Handler->prepareResponse()
#17 /home/mhash/Documents/Projects/agilizaimoveis.com/vendor/laravel/framework/src/Illuminate/Foundation/Exceptions/Handler.php(377): Illuminate\\Foundation\\Exceptions\\Handler->renderExceptionResponse()
#18 /home/mhash/Documents/Projects/agilizaimoveis.com/vendor/laravel/framework/src/Illuminate/Routing/Pipeline.php(51): Illuminate\\Foundation\\Exceptions\\Handler->render()
#19 /home/mhash/Documents/Projects/agilizaimoveis.com/vendor/laravel/framework/src/Illuminate/Pipeline/Pipeline.php(185): Illuminate\\Routing\\Pipeline->handleException()
#20 /home/mhash/Documents/Projects/agilizaimoveis.com/vendor/laravel/framework/src/Illuminate/Session/Middleware/StartSession.php(121): Illuminate\\Pipeline\\Pipeline->{closure:{closure:Illuminate\\Pipeline\\Pipeline::carry():155}:156}()
#21 /home/mhash/Documents/Projects/agilizaimoveis.com/vendor/laravel/framework/src/Illuminate/Session/Middleware/StartSession.php(64): Illuminate\\Session\\Middleware\\StartSession->handleStatefulRequest()
#22 /home/mhash/Documents/Projects/agilizaimoveis.com/vendor/laravel/framework/src/Illuminate/Pipeline/Pipeline.php(180): Illuminate\\Session\\Middleware\\StartSession->handle()
#23 /home/mhash/Documents/Projects/agilizaimoveis.com/vendor/laravel/framework/src/Illuminate/Cookie/Middleware/AddQueuedCookiesToResponse.php(37): Illuminate\\Pipeline\\Pipeline->{closure:{closure:Illuminate\\Pipeline\\Pipeline::carry():155}:156}()
#24 /home/mhash/Documents/Projects/agilizaimoveis.com/vendor/laravel/framework/src/Illuminate/Pipeline/Pipeline.php(180): Illuminate\\Cookie\\Middleware\\AddQueuedCookiesToResponse->handle()
#25 /home/mhash/Documents/Projects/agilizaimoveis.com/vendor/laravel/framework/src/Illuminate/Cookie/Middleware/EncryptCookies.php(67): Illuminate\\Pipeline\\Pipeline->{closure:{closure:Illuminate\\Pipeline\\Pipeline::carry():155}:156}()
#26 /home/mhash/Documents/Projects/agilizaimoveis.com/vendor/laravel/framework/src/Illuminate/Pipeline/Pipeline.php(180): Illuminate\\Cookie\\Middleware\\EncryptCookies->handle()
#27 /home/mhash/Documents/Projects/agilizaimoveis.com/vendor/laravel/framework/src/Illuminate/Pipeline/Pipeline.php(116): Illuminate\\Pipeline\\Pipeline->{closure:{closure:Illuminate\\Pipeline\\Pipeline::carry():155}:156}()
#28 /home/mhash/Documents/Projects/agilizaimoveis.com/vendor/laravel/framework/src/Illuminate/Routing/Router.php(797): Illuminate\\Pipeline\\Pipeline->then()
#29 /home/mhash/Documents/Projects/agilizaimoveis.com/vendor/laravel/framework/src/Illuminate/Routing/Router.php(776): Illuminate\\Routing\\Router->runRouteWithinStack()
#30 /home/mhash/Documents/Projects/agilizaimoveis.com/vendor/laravel/framework/src/Illuminate/Routing/Router.php(740): Illuminate\\Routing\\Router->runRoute()
#31 /home/mhash/Documents/Projects/agilizaimoveis.com/vendor/laravel/framework/src/Illuminate/Routing/Router.php(729): Illuminate\\Routing\\Router->dispatchToRoute()
#32 /home/mhash/Documents/Projects/agilizaimoveis.com/vendor/laravel/framework/src/Illuminate/Foundation/Http/Kernel.php(190): Illuminate\\Routing\\Router->dispatch()
#33 /home/mhash/Documents/Projects/agilizaimoveis.com/vendor/laravel/framework/src/Illuminate/Pipeline/Pipeline.php(141): Illuminate\\Foundation\\Http\\Kernel->{closure:Illuminate\\Foundation\\Http\\Kernel::dispatchToRouter():187}()
#34 /home/mhash/Documents/Projects/agilizaimoveis.com/vendor/laravel/framework/src/Illuminate/Foundation/Http/Middleware/TransformsRequest.php(21): Illuminate\\Pipeline\\Pipeline->{closure:Illuminate\\Pipeline\\Pipeline::prepareDestination():139}()
#35 /home/mhash/Documents/Projects/agilizaimoveis.com/vendor/laravel/framework/src/Illuminate/Foundation/Http/Middleware/ConvertEmptyStringsToNull.php(31): Illuminate\\Foundation\\Http\\Middleware\\TransformsRequest->handle()
#36 /home/mhash/Documents/Projects/agilizaimoveis.com/vendor/laravel/framework/src/Illuminate/Pipeline/Pipeline.php(180): Illuminate\\Foundation\\Http\\Middleware\\ConvertEmptyStringsToNull->handle()
#37 /home/mhash/Documents/Projects/agilizaimoveis.com/vendor/laravel/framework/src/Illuminate/Foundation/Http/Middleware/TransformsRequest.php(21): Illuminate\\Pipeline\\Pipeline->{closure:{closure:Illuminate\\Pipeline\\Pipeline::carry():155}:156}()
#38 /home/mhash/Documents/Projects/agilizaimoveis.com/vendor/laravel/framework/src/Illuminate/Foundation/Http/Middleware/TrimStrings.php(40): Illuminate\\Foundation\\Http\\Middleware\\TransformsRequest->handle()
#39 /home/mhash/Documents/Projects/agilizaimoveis.com/vendor/laravel/framework/src/Illuminate/Pipeline/Pipeline.php(180): Illuminate\\Foundation\\Http\\Middleware\\TrimStrings->handle()
#40 /home/mhash/Documents/Projects/agilizaimoveis.com/vendor/laravel/framework/src/Illuminate/Foundation/Http/Middleware/ValidatePostSize.php(27): Illuminate\\Pipeline\\Pipeline->{closure:{closure:Illuminate\\Pipeline\\Pipeline::carry():155}:156}()
#41 /home/mhash/Documents/Projects/agilizaimoveis.com/vendor/laravel/framework/src/Illuminate/Pipeline/Pipeline.php(180): Illuminate\\Foundation\\Http\\Middleware\\ValidatePostSize->handle()
#42 /home/mhash/Documents/Projects/agilizaimoveis.com/vendor/laravel/framework/src/Illuminate/Foundation/Http/Middleware/PreventRequestsDuringMaintenance.php(86): Illuminate\\Pipeline\\Pipeline->{closure:{closure:Illuminate\\Pipeline\\Pipeline::carry():155}:156}()
#43 /home/mhash/Documents/Projects/agilizaimoveis.com/vendor/laravel/framework/src/Illuminate/Pipeline/Pipeline.php(180): Illuminate\\Foundation\\Http\\Middleware\\PreventRequestsDuringMaintenance->handle()
#44 /home/mhash/Documents/Projects/agilizaimoveis.com/vendor/laravel/framework/src/Illuminate/Http/Middleware/HandleCors.php(49): Illuminate\\Pipeline\\Pipeline->{closure:{closure:Illuminate\\Pipeline\\Pipeline::carry():155}:156}()
#45 /home/mhash/Documents/Projects/agilizaimoveis.com/vendor/laravel/framework/src/Illuminate/Pipeline/Pipeline.php(180): Illuminate\\Http\\Middleware\\HandleCors->handle()
#46 /home/mhash/Documents/Projects/agilizaimoveis.com/vendor/laravel/framework/src/Illuminate/Http/Middleware/TrustProxies.php(39): Illuminate\\Pipeline\\Pipeline->{closure:{closure:Illuminate\\Pipeline\\Pipeline::carry():155}:156}()
#47 /home/mhash/Documents/Projects/agilizaimoveis.com/vendor/laravel/framework/src/Illuminate/Pipeline/Pipeline.php(180): Illuminate\\Http\\Middleware\\TrustProxies->handle()
#48 /home/mhash/Documents/Projects/agilizaimoveis.com/vendor/laravel/framework/src/Illuminate/Pipeline/Pipeline.php(116): Illuminate\\Pipeline\\Pipeline->{closure:{closure:Illuminate\\Pipeline\\Pipeline::carry():155}:156}()
#49 /home/mhash/Documents/Projects/agilizaimoveis.com/vendor/laravel/framework/src/Illuminate/Foundation/Http/Kernel.php(165): Illuminate\\Pipeline\\Pipeline->then()
#50 /home/mhash/Documents/Projects/agilizaimoveis.com/vendor/laravel/framework/src/Illuminate/Foundation/Http/Kernel.php(134): Illuminate\\Foundation\\Http\\Kernel->sendRequestThroughRouter()
#51 /home/mhash/Documents/Projects/agilizaimoveis.com/public/index.php(51): Illuminate\\Foundation\\Http\\Kernel->handle()
#52 /home/mhash/Documents/Projects/agilizaimoveis.com/vendor/laravel/framework/src/Illuminate/Foundation/resources/server.php(16): require_once('...')
#53 {main}
"} 
[2025-11-03 20:04:22] local.ERROR: Please provide a valid cache path. {"exception":"[object] (InvalidArgumentException(code: 0): Please provide a valid cache path. at /home/mhash/Documents/Projects/agilizaimoveis.com/vendor/laravel/framework/src/Illuminate/View/Compilers/Compiler.php:66)
[stacktrace]
#0 /home/mhash/Documents/Projects/agilizaimoveis.com/vendor/laravel/framework/src/Illuminate/View/ViewServiceProvider.php(96): Illuminate\\View\\Compilers\\Compiler->__construct()
#1 /home/mhash/Documents/Projects/agilizaimoveis.com/vendor/laravel/framework/src/Illuminate/Container/Container.php(885): Illuminate\\View\\ViewServiceProvider->{closure:Illuminate\\View\\ViewServiceProvider::registerBladeCompiler():95}()
#2 /home/mhash/Documents/Projects/agilizaimoveis.com/vendor/laravel/framework/src/Illuminate/Container/Container.php(770): Illuminate\\Container\\Container->build()
#3 /home/mhash/Documents/Projects/agilizaimoveis.com/vendor/laravel/framework/src/Illuminate/Foundation/Application.php(881): Illuminate\\Container\\Container->resolve()
#4 /home/mhash/Documents/Projects/agilizaimoveis.com/vendor/laravel/framework/src/Illuminate/Container/Container.php(706): Illuminate\\Foundation\\Application->resolve()
#5 /home/mhash/Documents/Projects/agilizaimoveis.com/vendor/laravel/framework/src/Illuminate/Foundation/Application.php(866): Illuminate\\Container\\Container->make()
#6 /home/mhash/Documents/Projects/agilizaimoveis.com/vendor/laravel/framework/src/Illuminate/Container/Container.php(1431): Illuminate\\Foundation\\Application->make()
#7 /home/mhash/Documents/Projects/agilizaimoveis.com/vendor/laravel/framework/src/Illuminate/View/ViewServiceProvider.php(164): Illuminate\\Container\\Container->offsetGet()
#8 [internal function]: Illuminate\\View\\ViewServiceProvider->{closure:Illuminate\\View\\ViewServiceProvider::registerBladeEngine():163}()
#9 /home/mhash/Documents/Projects/agilizaimoveis.com/vendor/laravel/framework/src/Illuminate/View/Engines/EngineResolver.php(55): call_user_func()
#10 /home/mhash/Documents/Projects/agilizaimoveis.com/vendor/laravel/framework/src/Illuminate/View/Factory.php(310): Illuminate\\View\\Engines\\EngineResolver->resolve()
#11 /home/mhash/Documents/Projects/agilizaimoveis.com/vendor/laravel/framework/src/Illuminate/View/Factory.php(274): Illuminate\\View\\Factory->getEngineFromPath()
#12 /home/mhash/Documents/Projects/agilizaimoveis.com/vendor/laravel/framework/src/Illuminate/View/Factory.php(146): Illuminate\\View\\Factory->viewInstance()
#13 /home/mhash/Documents/Projects/agilizaimoveis.com/vendor/laravel/framework/src/Illuminate/Routing/ResponseFactory.php(87): Illuminate\\View\\Factory->make()
#14 /home/mhash/Documents/Projects/agilizaimoveis.com/vendor/laravel/framework/src/Illuminate/Foundation/Exceptions/Handler.php(626): Illuminate\\Routing\\ResponseFactory->view()
#15 /home/mhash/Documents/Projects/agilizaimoveis.com/vendor/laravel/framework/src/Illuminate/Foundation/Exceptions/Handler.php(554): Illuminate\\Foundation\\Exceptions\\Handler->renderHttpException()
#16 /home/mhash/Documents/Projects/agilizaimoveis.com/vendor/laravel/framework/src/Illuminate/Foundation/Exceptions/Handler.php(460): Illuminate\\Foundation\\Exceptions\\Handler->prepareResponse()
#17 /home/mhash/Documents/Projects/agilizaimoveis.com/vendor/laravel/framework/src/Illuminate/Foundation/Exceptions/Handler.php(377): Illuminate\\Foundation\\Exceptions\\Handler->renderExceptionResponse()
#18 /home/mhash/Documents/Projects/agilizaimoveis.com/vendor/laravel/framework/src/Illuminate/Routing/Pipeline.php(51): Illuminate\\Foundation\\Exceptions\\Handler->render()
#19 /home/mhash/Documents/Projects/agilizaimoveis.com/vendor/laravel/framework/src/Illuminate/Pipeline/Pipeline.php(185): Illuminate\\Routing\\Pipeline->handleException()
#20 /home/mhash/Documents/Projects/agilizaimoveis.com/vendor/laravel/framework/src/Illuminate/Cookie/Middleware/AddQueuedCookiesToResponse.php(37): Illuminate\\Pipeline\\Pipeline->{closure:{closure:Illuminate\\Pipeline\\Pipeline::carry():155}:156}()
#21 /home/mhash/Documents/Projects/agilizaimoveis.com/vendor/laravel/framework/src/Illuminate/Pipeline/Pipeline.php(180): Illuminate\\Cookie\\Middleware\\AddQueuedCookiesToResponse->handle()
#22 /home/mhash/Documents/Projects/agilizaimoveis.com/vendor/laravel/framework/src/Illuminate/Cookie/Middleware/EncryptCookies.php(67): Illuminate\\Pipeline\\Pipeline->{closure:{closure:Illuminate\\Pipeline\\Pipeline::carry():155}:156}()
#23 /home/mhash/Documents/Projects/agilizaimoveis.com/vendor/laravel/framework/src/Illuminate/Pipeline/Pipeline.php(180): Illuminate\\Cookie\\Middleware\\EncryptCookies->handle()
#24 /home/mhash/Documents/Projects/agilizaimoveis.com/vendor/laravel/framework/src/Illuminate/Pipeline/Pipeline.php(116): Illuminate\\Pipeline\\Pipeline->{closure:{closure:Illuminate\\Pipeline\\Pipeline::carry():155}:156}()
#25 /home/mhash/Documents/Projects/agilizaimoveis.com/vendor/laravel/framework/src/Illuminate/Routing/Router.php(797): Illuminate\\Pipeline\\Pipeline->then()
#26 /home/mhash/Documents/Projects/agilizaimoveis.com/vendor/laravel/framework/src/Illuminate/Routing/Router.php(776): Illuminate\\Routing\\Router->runRouteWithinStack()
#27 /home/mhash/Documents/Projects/agilizaimoveis.com/vendor/laravel/framework/src/Illuminate/Routing/Router.php(740): Illuminate\\Routing\\Router->runRoute()
#28 /home/mhash/Documents/Projects/agilizaimoveis.com/vendor/laravel/framework/src/Illuminate/Routing/Router.php(729): Illuminate\\Routing\\Router->dispatchToRoute()
#29 /home/mhash/Documents/Projects/agilizaimoveis.com/vendor/laravel/framework/src/Illuminate/Foundation/Http/Kernel.php(190): Illuminate\\Routing\\Router->dispatch()
#30 /home/mhash/Documents/Projects/agilizaimoveis.com/vendor/laravel/framework/src/Illuminate/Pipeline/Pipeline.php(141): Illuminate\\Foundation\\Http\\Kernel->{closure:Illuminate\\Foundation\\Http\\Kernel::dispatchToRouter():187}()
#31 /home/mhash/Documents/Projects/agilizaimoveis.com/vendor/laravel/framework/src/Illuminate/Foundation/Http/Middleware/TransformsRequest.php(21): Illuminate\\Pipeline\\Pipeline->{closure:Illuminate\\Pipeline\\Pipeline::prepareDestination():139}()
#32 /home/mhash/Documents/Projects/agilizaimoveis.com/vendor/laravel/framework/src/Illuminate/Foundation/Http/Middleware/ConvertEmptyStringsToNull.php(31): Illuminate\\Foundation\\Http\\Middleware\\TransformsRequest->handle()
#33 /home/mhash/Documents/Projects/agilizaimoveis.com/vendor/laravel/framework/src/Illuminate/Pipeline/Pipeline.php(180): Illuminate\\Foundation\\Http\\Middleware\\ConvertEmptyStringsToNull->handle()
#34 /home/mhash/Documents/Projects/agilizaimoveis.com/vendor/laravel/framework/src/Illuminate/Foundation/Http/Middleware/TransformsRequest.php(21): Illuminate\\Pipeline\\Pipeline->{closure:{closure:Illuminate\\Pipeline\\Pipeline::carry():155}:156}()
#35 /home/mhash/Documents/Projects/agilizaimoveis.com/vendor/laravel/framework/src/Illuminate/Foundation/Http/Middleware/TrimStrings.php(40): Illuminate\\Foundation\\Http\\Middleware\\TransformsRequest->handle()
#36 /home/mhash/Documents/Projects/agilizaimoveis.com/vendor/laravel/framework/src/Illuminate/Pipeline/Pipeline.php(180): Illuminate\\Foundation\\Http\\Middleware\\TrimStrings->handle()
#37 /home/mhash/Documents/Projects/agilizaimoveis.com/vendor/laravel/framework/src/Illuminate/Foundation/Http/Middleware/ValidatePostSize.php(27): Illuminate\\Pipeline\\Pipeline->{closure:{closure:Illuminate\\Pipeline\\Pipeline::carry():155}:156}()
#38 /home/mhash/Documents/Projects/agilizaimoveis.com/vendor/laravel/framework/src/Illuminate/Pipeline/Pipeline.php(180): Illuminate\\Foundation\\Http\\Middleware\\ValidatePostSize->handle()
#39 /home/mhash/Documents/Projects/agilizaimoveis.com/vendor/laravel/framework/src/Illuminate/Foundation/Http/Middleware/PreventRequestsDuringMaintenance.php(86): Illuminate\\Pipeline\\Pipeline->{closure:{closure:Illuminate\\Pipeline\\Pipeline::carry():155}:156}()
#40 /home/mhash/Documents/Projects/agilizaimoveis.com/vendor/laravel/framework/src/Illuminate/Pipeline/Pipeline.php(180): Illuminate\\Foundation\\Http\\Middleware\\PreventRequestsDuringMaintenance->handle()
#41 /home/mhash/Documents/Projects/agilizaimoveis.com/vendor/laravel/framework/src/Illuminate/Http/Middleware/HandleCors.php(49): Illuminate\\Pipeline\\Pipeline->{closure:{closure:Illuminate\\Pipeline\\Pipeline::carry():155}:156}()
#42 /home/mhash/Documents/Projects/agilizaimoveis.com/vendor/laravel/framework/src/Illuminate/Pipeline/Pipeline.php(180): Illuminate\\Http\\Middleware\\HandleCors->handle()
#43 /home/mhash/Documents/Projects/agilizaimoveis.com/vendor/laravel/framework/src/Illuminate/Http/Middleware/TrustProxies.php(39): Illuminate\\Pipeline\\Pipeline->{closure:{closure:Illuminate\\Pipeline\\Pipeline::carry():155}:156}()
#44 /home/mhash/Documents/Projects/agilizaimoveis.com/vendor/laravel/framework/src/Illuminate/Pipeline/Pipeline.php(180): Illuminate\\Http\\Middleware\\TrustProxies->handle()
#45 /home/mhash/Documents/Projects/agilizaimoveis.com/vendor/laravel/framework/src/Illuminate/Pipeline/Pipeline.php(116): Illuminate\\Pipeline\\Pipeline->{closure:{closure:Illuminate\\Pipeline\\Pipeline::carry():155}:156}()
#46 /home/mhash/Documents/Projects/agilizaimoveis.com/vendor/laravel/framework/src/Illuminate/Foundation/Http/Kernel.php(165): Illuminate\\Pipeline\\Pipeline->then()
#47 /home/mhash/Documents/Projects/agilizaimoveis.com/vendor/laravel/framework/src/Illuminate/Foundation/Http/Kernel.php(134): Illuminate\\Foundation\\Http\\Kernel->sendRequestThroughRouter()
#48 /home/mhash/Documents/Projects/agilizaimoveis.com/public/index.php(51): Illuminate\\Foundation\\Http\\Kernel->handle()
#49 /home/mhash/Documents/Projects/agilizaimoveis.com/vendor/laravel/framework/src/Illuminate/Foundation/resources/server.php(16): require_once('...')
#50 {main}
"} 
[2025-11-03 20:04:22] local.ERROR: Please provide a valid cache path. {"exception":"[object] (InvalidArgumentException(code: 0): Please provide a valid cache path. at /home/mhash/Documents/Projects/agilizaimoveis.com/vendor/laravel/framework/src/Illuminate/View/Compilers/Compiler.php:66)
[stacktrace]
#0 /home/mhash/Documents/Projects/agilizaimoveis.com/vendor/laravel/framework/src/Illuminate/View/ViewServiceProvider.php(96): Illuminate\\View\\Compilers\\Compiler->__construct()
#1 /home/mhash/Documents/Projects/agilizaimoveis.com/vendor/laravel/framework/src/Illuminate/Container/Container.php(885): Illuminate\\View\\ViewServiceProvider->{closure:Illuminate\\View\\ViewServiceProvider::registerBladeCompiler():95}()
#2 /home/mhash/Documents/Projects/agilizaimoveis.com/vendor/laravel/framework/src/Illuminate/Container/Container.php(770): Illuminate\\Container\\Container->build()
#3 /home/mhash/Documents/Projects/agilizaimoveis.com/vendor/laravel/framework/src/Illuminate/Foundation/Application.php(881): Illuminate\\Container\\Container->resolve()
#4 /home/mhash/Documents/Projects/agilizaimoveis.com/vendor/laravel/framework/src/Illuminate/Container/Container.php(706): Illuminate\\Foundation\\Application->resolve()
#5 /home/mhash/Documents/Projects/agilizaimoveis.com/vendor/laravel/framework/src/Illuminate/Foundation/Application.php(866): Illuminate\\Container\\Container->make()
#6 /home/mhash/Documents/Projects/agilizaimoveis.com/vendor/laravel/framework/src/Illuminate/Container/Container.php(1431): Illuminate\\Foundation\\Application->make()
#7 /home/mhash/Documents/Projects/agilizaimoveis.com/vendor/laravel/framework/src/Illuminate/View/ViewServiceProvider.php(164): Illuminate\\Container\\Container->offsetGet()
#8 [internal function]: Illuminate\\View\\ViewServiceProvider->{closure:Illuminate\\View\\ViewServiceProvider::registerBladeEngine():163}()
#9 /home/mhash/Documents/Projects/agilizaimoveis.com/vendor/laravel/framework/src/Illuminate/View/Engines/EngineResolver.php(55): call_user_func()
#10 /home/mhash/Documents/Projects/agilizaimoveis.com/vendor/laravel/framework/src/Illuminate/View/Factory.php(310): Illuminate\\View\\Engines\\EngineResolver->resolve()
#11 /home/mhash/Documents/Projects/agilizaimoveis.com/vendor/laravel/framework/src/Illuminate/View/Factory.php(274): Illuminate\\View\\Factory->getEngineFromPath()
#12 /home/mhash/Documents/Projects/agilizaimoveis.com/vendor/laravel/framework/src/Illuminate/View/Factory.php(146): Illuminate\\View\\Factory->viewInstance()
#13 /home/mhash/Documents/Projects/agilizaimoveis.com/vendor/laravel/framework/src/Illuminate/Routing/ResponseFactory.php(87): Illuminate\\View\\Factory->make()
#14 /home/mhash/Documents/Projects/agilizaimoveis.com/vendor/laravel/framework/src/Illuminate/Foundation/Exceptions/Handler.php(626): Illuminate\\Routing\\ResponseFactory->view()
#15 /home/mhash/Documents/Projects/agilizaimoveis.com/vendor/laravel/framework/src/Illuminate/Foundation/Exceptions/Handler.php(554): Illuminate\\Foundation\\Exceptions\\Handler->renderHttpException()
#16 /home/mhash/Documents/Projects/agilizaimoveis.com/vendor/laravel/framework/src/Illuminate/Foundation/Exceptions/Handler.php(460): Illuminate\\Foundation\\Exceptions\\Handler->prepareResponse()
#17 /home/mhash/Documents/Projects/agilizaimoveis.com/vendor/laravel/framework/src/Illuminate/Foundation/Exceptions/Handler.php(377): Illuminate\\Foundation\\Exceptions\\Handler->renderExceptionResponse()
#18 /home/mhash/Documents/Projects/agilizaimoveis.com/vendor/laravel/framework/src/Illuminate/Routing/Pipeline.php(51): Illuminate\\Foundation\\Exceptions\\Handler->render()
#19 /home/mhash/Documents/Projects/agilizaimoveis.com/vendor/laravel/framework/src/Illuminate/Pipeline/Pipeline.php(185): Illuminate\\Routing\\Pipeline->handleException()
#20 /home/mhash/Documents/Projects/agilizaimoveis.com/vendor/laravel/framework/src/Illuminate/Cookie/Middleware/EncryptCookies.php(67): Illuminate\\Pipeline\\Pipeline->{closure:{closure:Illuminate\\Pipeline\\Pipeline::carry():155}:156}()
#21 /home/mhash/Documents/Projects/agilizaimoveis.com/vendor/laravel/framework/src/Illuminate/Pipeline/Pipeline.php(180): Illuminate\\Cookie\\Middleware\\EncryptCookies->handle()
#22 /home/mhash/Documents/Projects/agilizaimoveis.com/vendor/laravel/framework/src/Illuminate/Pipeline/Pipeline.php(116): Illuminate\\Pipeline\\Pipeline->{closure:{closure:Illuminate\\Pipeline\\Pipeline::carry():155}:156}()
#23 /home/mhash/Documents/Projects/agilizaimoveis.com/vendor/laravel/framework/src/Illuminate/Routing/Router.php(797): Illuminate\\Pipeline\\Pipeline->then()
#24 /home/mhash/Documents/Projects/agilizaimoveis.com/vendor/laravel/framework/src/Illuminate/Routing/Router.php(776): Illuminate\\Routing\\Router->runRouteWithinStack()
#25 /home/mhash/Documents/Projects/agilizaimoveis.com/vendor/laravel/framework/src/Illuminate/Routing/Router.php(740): Illuminate\\Routing\\Router->runRoute()
#26 /home/mhash/Documents/Projects/agilizaimoveis.com/vendor/laravel/framework/src/Illuminate/Routing/Router.php(729): Illuminate\\Routing\\Router->dispatchToRoute()
#27 /home/mhash/Documents/Projects/agilizaimoveis.com/vendor/laravel/framework/src/Illuminate/Foundation/Http/Kernel.php(190): Illuminate\\Routing\\Router->dispatch()
#28 /home/mhash/Documents/Projects/agilizaimoveis.com/vendor/laravel/framework/src/Illuminate/Pipeline/Pipeline.php(141): Illuminate\\Foundation\\Http\\Kernel->{closure:Illuminate\\Foundation\\Http\\Kernel::dispatchToRouter():187}()
#29 /home/mhash/Documents/Projects/agilizaimoveis.com/vendor/laravel/framework/src/Illuminate/Foundation/Http/Middleware/TransformsRequest.php(21): Illuminate\\Pipeline\\Pipeline->{closure:Illuminate\\Pipeline\\Pipeline::prepareDestination():139}()
#30 /home/mhash/Documents/Projects/agilizaimoveis.com/vendor/laravel/framework/src/Illuminate/Foundation/Http/Middleware/ConvertEmptyStringsToNull.php(31): Illuminate\\Foundation\\Http\\Middleware\\TransformsRequest->handle()
#31 /home/mhash/Documents/Projects/agilizaimoveis.com/vendor/laravel/framework/src/Illuminate/Pipeline/Pipeline.php(180): Illuminate\\Foundation\\Http\\Middleware\\ConvertEmptyStringsToNull->handle()
#32 /home/mhash/Documents/Projects/agilizaimoveis.com/vendor/laravel/framework/src/Illuminate/Foundation/Http/Middleware/TransformsRequest.php(21): Illuminate\\Pipeline\\Pipeline->{closure:{closure:Illuminate\\Pipeline\\Pipeline::carry():155}:156}()
#33 /home/mhash/Documents/Projects/agilizaimoveis.com/vendor/laravel/framework/src/Illuminate/Foundation/Http/Middleware/TrimStrings.php(40): Illuminate\\Foundation\\Http\\Middleware\\TransformsRequest->handle()
#34 /home/mhash/Documents/Projects/agilizaimoveis.com/vendor/laravel/framework/src/Illuminate/Pipeline/Pipeline.php(180): Illuminate\\Foundation\\Http\\Middleware\\TrimStrings->handle()
#35 /home/mhash/Documents/Projects/agilizaimoveis.com/vendor/laravel/framework/src/Illuminate/Foundation/Http/Middleware/ValidatePostSize.php(27): Illuminate\\Pipeline\\Pipeline->{closure:{closure:Illuminate\\Pipeline\\Pipeline::carry():155}:156}()
#36 /home/mhash/Documents/Projects/agilizaimoveis.com/vendor/laravel/framework/src/Illuminate/Pipeline/Pipeline.php(180): Illuminate\\Foundation\\Http\\Middleware\\ValidatePostSize->handle()
#37 /home/mhash/Documents/Projects/agilizaimoveis.com/vendor/laravel/framework/src/Illuminate/Foundation/Http/Middleware/PreventRequestsDuringMaintenance.php(86): Illuminate\\Pipeline\\Pipeline->{closure:{closure:Illuminate\\Pipeline\\Pipeline::carry():155}:156}()
#38 /home/mhash/Documents/Projects/agilizaimoveis.com/vendor/laravel/framework/src/Illuminate/Pipeline/Pipeline.php(180): Illuminate\\Foundation\\Http\\Middleware\\PreventRequestsDuringMaintenance->handle()
#39 /home/mhash/Documents/Projects/agilizaimoveis.com/vendor/laravel/framework/src/Illuminate/Http/Middleware/HandleCors.php(49): Illuminate\\Pipeline\\Pipeline->{closure:{closure:Illuminate\\Pipeline\\Pipeline::carry():155}:156}()
#40 /home/mhash/Documents/Projects/agilizaimoveis.com/vendor/laravel/framework/src/Illuminate/Pipeline/Pipeline.php(180): Illuminate\\Http\\Middleware\\HandleCors->handle()
#41 /home/mhash/Documents/Projects/agilizaimoveis.com/vendor/laravel/framework/src/Illuminate/Http/Middleware/TrustProxies.php(39): Illuminate\\Pipeline\\Pipeline->{closure:{closure:Illuminate\\Pipeline\\Pipeline::carry():155}:156}()
#42 /home/mhash/Documents/Projects/agilizaimoveis.com/vendor/laravel/framework/src/Illuminate/Pipeline/Pipeline.php(180): Illuminate\\Http\\Middleware\\TrustProxies->handle()
#43 /home/mhash/Documents/Projects/agilizaimoveis.com/vendor/laravel/framework/src/Illuminate/Pipeline/Pipeline.php(116): Illuminate\\Pipeline\\Pipeline->{closure:{closure:Illuminate\\Pipeline\\Pipeline::carry():155}:156}()
#44 /home/mhash/Documents/Projects/agilizaimoveis.com/vendor/laravel/framework/src/Illuminate/Foundation/Http/Kernel.php(165): Illuminate\\Pipeline\\Pipeline->then()
#45 /home/mhash/Documents/Projects/agilizaimoveis.com/vendor/laravel/framework/src/Illuminate/Foundation/Http/Kernel.php(134): Illuminate\\Foundation\\Http\\Kernel->sendRequestThroughRouter()
#46 /home/mhash/Documents/Projects/agilizaimoveis.com/public/index.php(51): Illuminate\\Foundation\\Http\\Kernel->handle()
#47 /home/mhash/Documents/Projects/agilizaimoveis.com/vendor/laravel/framework/src/Illuminate/Foundation/resources/server.php(16): require_once('...')
#48 {main}
"} 
[2025-11-03 20:04:22] local.ERROR: Please provide a valid cache path. {"exception":"[object] (InvalidArgumentException(code: 0): Please provide a valid cache path. at /home/mhash/Documents/Projects/agilizaimoveis.com/vendor/laravel/framework/src/Illuminate/View/Compilers/Compiler.php:66)
[stacktrace]
#0 /home/mhash/Documents/Projects/agilizaimoveis.com/vendor/laravel/framework/src/Illuminate/View/ViewServiceProvider.php(96): Illuminate\\View\\Compilers\\Compiler->__construct()
#1 /home/mhash/Documents/Projects/agilizaimoveis.com/vendor/laravel/framework/src/Illuminate/Container/Container.php(885): Illuminate\\View\\ViewServiceProvider->{closure:Illuminate\\View\\ViewServiceProvider::registerBladeCompiler():95}()
#2 /home/mhash/Documents/Projects/agilizaimoveis.com/vendor/laravel/framework/src/Illuminate/Container/Container.php(770): Illuminate\\Container\\Container->build()
#3 /home/mhash/Documents/Projects/agilizaimoveis.com/vendor/laravel/framework/src/Illuminate/Foundation/Application.php(881): Illuminate\\Container\\Container->resolve()
#4 /home/mhash/Documents/Projects/agilizaimoveis.com/vendor/laravel/framework/src/Illuminate/Container/Container.php(706): Illuminate\\Foundation\\Application->resolve()
#5 /home/mhash/Documents/Projects/agilizaimoveis.com/vendor/laravel/framework/src/Illuminate/Foundation/Application.php(866): Illuminate\\Container\\Container->make()
#6 /home/mhash/Documents/Projects/agilizaimoveis.com/vendor/laravel/framework/src/Illuminate/Container/Container.php(1431): Illuminate\\Foundation\\Application->make()
#7 /home/mhash/Documents/Projects/agilizaimoveis.com/vendor/laravel/framework/src/Illuminate/View/ViewServiceProvider.php(164): Illuminate\\Container\\Container->offsetGet()
#8 [internal function]: Illuminate\\View\\ViewServiceProvider->{closure:Illuminate\\View\\ViewServiceProvider::registerBladeEngine():163}()
#9 /home/mhash/Documents/Projects/agilizaimoveis.com/vendor/laravel/framework/src/Illuminate/View/Engines/EngineResolver.php(55): call_user_func()
#10 /home/mhash/Documents/Projects/agilizaimoveis.com/vendor/laravel/framework/src/Illuminate/View/Factory.php(310): Illuminate\\View\\Engines\\EngineResolver->resolve()
#11 /home/mhash/Documents/Projects/agilizaimoveis.com/vendor/laravel/framework/src/Illuminate/View/Factory.php(274): Illuminate\\View\\Factory->getEngineFromPath()
#12 /home/mhash/Documents/Projects/agilizaimoveis.com/vendor/laravel/framework/src/Illuminate/View/Factory.php(146): Illuminate\\View\\Factory->viewInstance()
#13 /home/mhash/Documents/Projects/agilizaimoveis.com/vendor/laravel/framework/src/Illuminate/Routing/ResponseFactory.php(87): Illuminate\\View\\Factory->make()
#14 /home/mhash/Documents/Projects/agilizaimoveis.com/vendor/laravel/framework/src/Illuminate/Foundation/Exceptions/Handler.php(626): Illuminate\\Routing\\ResponseFactory->view()
#15 /home/mhash/Documents/Projects/agilizaimoveis.com/vendor/laravel/framework/src/Illuminate/Foundation/Exceptions/Handler.php(554): Illuminate\\Foundation\\Exceptions\\Handler->renderHttpException()
#16 /home/mhash/Documents/Projects/agilizaimoveis.com/vendor/laravel/framework/src/Illuminate/Foundation/Exceptions/Handler.php(460): Illuminate\\Foundation\\Exceptions\\Handler->prepareResponse()
#17 /home/mhash/Documents/Projects/agilizaimoveis.com/vendor/laravel/framework/src/Illuminate/Foundation/Exceptions/Handler.php(377): Illuminate\\Foundation\\Exceptions\\Handler->renderExceptionResponse()
#18 /home/mhash/Documents/Projects/agilizaimoveis.com/vendor/laravel/framework/src/Illuminate/Routing/Pipeline.php(51): Illuminate\\Foundation\\Exceptions\\Handler->render()
#19 /home/mhash/Documents/Projects/agilizaimoveis.com/vendor/laravel/framework/src/Illuminate/Pipeline/Pipeline.php(185): Illuminate\\Routing\\Pipeline->handleException()
#20 /home/mhash/Documents/Projects/agilizaimoveis.com/vendor/laravel/framework/src/Illuminate/Pipeline/Pipeline.php(116): Illuminate\\Pipeline\\Pipeline->{closure:{closure:Illuminate\\Pipeline\\Pipeline::carry():155}:156}()
#21 /home/mhash/Documents/Projects/agilizaimoveis.com/vendor/laravel/framework/src/Illuminate/Routing/Router.php(797): Illuminate\\Pipeline\\Pipeline->then()
#22 /home/mhash/Documents/Projects/agilizaimoveis.com/vendor/laravel/framework/src/Illuminate/Routing/Router.php(776): Illuminate\\Routing\\Router->runRouteWithinStack()
#23 /home/mhash/Documents/Projects/agilizaimoveis.com/vendor/laravel/framework/src/Illuminate/Routing/Router.php(740): Illuminate\\Routing\\Router->runRoute()
#24 /home/mhash/Documents/Projects/agilizaimoveis.com/vendor/laravel/framework/src/Illuminate/Routing/Router.php(729): Illuminate\\Routing\\Router->dispatchToRoute()
#25 /home/mhash/Documents/Projects/agilizaimoveis.com/vendor/laravel/framework/src/Illuminate/Foundation/Http/Kernel.php(190): Illuminate\\Routing\\Router->dispatch()
#26 /home/mhash/Documents/Projects/agilizaimoveis.com/vendor/laravel/framework/src/Illuminate/Pipeline/Pipeline.php(141): Illuminate\\Foundation\\Http\\Kernel->{closure:Illuminate\\Foundation\\Http\\Kernel::dispatchToRouter():187}()
#27 /home/mhash/Documents/Projects/agilizaimoveis.com/vendor/laravel/framework/src/Illuminate/Foundation/Http/Middleware/TransformsRequest.php(21): Illuminate\\Pipeline\\Pipeline->{closure:Illuminate\\Pipeline\\Pipeline::prepareDestination():139}()
#28 /home/mhash/Documents/Projects/agilizaimoveis.com/vendor/laravel/framework/src/Illuminate/Foundation/Http/Middleware/ConvertEmptyStringsToNull.php(31): Illuminate\\Foundation\\Http\\Middleware\\TransformsRequest->handle()
#29 /home/mhash/Documents/Projects/agilizaimoveis.com/vendor/laravel/framework/src/Illuminate/Pipeline/Pipeline.php(180): Illuminate\\Foundation\\Http\\Middleware\\ConvertEmptyStringsToNull->handle()
#30 /home/mhash/Documents/Projects/agilizaimoveis.com/vendor/laravel/framework/src/Illuminate/Foundation/Http/Middleware/TransformsRequest.php(21): Illuminate\\Pipeline\\Pipeline->{closure:{closure:Illuminate\\Pipeline\\Pipeline::carry():155}:156}()
#31 /home/mhash/Documents/Projects/agilizaimoveis.com/vendor/laravel/framework/src/Illuminate/Foundation/Http/Middleware/TrimStrings.php(40): Illuminate\\Foundation\\Http\\Middleware\\TransformsRequest->handle()
#32 /home/mhash/Documents/Projects/agilizaimoveis.com/vendor/laravel/framework/src/Illuminate/Pipeline/Pipeline.php(180): Illuminate\\Foundation\\Http\\Middleware\\TrimStrings->handle()
#33 /home/mhash/Documents/Projects/agilizaimoveis.com/vendor/laravel/framework/src/Illuminate/Foundation/Http/Middleware/ValidatePostSize.php(27): Illuminate\\Pipeline\\Pipeline->{closure:{closure:Illuminate\\Pipeline\\Pipeline::carry():155}:156}()
#34 /home/mhash/Documents/Projects/agilizaimoveis.com/vendor/laravel/framework/src/Illuminate/Pipeline/Pipeline.php(180): Illuminate\\Foundation\\Http\\Middleware\\ValidatePostSize->handle()
#35 /home/mhash/Documents/Projects/agilizaimoveis.com/vendor/laravel/framework/src/Illuminate/Foundation/Http/Middleware/PreventRequestsDuringMaintenance.php(86): Illuminate\\Pipeline\\Pipeline->{closure:{closure:Illuminate\\Pipeline\\Pipeline::carry():155}:156}()
#36 /home/mhash/Documents/Projects/agilizaimoveis.com/vendor/laravel/framework/src/Illuminate/Pipeline/Pipeline.php(180): Illuminate\\Foundation\\Http\\Middleware\\PreventRequestsDuringMaintenance->handle()
#37 /home/mhash/Documents/Projects/agilizaimoveis.com/vendor/laravel/framework/src/Illuminate/Http/Middleware/HandleCors.php(49): Illuminate\\Pipeline\\Pipeline->{closure:{closure:Illuminate\\Pipeline\\Pipeline::carry():155}:156}()
#38 /home/mhash/Documents/Projects/agilizaimoveis.com/vendor/laravel/framework/src/Illuminate/Pipeline/Pipeline.php(180): Illuminate\\Http\\Middleware\\HandleCors->handle()
#39 /home/mhash/Documents/Projects/agilizaimoveis.com/vendor/laravel/framework/src/Illuminate/Http/Middleware/TrustProxies.php(39): Illuminate\\Pipeline\\Pipeline->{closure:{closure:Illuminate\\Pipeline\\Pipeline::carry():155}:156}()
#40 /home/mhash/Documents/Projects/agilizaimoveis.com/vendor/laravel/framework/src/Illuminate/Pipeline/Pipeline.php(180): Illuminate\\Http\\Middleware\\TrustProxies->handle()
#41 /home/mhash/Documents/Projects/agilizaimoveis.com/vendor/laravel/framework/src/Illuminate/Pipeline/Pipeline.php(116): Illuminate\\Pipeline\\Pipeline->{closure:{closure:Illuminate\\Pipeline\\Pipeline::carry():155}:156}()
#42 /home/mhash/Documents/Projects/agilizaimoveis.com/vendor/laravel/framework/src/Illuminate/Foundation/Http/Kernel.php(165): Illuminate\\Pipeline\\Pipeline->then()
#43 /home/mhash/Documents/Projects/agilizaimoveis.com/vendor/laravel/framework/src/Illuminate/Foundation/Http/Kernel.php(134): Illuminate\\Foundation\\Http\\Kernel->sendRequestThroughRouter()
#44 /home/mhash/Documents/Projects/agilizaimoveis.com/public/index.php(51): Illuminate\\Foundation\\Http\\Kernel->handle()
#45 /home/mhash/Documents/Projects/agilizaimoveis.com/vendor/laravel/framework/src/Illuminate/Foundation/resources/server.php(16): require_once('...')
#46 {main}
"} 
[2025-11-03 20:04:22] local.ERROR: Please provide a valid cache path. {"exception":"[object] (InvalidArgumentException(code: 0): Please provide a valid cache path. at /home/mhash/Documents/Projects/agilizaimoveis.com/vendor/laravel/framework/src/Illuminate/View/Compilers/Compiler.php:66)
[stacktrace]
#0 /home/mhash/Documents/Projects/agilizaimoveis.com/vendor/laravel/framework/src/Illuminate/View/ViewServiceProvider.php(96): Illuminate\\View\\Compilers\\Compiler->__construct()
#1 /home/mhash/Documents/Projects/agilizaimoveis.com/vendor/laravel/framework/src/Illuminate/Container/Container.php(885): Illuminate\\View\\ViewServiceProvider->{closure:Illuminate\\View\\ViewServiceProvider::registerBladeCompiler():95}()
#2 /home/mhash/Documents/Projects/agilizaimoveis.com/vendor/laravel/framework/src/Illuminate/Container/Container.php(770): Illuminate\\Container\\Container->build()
#3 /home/mhash/Documents/Projects/agilizaimoveis.com/vendor/laravel/framework/src/Illuminate/Foundation/Application.php(881): Illuminate\\Container\\Container->resolve()
#4 /home/mhash/Documents/Projects/agilizaimoveis.com/vendor/laravel/framework/src/Illuminate/Container/Container.php(706): Illuminate\\Foundation\\Application->resolve()
#5 /home/mhash/Documents/Projects/agilizaimoveis.com/vendor/laravel/framework/src/Illuminate/Foundation/Application.php(866): Illuminate\\Container\\Container->make()
#6 /home/mhash/Documents/Projects/agilizaimoveis.com/vendor/laravel/framework/src/Illuminate/Container/Container.php(1431): Illuminate\\Foundation\\Application->make()
#7 /home/mhash/Documents/Projects/agilizaimoveis.com/vendor/laravel/framework/src/Illuminate/View/ViewServiceProvider.php(164): Illuminate\\Container\\Container->offsetGet()
#8 [internal function]: Illuminate\\View\\ViewServiceProvider->{closure:Illuminate\\View\\ViewServiceProvider::registerBladeEngine():163}()
#9 /home/mhash/Documents/Projects/agilizaimoveis.com/vendor/laravel/framework/src/Illuminate/View/Engines/EngineResolver.php(55): call_user_func()
#10 /home/mhash/Documents/Projects/agilizaimoveis.com/vendor/laravel/framework/src/Illuminate/View/Factory.php(310): Illuminate\\View\\Engines\\EngineResolver->resolve()
#11 /home/mhash/Documents/Projects/agilizaimoveis.com/vendor/laravel/framework/src/Illuminate/View/Factory.php(274): Illuminate\\View\\Factory->getEngineFromPath()
#12 /home/mhash/Documents/Projects/agilizaimoveis.com/vendor/laravel/framework/src/Illuminate/View/Factory.php(146): Illuminate\\View\\Factory->viewInstance()
#13 /home/mhash/Documents/Projects/agilizaimoveis.com/vendor/laravel/framework/src/Illuminate/Routing/ResponseFactory.php(87): Illuminate\\View\\Factory->make()
#14 /home/mhash/Documents/Projects/agilizaimoveis.com/vendor/laravel/framework/src/Illuminate/Foundation/Exceptions/Handler.php(626): Illuminate\\Routing\\ResponseFactory->view()
#15 /home/mhash/Documents/Projects/agilizaimoveis.com/vendor/laravel/framework/src/Illuminate/Foundation/Exceptions/Handler.php(554): Illuminate\\Foundation\\Exceptions\\Handler->renderHttpException()
#16 /home/mhash/Documents/Projects/agilizaimoveis.com/vendor/laravel/framework/src/Illuminate/Foundation/Exceptions/Handler.php(460): Illuminate\\Foundation\\Exceptions\\Handler->prepareResponse()
#17 /home/mhash/Documents/Projects/agilizaimoveis.com/vendor/laravel/framework/src/Illuminate/Foundation/Exceptions/Handler.php(377): Illuminate\\Foundation\\Exceptions\\Handler->renderExceptionResponse()
#18 /home/mhash/Documents/Projects/agilizaimoveis.com/vendor/laravel/framework/src/Illuminate/Routing/Pipeline.php(51): Illuminate\\Foundation\\Exceptions\\Handler->render()
#19 /home/mhash/Documents/Projects/agilizaimoveis.com/vendor/laravel/framework/src/Illuminate/Pipeline/Pipeline.php(143): Illuminate\\Routing\\Pipeline->handleException()
#20 /home/mhash/Documents/Projects/agilizaimoveis.com/vendor/laravel/framework/src/Illuminate/Foundation/Http/Middleware/TransformsRequest.php(21): Illuminate\\Pipeline\\Pipeline->{closure:Illuminate\\Pipeline\\Pipeline::prepareDestination():139}()
#21 /home/mhash/Documents/Projects/agilizaimoveis.com/vendor/laravel/framework/src/Illuminate/Foundation/Http/Middleware/ConvertEmptyStringsToNull.php(31): Illuminate\\Foundation\\Http\\Middleware\\TransformsRequest->handle()
#22 /home/mhash/Documents/Projects/agilizaimoveis.com/vendor/laravel/framework/src/Illuminate/Pipeline/Pipeline.php(180): Illuminate\\Foundation\\Http\\Middleware\\ConvertEmptyStringsToNull->handle()
#23 /home/mhash/Documents/Projects/agilizaimoveis.com/vendor/laravel/framework/src/Illuminate/Foundation/Http/Middleware/TransformsRequest.php(21): Illuminate\\Pipeline\\Pipeline->{closure:{closure:Illuminate\\Pipeline\\Pipeline::carry():155}:156}()
#24 /home/mhash/Documents/Projects/agilizaimoveis.com/vendor/laravel/framework/src/Illuminate/Foundation/Http/Middleware/TrimStrings.php(40): Illuminate\\Foundation\\Http\\Middleware\\TransformsRequest->handle()
#25 /home/mhash/Documents/Projects/agilizaimoveis.com/vendor/laravel/framework/src/Illuminate/Pipeline/Pipeline.php(180): Illuminate\\Foundation\\Http\\Middleware\\TrimStrings->handle()
#26 /home/mhash/Documents/Projects/agilizaimoveis.com/vendor/laravel/framework/src/Illuminate/Foundation/Http/Middleware/ValidatePostSize.php(27): Illuminate\\Pipeline\\Pipeline->{closure:{closure:Illuminate\\Pipeline\\Pipeline::carry():155}:156}()
#27 /home/mhash/Documents/Projects/agilizaimoveis.com/vendor/laravel/framework/src/Illuminate/Pipeline/Pipeline.php(180): Illuminate\\Foundation\\Http\\Middleware\\ValidatePostSize->handle()
#28 /home/mhash/Documents/Projects/agilizaimoveis.com/vendor/laravel/framework/src/Illuminate/Foundation/Http/Middleware/PreventRequestsDuringMaintenance.php(86): Illuminate\\Pipeline\\Pipeline->{closure:{closure:Illuminate\\Pipeline\\Pipeline::carry():155}:156}()
#29 /home/mhash/Documents/Projects/agilizaimoveis.com/vendor/laravel/framework/src/Illuminate/Pipeline/Pipeline.php(180): Illuminate\\Foundation\\Http\\Middleware\\PreventRequestsDuringMaintenance->handle()
#30 /home/mhash/Documents/Projects/agilizaimoveis.com/vendor/laravel/framework/src/Illuminate/Http/Middleware/HandleCors.php(49): Illuminate\\Pipeline\\Pipeline->{closure:{closure:Illuminate\\Pipeline\\Pipeline::carry():155}:156}()
#31 /home/mhash/Documents/Projects/agilizaimoveis.com/vendor/laravel/framework/src/Illuminate/Pipeline/Pipeline.php(180): Illuminate\\Http\\Middleware\\HandleCors->handle()
#32 /home/mhash/Documents/Projects/agilizaimoveis.com/vendor/laravel/framework/src/Illuminate/Http/Middleware/TrustProxies.php(39): Illuminate\\Pipeline\\Pipeline->{closure:{closure:Illuminate\\Pipeline\\Pipeline::carry():155}:156}()
#33 /home/mhash/Documents/Projects/agilizaimoveis.com/vendor/laravel/framework/src/Illuminate/Pipeline/Pipeline.php(180): Illuminate\\Http\\Middleware\\TrustProxies->handle()
#34 /home/mhash/Documents/Projects/agilizaimoveis.com/vendor/laravel/framework/src/Illuminate/Pipeline/Pipeline.php(116): Illuminate\\Pipeline\\Pipeline->{closure:{closure:Illuminate\\Pipeline\\Pipeline::carry():155}:156}()
#35 /home/mhash/Documents/Projects/agilizaimoveis.com/vendor/laravel/framework/src/Illuminate/Foundation/Http/Kernel.php(165): Illuminate\\Pipeline\\Pipeline->then()
#36 /home/mhash/Documents/Projects/agilizaimoveis.com/vendor/laravel/framework/src/Illuminate/Foundation/Http/Kernel.php(134): Illuminate\\Foundation\\Http\\Kernel->sendRequestThroughRouter()
#37 /home/mhash/Documents/Projects/agilizaimoveis.com/public/index.php(51): Illuminate\\Foundation\\Http\\Kernel->handle()
#38 /home/mhash/Documents/Projects/agilizaimoveis.com/vendor/laravel/framework/src/Illuminate/Foundation/resources/server.php(16): require_once('...')
#39 {main}
"} 
[2025-11-03 20:04:22] local.ERROR: Please provide a valid cache path. {"exception":"[object] (InvalidArgumentException(code: 0): Please provide a valid cache path. at /home/mhash/Documents/Projects/agilizaimoveis.com/vendor/laravel/framework/src/Illuminate/View/Compilers/Compiler.php:66)
[stacktrace]
#0 /home/mhash/Documents/Projects/agilizaimoveis.com/vendor/laravel/framework/src/Illuminate/View/ViewServiceProvider.php(96): Illuminate\\View\\Compilers\\Compiler->__construct()
#1 /home/mhash/Documents/Projects/agilizaimoveis.com/vendor/laravel/framework/src/Illuminate/Container/Container.php(885): Illuminate\\View\\ViewServiceProvider->{closure:Illuminate\\View\\ViewServiceProvider::registerBladeCompiler():95}()
#2 /home/mhash/Documents/Projects/agilizaimoveis.com/vendor/laravel/framework/src/Illuminate/Container/Container.php(770): Illuminate\\Container\\Container->build()
#3 /home/mhash/Documents/Projects/agilizaimoveis.com/vendor/laravel/framework/src/Illuminate/Foundation/Application.php(881): Illuminate\\Container\\Container->resolve()
#4 /home/mhash/Documents/Projects/agilizaimoveis.com/vendor/laravel/framework/src/Illuminate/Container/Container.php(706): Illuminate\\Foundation\\Application->resolve()
#5 /home/mhash/Documents/Projects/agilizaimoveis.com/vendor/laravel/framework/src/Illuminate/Foundation/Application.php(866): Illuminate\\Container\\Container->make()
#6 /home/mhash/Documents/Projects/agilizaimoveis.com/vendor/laravel/framework/src/Illuminate/Container/Container.php(1431): Illuminate\\Foundation\\Application->make()
#7 /home/mhash/Documents/Projects/agilizaimoveis.com/vendor/laravel/framework/src/Illuminate/View/ViewServiceProvider.php(164): Illuminate\\Container\\Container->offsetGet()
#8 [internal function]: Illuminate\\View\\ViewServiceProvider->{closure:Illuminate\\View\\ViewServiceProvider::registerBladeEngine():163}()
#9 /home/mhash/Documents/Projects/agilizaimoveis.com/vendor/laravel/framework/src/Illuminate/View/Engines/EngineResolver.php(55): call_user_func()
#10 /home/mhash/Documents/Projects/agilizaimoveis.com/vendor/laravel/framework/src/Illuminate/View/Factory.php(310): Illuminate\\View\\Engines\\EngineResolver->resolve()
#11 /home/mhash/Documents/Projects/agilizaimoveis.com/vendor/laravel/framework/src/Illuminate/View/Factory.php(274): Illuminate\\View\\Factory->getEngineFromPath()
#12 /home/mhash/Documents/Projects/agilizaimoveis.com/vendor/laravel/framework/src/Illuminate/View/Factory.php(146): Illuminate\\View\\Factory->viewInstance()
#13 /home/mhash/Documents/Projects/agilizaimoveis.com/vendor/laravel/framework/src/Illuminate/Routing/ResponseFactory.php(87): Illuminate\\View\\Factory->make()
#14 /home/mhash/Documents/Projects/agilizaimoveis.com/vendor/laravel/framework/src/Illuminate/Foundation/Exceptions/Handler.php(626): Illuminate\\Routing\\ResponseFactory->view()
#15 /home/mhash/Documents/Projects/agilizaimoveis.com/vendor/laravel/framework/src/Illuminate/Foundation/Exceptions/Handler.php(554): Illuminate\\Foundation\\Exceptions\\Handler->renderHttpException()
#16 /home/mhash/Documents/Projects/agilizaimoveis.com/vendor/laravel/framework/src/Illuminate/Foundation/Exceptions/Handler.php(460): Illuminate\\Foundation\\Exceptions\\Handler->prepareResponse()
#17 /home/mhash/Documents/Projects/agilizaimoveis.com/vendor/laravel/framework/src/Illuminate/Foundation/Exceptions/Handler.php(377): Illuminate\\Foundation\\Exceptions\\Handler->renderExceptionResponse()
#18 /home/mhash/Documents/Projects/agilizaimoveis.com/vendor/laravel/framework/src/Illuminate/Routing/Pipeline.php(51): Illuminate\\Foundation\\Exceptions\\Handler->render()
#19 /home/mhash/Documents/Projects/agilizaimoveis.com/vendor/laravel/framework/src/Illuminate/Pipeline/Pipeline.php(185): Illuminate\\Routing\\Pipeline->handleException()
#20 /home/mhash/Documents/Projects/agilizaimoveis.com/vendor/laravel/framework/src/Illuminate/Foundation/Http/Middleware/TransformsRequest.php(21): Illuminate\\Pipeline\\Pipeline->{closure:{closure:Illuminate\\Pipeline\\Pipeline::carry():155}:156}()
#21 /home/mhash/Documents/Projects/agilizaimoveis.com/vendor/laravel/framework/src/Illuminate/Foundation/Http/Middleware/TrimStrings.php(40): Illuminate\\Foundation\\Http\\Middleware\\TransformsRequest->handle()
#22 /home/mhash/Documents/Projects/agilizaimoveis.com/vendor/laravel/framework/src/Illuminate/Pipeline/Pipeline.php(180): Illuminate\\Foundation\\Http\\Middleware\\TrimStrings->handle()
#23 /home/mhash/Documents/Projects/agilizaimoveis.com/vendor/laravel/framework/src/Illuminate/Foundation/Http/Middleware/ValidatePostSize.php(27): Illuminate\\Pipeline\\Pipeline->{closure:{closure:Illuminate\\Pipeline\\Pipeline::carry():155}:156}()
#24 /home/mhash/Documents/Projects/agilizaimoveis.com/vendor/laravel/framework/src/Illuminate/Pipeline/Pipeline.php(180): Illuminate\\Foundation\\Http\\Middleware\\ValidatePostSize->handle()
#25 /home/mhash/Documents/Projects/agilizaimoveis.com/vendor/laravel/framework/src/Illuminate/Foundation/Http/Middleware/PreventRequestsDuringMaintenance.php(86): Illuminate\\Pipeline\\Pipeline->{closure:{closure:Illuminate\\Pipeline\\Pipeline::carry():155}:156}()
#26 /home/mhash/Documents/Projects/agilizaimoveis.com/vendor/laravel/framework/src/Illuminate/Pipeline/Pipeline.php(180): Illuminate\\Foundation\\Http\\Middleware\\PreventRequestsDuringMaintenance->handle()
#27 /home/mhash/Documents/Projects/agilizaimoveis.com/vendor/laravel/framework/src/Illuminate/Http/Middleware/HandleCors.php(49): Illuminate\\Pipeline\\Pipeline->{closure:{closure:Illuminate\\Pipeline\\Pipeline::carry():155}:156}()
#28 /home/mhash/Documents/Projects/agilizaimoveis.com/vendor/laravel/framework/src/Illuminate/Pipeline/Pipeline.php(180): Illuminate\\Http\\Middleware\\HandleCors->handle()
#29 /home/mhash/Documents/Projects/agilizaimoveis.com/vendor/laravel/framework/src/Illuminate/Http/Middleware/TrustProxies.php(39): Illuminate\\Pipeline\\Pipeline->{closure:{closure:Illuminate\\Pipeline\\Pipeline::carry():155}:156}()
#30 /home/mhash/Documents/Projects/agilizaimoveis.com/vendor/laravel/framework/src/Illuminate/Pipeline/Pipeline.php(180): Illuminate\\Http\\Middleware\\TrustProxies->handle()
#31 /home/mhash/Documents/Projects/agilizaimoveis.com/vendor/laravel/framework/src/Illuminate/Pipeline/Pipeline.php(116): Illuminate\\Pipeline\\Pipeline->{closure:{closure:Illuminate\\Pipeline\\Pipeline::carry():155}:156}()
#32 /home/mhash/Documents/Projects/agilizaimoveis.com/vendor/laravel/framework/src/Illuminate/Foundation/Http/Kernel.php(165): Illuminate\\Pipeline\\Pipeline->then()
#33 /home/mhash/Documents/Projects/agilizaimoveis.com/vendor/laravel/framework/src/Illuminate/Foundation/Http/Kernel.php(134): Illuminate\\Foundation\\Http\\Kernel->sendRequestThroughRouter()
#34 /home/mhash/Documents/Projects/agilizaimoveis.com/public/index.php(51): Illuminate\\Foundation\\Http\\Kernel->handle()
#35 /home/mhash/Documents/Projects/agilizaimoveis.com/vendor/laravel/framework/src/Illuminate/Foundation/resources/server.php(16): require_once('...')
#36 {main}
"} 
[2025-11-03 20:04:22] local.ERROR: Please provide a valid cache path. {"exception":"[object] (InvalidArgumentException(code: 0): Please provide a valid cache path. at /home/mhash/Documents/Projects/agilizaimoveis.com/vendor/laravel/framework/src/Illuminate/View/Compilers/Compiler.php:66)
[stacktrace]
#0 /home/mhash/Documents/Projects/agilizaimoveis.com/vendor/laravel/framework/src/Illuminate/View/ViewServiceProvider.php(96): Illuminate\\View\\Compilers\\Compiler->__construct()
#1 /home/mhash/Documents/Projects/agilizaimoveis.com/vendor/laravel/framework/src/Illuminate/Container/Container.php(885): Illuminate\\View\\ViewServiceProvider->{closure:Illuminate\\View\\ViewServiceProvider::registerBladeCompiler():95}()
#2 /home/mhash/Documents/Projects/agilizaimoveis.com/vendor/laravel/framework/src/Illuminate/Container/Container.php(770): Illuminate\\Container\\Container->build()
#3 /home/mhash/Documents/Projects/agilizaimoveis.com/vendor/laravel/framework/src/Illuminate/Foundation/Application.php(881): Illuminate\\Container\\Container->resolve()
#4 /home/mhash/Documents/Projects/agilizaimoveis.com/vendor/laravel/framework/src/Illuminate/Container/Container.php(706): Illuminate\\Foundation\\Application->resolve()
#5 /home/mhash/Documents/Projects/agilizaimoveis.com/vendor/laravel/framework/src/Illuminate/Foundation/Application.php(866): Illuminate\\Container\\Container->make()
#6 /home/mhash/Documents/Projects/agilizaimoveis.com/vendor/laravel/framework/src/Illuminate/Container/Container.php(1431): Illuminate\\Foundation\\Application->make()
#7 /home/mhash/Documents/Projects/agilizaimoveis.com/vendor/laravel/framework/src/Illuminate/View/ViewServiceProvider.php(164): Illuminate\\Container\\Container->offsetGet()
#8 [internal function]: Illuminate\\View\\ViewServiceProvider->{closure:Illuminate\\View\\ViewServiceProvider::registerBladeEngine():163}()
#9 /home/mhash/Documents/Projects/agilizaimoveis.com/vendor/laravel/framework/src/Illuminate/View/Engines/EngineResolver.php(55): call_user_func()
#10 /home/mhash/Documents/Projects/agilizaimoveis.com/vendor/laravel/framework/src/Illuminate/View/Factory.php(310): Illuminate\\View\\Engines\\EngineResolver->resolve()
#11 /home/mhash/Documents/Projects/agilizaimoveis.com/vendor/laravel/framework/src/Illuminate/View/Factory.php(274): Illuminate\\View\\Factory->getEngineFromPath()
#12 /home/mhash/Documents/Projects/agilizaimoveis.com/vendor/laravel/framework/src/Illuminate/View/Factory.php(146): Illuminate\\View\\Factory->viewInstance()
#13 /home/mhash/Documents/Projects/agilizaimoveis.com/vendor/laravel/framework/src/Illuminate/Routing/ResponseFactory.php(87): Illuminate\\View\\Factory->make()
#14 /home/mhash/Documents/Projects/agilizaimoveis.com/vendor/laravel/framework/src/Illuminate/Foundation/Exceptions/Handler.php(626): Illuminate\\Routing\\ResponseFactory->view()
#15 /home/mhash/Documents/Projects/agilizaimoveis.com/vendor/laravel/framework/src/Illuminate/Foundation/Exceptions/Handler.php(554): Illuminate\\Foundation\\Exceptions\\Handler->renderHttpException()
#16 /home/mhash/Documents/Projects/agilizaimoveis.com/vendor/laravel/framework/src/Illuminate/Foundation/Exceptions/Handler.php(460): Illuminate\\Foundation\\Exceptions\\Handler->prepareResponse()
#17 /home/mhash/Documents/Projects/agilizaimoveis.com/vendor/laravel/framework/src/Illuminate/Foundation/Exceptions/Handler.php(377): Illuminate\\Foundation\\Exceptions\\Handler->renderExceptionResponse()
#18 /home/mhash/Documents/Projects/agilizaimoveis.com/vendor/laravel/framework/src/Illuminate/Routing/Pipeline.php(51): Illuminate\\Foundation\\Exceptions\\Handler->render()
#19 /home/mhash/Documents/Projects/agilizaimoveis.com/vendor/laravel/framework/src/Illuminate/Pipeline/Pipeline.php(185): Illuminate\\Routing\\Pipeline->handleException()
#20 /home/mhash/Documents/Projects/agilizaimoveis.com/vendor/laravel/framework/src/Illuminate/Foundation/Http/Middleware/ValidatePostSize.php(27): Illuminate\\Pipeline\\Pipeline->{closure:{closure:Illuminate\\Pipeline\\Pipeline::carry():155}:156}()
#21 /home/mhash/Documents/Projects/agilizaimoveis.com/vendor/laravel/framework/src/Illuminate/Pipeline/Pipeline.php(180): Illuminate\\Foundation\\Http\\Middleware\\ValidatePostSize->handle()
#22 /home/mhash/Documents/Projects/agilizaimoveis.com/vendor/laravel/framework/src/Illuminate/Foundation/Http/Middleware/PreventRequestsDuringMaintenance.php(86): Illuminate\\Pipeline\\Pipeline->{closure:{closure:Illuminate\\Pipeline\\Pipeline::carry():155}:156}()
#23 /home/mhash/Documents/Projects/agilizaimoveis.com/vendor/laravel/framework/src/Illuminate/Pipeline/Pipeline.php(180): Illuminate\\Foundation\\Http\\Middleware\\PreventRequestsDuringMaintenance->handle()
#24 /home/mhash/Documents/Projects/agilizaimoveis.com/vendor/laravel/framework/src/Illuminate/Http/Middleware/HandleCors.php(49): Illuminate\\Pipeline\\Pipeline->{closure:{closure:Illuminate\\Pipeline\\Pipeline::carry():155}:156}()
#25 /home/mhash/Documents/Projects/agilizaimoveis.com/vendor/laravel/framework/src/Illuminate/Pipeline/Pipeline.php(180): Illuminate\\Http\\Middleware\\HandleCors->handle()
#26 /home/mhash/Documents/Projects/agilizaimoveis.com/vendor/laravel/framework/src/Illuminate/Http/Middleware/TrustProxies.php(39): Illuminate\\Pipeline\\Pipeline->{closure:{closure:Illuminate\\Pipeline\\Pipeline::carry():155}:156}()
#27 /home/mhash/Documents/Projects/agilizaimoveis.com/vendor/laravel/framework/src/Illuminate/Pipeline/Pipeline.php(180): Illuminate\\Http\\Middleware\\TrustProxies->handle()
#28 /home/mhash/Documents/Projects/agilizaimoveis.com/vendor/laravel/framework/src/Illuminate/Pipeline/Pipeline.php(116): Illuminate\\Pipeline\\Pipeline->{closure:{closure:Illuminate\\Pipeline\\Pipeline::carry():155}:156}()
#29 /home/mhash/Documents/Projects/agilizaimoveis.com/vendor/laravel/framework/src/Illuminate/Foundation/Http/Kernel.php(165): Illuminate\\Pipeline\\Pipeline->then()
#30 /home/mhash/Documents/Projects/agilizaimoveis.com/vendor/laravel/framework/src/Illuminate/Foundation/Http/Kernel.php(134): Illuminate\\Foundation\\Http\\Kernel->sendRequestThroughRouter()
#31 /home/mhash/Documents/Projects/agilizaimoveis.com/public/index.php(51): Illuminate\\Foundation\\Http\\Kernel->handle()
#32 /home/mhash/Documents/Projects/agilizaimoveis.com/vendor/laravel/framework/src/Illuminate/Foundation/resources/server.php(16): require_once('...')
#33 {main}
"} 
[2025-11-03 20:04:22] local.ERROR: Please provide a valid cache path. {"exception":"[object] (InvalidArgumentException(code: 0): Please provide a valid cache path. at /home/mhash/Documents/Projects/agilizaimoveis.com/vendor/laravel/framework/src/Illuminate/View/Compilers/Compiler.php:66)
[stacktrace]
#0 /home/mhash/Documents/Projects/agilizaimoveis.com/vendor/laravel/framework/src/Illuminate/View/ViewServiceProvider.php(96): Illuminate\\View\\Compilers\\Compiler->__construct()
#1 /home/mhash/Documents/Projects/agilizaimoveis.com/vendor/laravel/framework/src/Illuminate/Container/Container.php(885): Illuminate\\View\\ViewServiceProvider->{closure:Illuminate\\View\\ViewServiceProvider::registerBladeCompiler():95}()
#2 /home/mhash/Documents/Projects/agilizaimoveis.com/vendor/laravel/framework/src/Illuminate/Container/Container.php(770): Illuminate\\Container\\Container->build()
#3 /home/mhash/Documents/Projects/agilizaimoveis.com/vendor/laravel/framework/src/Illuminate/Foundation/Application.php(881): Illuminate\\Container\\Container->resolve()
#4 /home/mhash/Documents/Projects/agilizaimoveis.com/vendor/laravel/framework/src/Illuminate/Container/Container.php(706): Illuminate\\Foundation\\Application->resolve()
#5 /home/mhash/Documents/Projects/agilizaimoveis.com/vendor/laravel/framework/src/Illuminate/Foundation/Application.php(866): Illuminate\\Container\\Container->make()
#6 /home/mhash/Documents/Projects/agilizaimoveis.com/vendor/laravel/framework/src/Illuminate/Container/Container.php(1431): Illuminate\\Foundation\\Application->make()
#7 /home/mhash/Documents/Projects/agilizaimoveis.com/vendor/laravel/framework/src/Illuminate/View/ViewServiceProvider.php(164): Illuminate\\Container\\Container->offsetGet()
#8 [internal function]: Illuminate\\View\\ViewServiceProvider->{closure:Illuminate\\View\\ViewServiceProvider::registerBladeEngine():163}()
#9 /home/mhash/Documents/Projects/agilizaimoveis.com/vendor/laravel/framework/src/Illuminate/View/Engines/EngineResolver.php(55): call_user_func()
#10 /home/mhash/Documents/Projects/agilizaimoveis.com/vendor/laravel/framework/src/Illuminate/View/Factory.php(310): Illuminate\\View\\Engines\\EngineResolver->resolve()
#11 /home/mhash/Documents/Projects/agilizaimoveis.com/vendor/laravel/framework/src/Illuminate/View/Factory.php(274): Illuminate\\View\\Factory->getEngineFromPath()
#12 /home/mhash/Documents/Projects/agilizaimoveis.com/vendor/laravel/framework/src/Illuminate/View/Factory.php(146): Illuminate\\View\\Factory->viewInstance()
#13 /home/mhash/Documents/Projects/agilizaimoveis.com/vendor/laravel/framework/src/Illuminate/Routing/ResponseFactory.php(87): Illuminate\\View\\Factory->make()
#14 /home/mhash/Documents/Projects/agilizaimoveis.com/vendor/laravel/framework/src/Illuminate/Foundation/Exceptions/Handler.php(626): Illuminate\\Routing\\ResponseFactory->view()
#15 /home/mhash/Documents/Projects/agilizaimoveis.com/vendor/laravel/framework/src/Illuminate/Foundation/Exceptions/Handler.php(554): Illuminate\\Foundation\\Exceptions\\Handler->renderHttpException()
#16 /home/mhash/Documents/Projects/agilizaimoveis.com/vendor/laravel/framework/src/Illuminate/Foundation/Exceptions/Handler.php(460): Illuminate\\Foundation\\Exceptions\\Handler->prepareResponse()
#17 /home/mhash/Documents/Projects/agilizaimoveis.com/vendor/laravel/framework/src/Illuminate/Foundation/Exceptions/Handler.php(377): Illuminate\\Foundation\\Exceptions\\Handler->renderExceptionResponse()
#18 /home/mhash/Documents/Projects/agilizaimoveis.com/vendor/laravel/framework/src/Illuminate/Routing/Pipeline.php(51): Illuminate\\Foundation\\Exceptions\\Handler->render()
#19 /home/mhash/Documents/Projects/agilizaimoveis.com/vendor/laravel/framework/src/Illuminate/Pipeline/Pipeline.php(185): Illuminate\\Routing\\Pipeline->handleException()
#20 /home/mhash/Documents/Projects/agilizaimoveis.com/vendor/laravel/framework/src/Illuminate/Foundation/Http/Middleware/PreventRequestsDuringMaintenance.php(86): Illuminate\\Pipeline\\Pipeline->{closure:{closure:Illuminate\\Pipeline\\Pipeline::carry():155}:156}()
#21 /home/mhash/Documents/Projects/agilizaimoveis.com/vendor/laravel/framework/src/Illuminate/Pipeline/Pipeline.php(180): Illuminate\\Foundation\\Http\\Middleware\\PreventRequestsDuringMaintenance->handle()
#22 /home/mhash/Documents/Projects/agilizaimoveis.com/vendor/laravel/framework/src/Illuminate/Http/Middleware/HandleCors.php(49): Illuminate\\Pipeline\\Pipeline->{closure:{closure:Illuminate\\Pipeline\\Pipeline::carry():155}:156}()
#23 /home/mhash/Documents/Projects/agilizaimoveis.com/vendor/laravel/framework/src/Illuminate/Pipeline/Pipeline.php(180): Illuminate\\Http\\Middleware\\HandleCors->handle()
#24 /home/mhash/Documents/Projects/agilizaimoveis.com/vendor/laravel/framework/src/Illuminate/Http/Middleware/TrustProxies.php(39): Illuminate\\Pipeline\\Pipeline->{closure:{closure:Illuminate\\Pipeline\\Pipeline::carry():155}:156}()
#25 /home/mhash/Documents/Projects/agilizaimoveis.com/vendor/laravel/framework/src/Illuminate/Pipeline/Pipeline.php(180): Illuminate\\Http\\Middleware\\TrustProxies->handle()
#26 /home/mhash/Documents/Projects/agilizaimoveis.com/vendor/laravel/framework/src/Illuminate/Pipeline/Pipeline.php(116): Illuminate\\Pipeline\\Pipeline->{closure:{closure:Illuminate\\Pipeline\\Pipeline::carry():155}:156}()
#27 /home/mhash/Documents/Projects/agilizaimoveis.com/vendor/laravel/framework/src/Illuminate/Foundation/Http/Kernel.php(165): Illuminate\\Pipeline\\Pipeline->then()
#28 /home/mhash/Documents/Projects/agilizaimoveis.com/vendor/laravel/framework/src/Illuminate/Foundation/Http/Kernel.php(134): Illuminate\\Foundation\\Http\\Kernel->sendRequestThroughRouter()
#29 /home/mhash/Documents/Projects/agilizaimoveis.com/public/index.php(51): Illuminate\\Foundation\\Http\\Kernel->handle()
#30 /home/mhash/Documents/Projects/agilizaimoveis.com/vendor/laravel/framework/src/Illuminate/Foundation/resources/server.php(16): require_once('...')
#31 {main}
"} 
[2025-11-03 20:04:22] local.ERROR: Please provide a valid cache path. {"exception":"[object] (InvalidArgumentException(code: 0): Please provide a valid cache path. at /home/mhash/Documents/Projects/agilizaimoveis.com/vendor/laravel/framework/src/Illuminate/View/Compilers/Compiler.php:66)
[stacktrace]
#0 /home/mhash/Documents/Projects/agilizaimoveis.com/vendor/laravel/framework/src/Illuminate/View/ViewServiceProvider.php(96): Illuminate\\View\\Compilers\\Compiler->__construct()
#1 /home/mhash/Documents/Projects/agilizaimoveis.com/vendor/laravel/framework/src/Illuminate/Container/Container.php(885): Illuminate\\View\\ViewServiceProvider->{closure:Illuminate\\View\\ViewServiceProvider::registerBladeCompiler():95}()
#2 /home/mhash/Documents/Projects/agilizaimoveis.com/vendor/laravel/framework/src/Illuminate/Container/Container.php(770): Illuminate\\Container\\Container->build()
#3 /home/mhash/Documents/Projects/agilizaimoveis.com/vendor/laravel/framework/src/Illuminate/Foundation/Application.php(881): Illuminate\\Container\\Container->resolve()
#4 /home/mhash/Documents/Projects/agilizaimoveis.com/vendor/laravel/framework/src/Illuminate/Container/Container.php(706): Illuminate\\Foundation\\Application->resolve()
#5 /home/mhash/Documents/Projects/agilizaimoveis.com/vendor/laravel/framework/src/Illuminate/Foundation/Application.php(866): Illuminate\\Container\\Container->make()
#6 /home/mhash/Documents/Projects/agilizaimoveis.com/vendor/laravel/framework/src/Illuminate/Container/Container.php(1431): Illuminate\\Foundation\\Application->make()
#7 /home/mhash/Documents/Projects/agilizaimoveis.com/vendor/laravel/framework/src/Illuminate/View/ViewServiceProvider.php(164): Illuminate\\Container\\Container->offsetGet()
#8 [internal function]: Illuminate\\View\\ViewServiceProvider->{closure:Illuminate\\View\\ViewServiceProvider::registerBladeEngine():163}()
#9 /home/mhash/Documents/Projects/agilizaimoveis.com/vendor/laravel/framework/src/Illuminate/View/Engines/EngineResolver.php(55): call_user_func()
#10 /home/mhash/Documents/Projects/agilizaimoveis.com/vendor/laravel/framework/src/Illuminate/View/Factory.php(310): Illuminate\\View\\Engines\\EngineResolver->resolve()
#11 /home/mhash/Documents/Projects/agilizaimoveis.com/vendor/laravel/framework/src/Illuminate/View/Factory.php(274): Illuminate\\View\\Factory->getEngineFromPath()
#12 /home/mhash/Documents/Projects/agilizaimoveis.com/vendor/laravel/framework/src/Illuminate/View/Factory.php(146): Illuminate\\View\\Factory->viewInstance()
#13 /home/mhash/Documents/Projects/agilizaimoveis.com/vendor/laravel/framework/src/Illuminate/Routing/ResponseFactory.php(87): Illuminate\\View\\Factory->make()
#14 /home/mhash/Documents/Projects/agilizaimoveis.com/vendor/laravel/framework/src/Illuminate/Foundation/Exceptions/Handler.php(626): Illuminate\\Routing\\ResponseFactory->view()
#15 /home/mhash/Documents/Projects/agilizaimoveis.com/vendor/laravel/framework/src/Illuminate/Foundation/Exceptions/Handler.php(554): Illuminate\\Foundation\\Exceptions\\Handler->renderHttpException()
#16 /home/mhash/Documents/Projects/agilizaimoveis.com/vendor/laravel/framework/src/Illuminate/Foundation/Exceptions/Handler.php(460): Illuminate\\Foundation\\Exceptions\\Handler->prepareResponse()
#17 /home/mhash/Documents/Projects/agilizaimoveis.com/vendor/laravel/framework/src/Illuminate/Foundation/Exceptions/Handler.php(377): Illuminate\\Foundation\\Exceptions\\Handler->renderExceptionResponse()
#18 /home/mhash/Documents/Projects/agilizaimoveis.com/vendor/laravel/framework/src/Illuminate/Routing/Pipeline.php(51): Illuminate\\Foundation\\Exceptions\\Handler->render()
#19 /home/mhash/Documents/Projects/agilizaimoveis.com/vendor/laravel/framework/src/Illuminate/Pipeline/Pipeline.php(185): Illuminate\\Routing\\Pipeline->handleException()
#20 /home/mhash/Documents/Projects/agilizaimoveis.com/vendor/laravel/framework/src/Illuminate/Http/Middleware/HandleCors.php(49): Illuminate\\Pipeline\\Pipeline->{closure:{closure:Illuminate\\Pipeline\\Pipeline::carry():155}:156}()
#21 /home/mhash/Documents/Projects/agilizaimoveis.com/vendor/laravel/framework/src/Illuminate/Pipeline/Pipeline.php(180): Illuminate\\Http\\Middleware\\HandleCors->handle()
#22 /home/mhash/Documents/Projects/agilizaimoveis.com/vendor/laravel/framework/src/Illuminate/Http/Middleware/TrustProxies.php(39): Illuminate\\Pipeline\\Pipeline->{closure:{closure:Illuminate\\Pipeline\\Pipeline::carry():155}:156}()
#23 /home/mhash/Documents/Projects/agilizaimoveis.com/vendor/laravel/framework/src/Illuminate/Pipeline/Pipeline.php(180): Illuminate\\Http\\Middleware\\TrustProxies->handle()
#24 /home/mhash/Documents/Projects/agilizaimoveis.com/vendor/laravel/framework/src/Illuminate/Pipeline/Pipeline.php(116): Illuminate\\Pipeline\\Pipeline->{closure:{closure:Illuminate\\Pipeline\\Pipeline::carry():155}:156}()
#25 /home/mhash/Documents/Projects/agilizaimoveis.com/vendor/laravel/framework/src/Illuminate/Foundation/Http/Kernel.php(165): Illuminate\\Pipeline\\Pipeline->then()
#26 /home/mhash/Documents/Projects/agilizaimoveis.com/vendor/laravel/framework/src/Illuminate/Foundation/Http/Kernel.php(134): Illuminate\\Foundation\\Http\\Kernel->sendRequestThroughRouter()
#27 /home/mhash/Documents/Projects/agilizaimoveis.com/public/index.php(51): Illuminate\\Foundation\\Http\\Kernel->handle()
#28 /home/mhash/Documents/Projects/agilizaimoveis.com/vendor/laravel/framework/src/Illuminate/Foundation/resources/server.php(16): require_once('...')
#29 {main}
"} 
[2025-11-03 20:04:22] local.ERROR: Please provide a valid cache path. {"exception":"[object] (InvalidArgumentException(code: 0): Please provide a valid cache path. at /home/mhash/Documents/Projects/agilizaimoveis.com/vendor/laravel/framework/src/Illuminate/View/Compilers/Compiler.php:66)
[stacktrace]
#0 /home/mhash/Documents/Projects/agilizaimoveis.com/vendor/laravel/framework/src/Illuminate/View/ViewServiceProvider.php(96): Illuminate\\View\\Compilers\\Compiler->__construct()
#1 /home/mhash/Documents/Projects/agilizaimoveis.com/vendor/laravel/framework/src/Illuminate/Container/Container.php(885): Illuminate\\View\\ViewServiceProvider->{closure:Illuminate\\View\\ViewServiceProvider::registerBladeCompiler():95}()
#2 /home/mhash/Documents/Projects/agilizaimoveis.com/vendor/laravel/framework/src/Illuminate/Container/Container.php(770): Illuminate\\Container\\Container->build()
#3 /home/mhash/Documents/Projects/agilizaimoveis.com/vendor/laravel/framework/src/Illuminate/Foundation/Application.php(881): Illuminate\\Container\\Container->resolve()
#4 /home/mhash/Documents/Projects/agilizaimoveis.com/vendor/laravel/framework/src/Illuminate/Container/Container.php(706): Illuminate\\Foundation\\Application->resolve()
#5 /home/mhash/Documents/Projects/agilizaimoveis.com/vendor/laravel/framework/src/Illuminate/Foundation/Application.php(866): Illuminate\\Container\\Container->make()
#6 /home/mhash/Documents/Projects/agilizaimoveis.com/vendor/laravel/framework/src/Illuminate/Container/Container.php(1431): Illuminate\\Foundation\\Application->make()
#7 /home/mhash/Documents/Projects/agilizaimoveis.com/vendor/laravel/framework/src/Illuminate/View/ViewServiceProvider.php(164): Illuminate\\Container\\Container->offsetGet()
#8 [internal function]: Illuminate\\View\\ViewServiceProvider->{closure:Illuminate\\View\\ViewServiceProvider::registerBladeEngine():163}()
#9 /home/mhash/Documents/Projects/agilizaimoveis.com/vendor/laravel/framework/src/Illuminate/View/Engines/EngineResolver.php(55): call_user_func()
#10 /home/mhash/Documents/Projects/agilizaimoveis.com/vendor/laravel/framework/src/Illuminate/View/Factory.php(310): Illuminate\\View\\Engines\\EngineResolver->resolve()
#11 /home/mhash/Documents/Projects/agilizaimoveis.com/vendor/laravel/framework/src/Illuminate/View/Factory.php(274): Illuminate\\View\\Factory->getEngineFromPath()
#12 /home/mhash/Documents/Projects/agilizaimoveis.com/vendor/laravel/framework/src/Illuminate/View/Factory.php(146): Illuminate\\View\\Factory->viewInstance()
#13 /home/mhash/Documents/Projects/agilizaimoveis.com/vendor/laravel/framework/src/Illuminate/Routing/ResponseFactory.php(87): Illuminate\\View\\Factory->make()
#14 /home/mhash/Documents/Projects/agilizaimoveis.com/vendor/laravel/framework/src/Illuminate/Foundation/Exceptions/Handler.php(626): Illuminate\\Routing\\ResponseFactory->view()
#15 /home/mhash/Documents/Projects/agilizaimoveis.com/vendor/laravel/framework/src/Illuminate/Foundation/Exceptions/Handler.php(554): Illuminate\\Foundation\\Exceptions\\Handler->renderHttpException()
#16 /home/mhash/Documents/Projects/agilizaimoveis.com/vendor/laravel/framework/src/Illuminate/Foundation/Exceptions/Handler.php(460): Illuminate\\Foundation\\Exceptions\\Handler->prepareResponse()
#17 /home/mhash/Documents/Projects/agilizaimoveis.com/vendor/laravel/framework/src/Illuminate/Foundation/Exceptions/Handler.php(377): Illuminate\\Foundation\\Exceptions\\Handler->renderExceptionResponse()
#18 /home/mhash/Documents/Projects/agilizaimoveis.com/vendor/laravel/framework/src/Illuminate/Routing/Pipeline.php(51): Illuminate\\Foundation\\Exceptions\\Handler->render()
#19 /home/mhash/Documents/Projects/agilizaimoveis.com/vendor/laravel/framework/src/Illuminate/Pipeline/Pipeline.php(185): Illuminate\\Routing\\Pipeline->handleException()
#20 /home/mhash/Documents/Projects/agilizaimoveis.com/vendor/laravel/framework/src/Illuminate/Http/Middleware/TrustProxies.php(39): Illuminate\\Pipeline\\Pipeline->{closure:{closure:Illuminate\\Pipeline\\Pipeline::carry():155}:156}()
#21 /home/mhash/Documents/Projects/agilizaimoveis.com/vendor/laravel/framework/src/Illuminate/Pipeline/Pipeline.php(180): Illuminate\\Http\\Middleware\\TrustProxies->handle()
#22 /home/mhash/Documents/Projects/agilizaimoveis.com/vendor/laravel/framework/src/Illuminate/Pipeline/Pipeline.php(116): Illuminate\\Pipeline\\Pipeline->{closure:{closure:Illuminate\\Pipeline\\Pipeline::carry():155}:156}()
#23 /home/mhash/Documents/Projects/agilizaimoveis.com/vendor/laravel/framework/src/Illuminate/Foundation/Http/Kernel.php(165): Illuminate\\Pipeline\\Pipeline->then()
#24 /home/mhash/Documents/Projects/agilizaimoveis.com/vendor/laravel/framework/src/Illuminate/Foundation/Http/Kernel.php(134): Illuminate\\Foundation\\Http\\Kernel->sendRequestThroughRouter()
#25 /home/mhash/Documents/Projects/agilizaimoveis.com/public/index.php(51): Illuminate\\Foundation\\Http\\Kernel->handle()
#26 /home/mhash/Documents/Projects/agilizaimoveis.com/vendor/laravel/framework/src/Illuminate/Foundation/resources/server.php(16): require_once('...')
#27 {main}
"} 
[2025-11-03 20:04:22] local.ERROR: Please provide a valid cache path. {"exception":"[object] (InvalidArgumentException(code: 0): Please provide a valid cache path. at /home/mhash/Documents/Projects/agilizaimoveis.com/vendor/laravel/framework/src/Illuminate/View/Compilers/Compiler.php:66)
[stacktrace]
#0 /home/mhash/Documents/Projects/agilizaimoveis.com/vendor/laravel/framework/src/Illuminate/View/ViewServiceProvider.php(96): Illuminate\\View\\Compilers\\Compiler->__construct()
#1 /home/mhash/Documents/Projects/agilizaimoveis.com/vendor/laravel/framework/src/Illuminate/Container/Container.php(885): Illuminate\\View\\ViewServiceProvider->{closure:Illuminate\\View\\ViewServiceProvider::registerBladeCompiler():95}()
#2 /home/mhash/Documents/Projects/agilizaimoveis.com/vendor/laravel/framework/src/Illuminate/Container/Container.php(770): Illuminate\\Container\\Container->build()
#3 /home/mhash/Documents/Projects/agilizaimoveis.com/vendor/laravel/framework/src/Illuminate/Foundation/Application.php(881): Illuminate\\Container\\Container->resolve()
#4 /home/mhash/Documents/Projects/agilizaimoveis.com/vendor/laravel/framework/src/Illuminate/Container/Container.php(706): Illuminate\\Foundation\\Application->resolve()
#5 /home/mhash/Documents/Projects/agilizaimoveis.com/vendor/laravel/framework/src/Illuminate/Foundation/Application.php(866): Illuminate\\Container\\Container->make()
#6 /home/mhash/Documents/Projects/agilizaimoveis.com/vendor/laravel/framework/src/Illuminate/Container/Container.php(1431): Illuminate\\Foundation\\Application->make()
#7 /home/mhash/Documents/Projects/agilizaimoveis.com/vendor/laravel/framework/src/Illuminate/View/ViewServiceProvider.php(164): Illuminate\\Container\\Container->offsetGet()
#8 [internal function]: Illuminate\\View\\ViewServiceProvider->{closure:Illuminate\\View\\ViewServiceProvider::registerBladeEngine():163}()
#9 /home/mhash/Documents/Projects/agilizaimoveis.com/vendor/laravel/framework/src/Illuminate/View/Engines/EngineResolver.php(55): call_user_func()
#10 /home/mhash/Documents/Projects/agilizaimoveis.com/vendor/laravel/framework/src/Illuminate/View/Factory.php(310): Illuminate\\View\\Engines\\EngineResolver->resolve()
#11 /home/mhash/Documents/Projects/agilizaimoveis.com/vendor/laravel/framework/src/Illuminate/View/Factory.php(274): Illuminate\\View\\Factory->getEngineFromPath()
#12 /home/mhash/Documents/Projects/agilizaimoveis.com/vendor/laravel/framework/src/Illuminate/View/Factory.php(146): Illuminate\\View\\Factory->viewInstance()
#13 /home/mhash/Documents/Projects/agilizaimoveis.com/vendor/laravel/framework/src/Illuminate/Routing/ResponseFactory.php(87): Illuminate\\View\\Factory->make()
#14 /home/mhash/Documents/Projects/agilizaimoveis.com/vendor/laravel/framework/src/Illuminate/Foundation/Exceptions/Handler.php(626): Illuminate\\Routing\\ResponseFactory->view()
#15 /home/mhash/Documents/Projects/agilizaimoveis.com/vendor/laravel/framework/src/Illuminate/Foundation/Exceptions/Handler.php(554): Illuminate\\Foundation\\Exceptions\\Handler->renderHttpException()
#16 /home/mhash/Documents/Projects/agilizaimoveis.com/vendor/laravel/framework/src/Illuminate/Foundation/Exceptions/Handler.php(460): Illuminate\\Foundation\\Exceptions\\Handler->prepareResponse()
#17 /home/mhash/Documents/Projects/agilizaimoveis.com/vendor/laravel/framework/src/Illuminate/Foundation/Exceptions/Handler.php(377): Illuminate\\Foundation\\Exceptions\\Handler->renderExceptionResponse()
#18 /home/mhash/Documents/Projects/agilizaimoveis.com/vendor/laravel/framework/src/Illuminate/Routing/Pipeline.php(51): Illuminate\\Foundation\\Exceptions\\Handler->render()
#19 /home/mhash/Documents/Projects/agilizaimoveis.com/vendor/laravel/framework/src/Illuminate/Pipeline/Pipeline.php(185): Illuminate\\Routing\\Pipeline->handleException()
#20 /home/mhash/Documents/Projects/agilizaimoveis.com/vendor/laravel/framework/src/Illuminate/Pipeline/Pipeline.php(116): Illuminate\\Pipeline\\Pipeline->{closure:{closure:Illuminate\\Pipeline\\Pipeline::carry():155}:156}()
#21 /home/mhash/Documents/Projects/agilizaimoveis.com/vendor/laravel/framework/src/Illuminate/Foundation/Http/Kernel.php(165): Illuminate\\Pipeline\\Pipeline->then()
#22 /home/mhash/Documents/Projects/agilizaimoveis.com/vendor/laravel/framework/src/Illuminate/Foundation/Http/Kernel.php(134): Illuminate\\Foundation\\Http\\Kernel->sendRequestThroughRouter()
#23 /home/mhash/Documents/Projects/agilizaimoveis.com/public/index.php(51): Illuminate\\Foundation\\Http\\Kernel->handle()
#24 /home/mhash/Documents/Projects/agilizaimoveis.com/vendor/laravel/framework/src/Illuminate/Foundation/resources/server.php(16): require_once('...')
#25 {main}
"} 
[2025-11-03 20:04:22] local.ERROR: Please provide a valid cache path. {"exception":"[object] (InvalidArgumentException(code: 0): Please provide a valid cache path. at /home/mhash/Documents/Projects/agilizaimoveis.com/vendor/laravel/framework/src/Illuminate/View/Compilers/Compiler.php:66)
[stacktrace]
#0 /home/mhash/Documents/Projects/agilizaimoveis.com/vendor/laravel/framework/src/Illuminate/View/ViewServiceProvider.php(96): Illuminate\\View\\Compilers\\Compiler->__construct()
#1 /home/mhash/Documents/Projects/agilizaimoveis.com/vendor/laravel/framework/src/Illuminate/Container/Container.php(885): Illuminate\\View\\ViewServiceProvider->{closure:Illuminate\\View\\ViewServiceProvider::registerBladeCompiler():95}()
#2 /home/mhash/Documents/Projects/agilizaimoveis.com/vendor/laravel/framework/src/Illuminate/Container/Container.php(770): Illuminate\\Container\\Container->build()
#3 /home/mhash/Documents/Projects/agilizaimoveis.com/vendor/laravel/framework/src/Illuminate/Foundation/Application.php(881): Illuminate\\Container\\Container->resolve()
#4 /home/mhash/Documents/Projects/agilizaimoveis.com/vendor/laravel/framework/src/Illuminate/Container/Container.php(706): Illuminate\\Foundation\\Application->resolve()
#5 /home/mhash/Documents/Projects/agilizaimoveis.com/vendor/laravel/framework/src/Illuminate/Foundation/Application.php(866): Illuminate\\Container\\Container->make()
#6 /home/mhash/Documents/Projects/agilizaimoveis.com/vendor/laravel/framework/src/Illuminate/Container/Container.php(1431): Illuminate\\Foundation\\Application->make()
#7 /home/mhash/Documents/Projects/agilizaimoveis.com/vendor/laravel/framework/src/Illuminate/View/ViewServiceProvider.php(164): Illuminate\\Container\\Container->offsetGet()
#8 [internal function]: Illuminate\\View\\ViewServiceProvider->{closure:Illuminate\\View\\ViewServiceProvider::registerBladeEngine():163}()
#9 /home/mhash/Documents/Projects/agilizaimoveis.com/vendor/laravel/framework/src/Illuminate/View/Engines/EngineResolver.php(55): call_user_func()
#10 /home/mhash/Documents/Projects/agilizaimoveis.com/vendor/laravel/framework/src/Illuminate/View/Factory.php(310): Illuminate\\View\\Engines\\EngineResolver->resolve()
#11 /home/mhash/Documents/Projects/agilizaimoveis.com/vendor/laravel/framework/src/Illuminate/View/Factory.php(274): Illuminate\\View\\Factory->getEngineFromPath()
#12 /home/mhash/Documents/Projects/agilizaimoveis.com/vendor/laravel/framework/src/Illuminate/View/Factory.php(146): Illuminate\\View\\Factory->viewInstance()
#13 /home/mhash/Documents/Projects/agilizaimoveis.com/vendor/laravel/framework/src/Illuminate/Routing/ResponseFactory.php(87): Illuminate\\View\\Factory->make()
#14 /home/mhash/Documents/Projects/agilizaimoveis.com/vendor/laravel/framework/src/Illuminate/Foundation/Exceptions/Handler.php(626): Illuminate\\Routing\\ResponseFactory->view()
#15 /home/mhash/Documents/Projects/agilizaimoveis.com/vendor/laravel/framework/src/Illuminate/Foundation/Exceptions/Handler.php(554): Illuminate\\Foundation\\Exceptions\\Handler->renderHttpException()
#16 /home/mhash/Documents/Projects/agilizaimoveis.com/vendor/laravel/framework/src/Illuminate/Foundation/Exceptions/Handler.php(460): Illuminate\\Foundation\\Exceptions\\Handler->prepareResponse()
#17 /home/mhash/Documents/Projects/agilizaimoveis.com/vendor/laravel/framework/src/Illuminate/Foundation/Exceptions/Handler.php(377): Illuminate\\Foundation\\Exceptions\\Handler->renderExceptionResponse()
#18 /home/mhash/Documents/Projects/agilizaimoveis.com/vendor/laravel/framework/src/Illuminate/Foundation/Http/Kernel.php(493): Illuminate\\Foundation\\Exceptions\\Handler->render()
#19 /home/mhash/Documents/Projects/agilizaimoveis.com/vendor/laravel/framework/src/Illuminate/Foundation/Http/Kernel.php(138): Illuminate\\Foundation\\Http\\Kernel->renderException()
#20 /home/mhash/Documents/Projects/agilizaimoveis.com/public/index.php(51): Illuminate\\Foundation\\Http\\Kernel->handle()
#21 /home/mhash/Documents/Projects/agilizaimoveis.com/vendor/laravel/framework/src/Illuminate/Foundation/resources/server.php(16): require_once('...')
#22 {main}
"} 
[2025-11-03 20:04:22] local.ERROR: Uncaught InvalidArgumentException: Please provide a valid cache path. in /home/mhash/Documents/Projects/agilizaimoveis.com/vendor/laravel/framework/src/Illuminate/View/Compilers/Compiler.php:66
Stack trace:
#0 /home/mhash/Documents/Projects/agilizaimoveis.com/vendor/laravel/framework/src/Illuminate/View/ViewServiceProvider.php(96): Illuminate\View\Compilers\Compiler->__construct()
#1 /home/mhash/Documents/Projects/agilizaimoveis.com/vendor/laravel/framework/src/Illuminate/Container/Container.php(885): Illuminate\View\ViewServiceProvider->{closure:Illuminate\View\ViewServiceProvider::registerBladeCompiler():95}()
#2 /home/mhash/Documents/Projects/agilizaimoveis.com/vendor/laravel/framework/src/Illuminate/Container/Container.php(770): Illuminate\Container\Container->build()
#3 /home/mhash/Documents/Projects/agilizaimoveis.com/vendor/laravel/framework/src/Illuminate/Foundation/Application.php(881): Illuminate\Container\Container->resolve()
#4 /home/mhash/Documents/Projects/agilizaimoveis.com/vendor/laravel/framework/src/Illuminate/Container/Container.php(706): Illuminate\Foundation\Application->resolve()
#5 /home/mhash/Documents/Projects/agilizaimoveis.com/vendor/laravel/framework/src/Illuminate/Foundation/Application.php(866): Illuminate\Container\Container->make()
#6 /home/mhash/Documents/Projects/agilizaimoveis.com/vendor/laravel/framework/src/Illuminate/Container/Container.php(1431): Illuminate\Foundation\Application->make()
#7 /home/mhash/Documents/Projects/agilizaimoveis.com/vendor/laravel/framework/src/Illuminate/View/ViewServiceProvider.php(164): Illuminate\Container\Container->offsetGet()
#8 [internal function]: Illuminate\View\ViewServiceProvider->{closure:Illuminate\View\ViewServiceProvider::registerBladeEngine():163}()
#9 /home/mhash/Documents/Projects/agilizaimoveis.com/vendor/laravel/framework/src/Illuminate/View/Engines/EngineResolver.php(55): call_user_func()
#10 /home/mhash/Documents/Projects/agilizaimoveis.com/vendor/laravel/framework/src/Illuminate/View/Factory.php(310): Illuminate\View\Engines\EngineResolver->resolve()
#11 /home/mhash/Documents/Projects/agilizaimoveis.com/vendor/laravel/framework/src/Illuminate/View/Factory.php(274): Illuminate\View\Factory->getEngineFromPath()
#12 /home/mhash/Documents/Projects/agilizaimoveis.com/vendor/laravel/framework/src/Illuminate/View/Factory.php(146): Illuminate\View\Factory->viewInstance()
#13 /home/mhash/Documents/Projects/agilizaimoveis.com/vendor/laravel/framework/src/Illuminate/Routing/ResponseFactory.php(87): Illuminate\View\Factory->make()
#14 /home/mhash/Documents/Projects/agilizaimoveis.com/vendor/laravel/framework/src/Illuminate/Foundation/Exceptions/Handler.php(626): Illuminate\Routing\ResponseFactory->view()
#15 /home/mhash/Documents/Projects/agilizaimoveis.com/vendor/laravel/framework/src/Illuminate/Foundation/Exceptions/Handler.php(554): Illuminate\Foundation\Exceptions\Handler->renderHttpException()
#16 /home/mhash/Documents/Projects/agilizaimoveis.com/vendor/laravel/framework/src/Illuminate/Foundation/Exceptions/Handler.php(460): Illuminate\Foundation\Exceptions\Handler->prepareResponse()
#17 /home/mhash/Documents/Projects/agilizaimoveis.com/vendor/laravel/framework/src/Illuminate/Foundation/Exceptions/Handler.php(377): Illuminate\Foundation\Exceptions\Handler->renderExceptionResponse()
#18 /home/mhash/Documents/Projects/agilizaimoveis.com/vendor/laravel/framework/src/Illuminate/Foundation/Bootstrap/HandleExceptions.php(233): Illuminate\Foundation\Exceptions\Handler->render()
#19 /home/mhash/Documents/Projects/agilizaimoveis.com/vendor/laravel/framework/src/Illuminate/Foundation/Bootstrap/HandleExceptions.php(210): Illuminate\Foundation\Bootstrap\HandleExceptions->renderHttpResponse()
#20 /home/mhash/Documents/Projects/agilizaimoveis.com/vendor/laravel/framework/src/Illuminate/Foundation/Bootstrap/HandleExceptions.php(270): Illuminate\Foundation\Bootstrap\HandleExceptions->handleException()
#21 [internal function]: Illuminate\Foundation\Bootstrap\HandleExceptions->{closure:Illuminate\Foundation\Bootstrap\HandleExceptions::forwardsTo():269}()
#22 {main}
  thrown {"exception":"[object] (Symfony\\Component\\ErrorHandler\\Error\\FatalError(code: 0): Uncaught InvalidArgumentException: Please provide a valid cache path. in /home/mhash/Documents/Projects/agilizaimoveis.com/vendor/laravel/framework/src/Illuminate/View/Compilers/Compiler.php:66
Stack trace:
#0 /home/mhash/Documents/Projects/agilizaimoveis.com/vendor/laravel/framework/src/Illuminate/View/ViewServiceProvider.php(96): Illuminate\\View\\Compilers\\Compiler->__construct()
#1 /home/mhash/Documents/Projects/agilizaimoveis.com/vendor/laravel/framework/src/Illuminate/Container/Container.php(885): Illuminate\\View\\ViewServiceProvider->{closure:Illuminate\\View\\ViewServiceProvider::registerBladeCompiler():95}()
#2 /home/mhash/Documents/Projects/agilizaimoveis.com/vendor/laravel/framework/src/Illuminate/Container/Container.php(770): Illuminate\\Container\\Container->build()
#3 /home/mhash/Documents/Projects/agilizaimoveis.com/vendor/laravel/framework/src/Illuminate/Foundation/Application.php(881): Illuminate\\Container\\Container->resolve()
#4 /home/mhash/Documents/Projects/agilizaimoveis.com/vendor/laravel/framework/src/Illuminate/Container/Container.php(706): Illuminate\\Foundation\\Application->resolve()
#5 /home/mhash/Documents/Projects/agilizaimoveis.com/vendor/laravel/framework/src/Illuminate/Foundation/Application.php(866): Illuminate\\Container\\Container->make()
#6 /home/mhash/Documents/Projects/agilizaimoveis.com/vendor/laravel/framework/src/Illuminate/Container/Container.php(1431): Illuminate\\Foundation\\Application->make()
#7 /home/mhash/Documents/Projects/agilizaimoveis.com/vendor/laravel/framework/src/Illuminate/View/ViewServiceProvider.php(164): Illuminate\\Container\\Container->offsetGet()
#8 [internal function]: Illuminate\\View\\ViewServiceProvider->{closure:Illuminate\\View\\ViewServiceProvider::registerBladeEngine():163}()
#9 /home/mhash/Documents/Projects/agilizaimoveis.com/vendor/laravel/framework/src/Illuminate/View/Engines/EngineResolver.php(55): call_user_func()
#10 /home/mhash/Documents/Projects/agilizaimoveis.com/vendor/laravel/framework/src/Illuminate/View/Factory.php(310): Illuminate\\View\\Engines\\EngineResolver->resolve()
#11 /home/mhash/Documents/Projects/agilizaimoveis.com/vendor/laravel/framework/src/Illuminate/View/Factory.php(274): Illuminate\\View\\Factory->getEngineFromPath()
#12 /home/mhash/Documents/Projects/agilizaimoveis.com/vendor/laravel/framework/src/Illuminate/View/Factory.php(146): Illuminate\\View\\Factory->viewInstance()
#13 /home/mhash/Documents/Projects/agilizaimoveis.com/vendor/laravel/framework/src/Illuminate/Routing/ResponseFactory.php(87): Illuminate\\View\\Factory->make()
#14 /home/mhash/Documents/Projects/agilizaimoveis.com/vendor/laravel/framework/src/Illuminate/Foundation/Exceptions/Handler.php(626): Illuminate\\Routing\\ResponseFactory->view()
#15 /home/mhash/Documents/Projects/agilizaimoveis.com/vendor/laravel/framework/src/Illuminate/Foundation/Exceptions/Handler.php(554): Illuminate\\Foundation\\Exceptions\\Handler->renderHttpException()
#16 /home/mhash/Documents/Projects/agilizaimoveis.com/vendor/laravel/framework/src/Illuminate/Foundation/Exceptions/Handler.php(460): Illuminate\\Foundation\\Exceptions\\Handler->prepareResponse()
#17 /home/mhash/Documents/Projects/agilizaimoveis.com/vendor/laravel/framework/src/Illuminate/Foundation/Exceptions/Handler.php(377): Illuminate\\Foundation\\Exceptions\\Handler->renderExceptionResponse()
#18 /home/mhash/Documents/Projects/agilizaimoveis.com/vendor/laravel/framework/src/Illuminate/Foundation/Bootstrap/HandleExceptions.php(233): Illuminate\\Foundation\\Exceptions\\Handler->render()
#19 /home/mhash/Documents/Projects/agilizaimoveis.com/vendor/laravel/framework/src/Illuminate/Foundation/Bootstrap/HandleExceptions.php(210): Illuminate\\Foundation\\Bootstrap\\HandleExceptions->renderHttpResponse()
#20 /home/mhash/Documents/Projects/agilizaimoveis.com/vendor/laravel/framework/src/Illuminate/Foundation/Bootstrap/HandleExceptions.php(270): Illuminate\\Foundation\\Bootstrap\\HandleExceptions->handleException()
#21 [internal function]: Illuminate\\Foundation\\Bootstrap\\HandleExceptions->{closure:Illuminate\\Foundation\\Bootstrap\\HandleExceptions::forwardsTo():269}()
#22 {main}
  thrown at /home/mhash/Documents/Projects/agilizaimoveis.com/vendor/laravel/framework/src/Illuminate/View/Compilers/Compiler.php:66)
[stacktrace]
#0 {main}
"} 
[2025-11-03 20:06:06] local.ERROR: Please provide a valid cache path. {"exception":"[object] (InvalidArgumentException(code: 0): Please provide a valid cache path. at /home/mhash/Documents/Projects/agilizaimoveis.com/vendor/laravel/framework/src/Illuminate/View/Compilers/Compiler.php:66)
[stacktrace]
#0 /home/mhash/Documents/Projects/agilizaimoveis.com/vendor/laravel/framework/src/Illuminate/View/ViewServiceProvider.php(96): Illuminate\\View\\Compilers\\Compiler->__construct()
#1 /home/mhash/Documents/Projects/agilizaimoveis.com/vendor/laravel/framework/src/Illuminate/Container/Container.php(885): Illuminate\\View\\ViewServiceProvider->{closure:Illuminate\\View\\ViewServiceProvider::registerBladeCompiler():95}()
#2 /home/mhash/Documents/Projects/agilizaimoveis.com/vendor/laravel/framework/src/Illuminate/Container/Container.php(770): Illuminate\\Container\\Container->build()
#3 /home/mhash/Documents/Projects/agilizaimoveis.com/vendor/laravel/framework/src/Illuminate/Foundation/Application.php(881): Illuminate\\Container\\Container->resolve()
#4 /home/mhash/Documents/Projects/agilizaimoveis.com/vendor/laravel/framework/src/Illuminate/Container/Container.php(706): Illuminate\\Foundation\\Application->resolve()
#5 /home/mhash/Documents/Projects/agilizaimoveis.com/vendor/laravel/framework/src/Illuminate/Foundation/Application.php(866): Illuminate\\Container\\Container->make()
#6 /home/mhash/Documents/Projects/agilizaimoveis.com/vendor/laravel/framework/src/Illuminate/Container/Container.php(1431): Illuminate\\Foundation\\Application->make()
#7 /home/mhash/Documents/Projects/agilizaimoveis.com/vendor/laravel/framework/src/Illuminate/View/ViewServiceProvider.php(164): Illuminate\\Container\\Container->offsetGet()
#8 [internal function]: Illuminate\\View\\ViewServiceProvider->{closure:Illuminate\\View\\ViewServiceProvider::registerBladeEngine():163}()
#9 /home/mhash/Documents/Projects/agilizaimoveis.com/vendor/laravel/framework/src/Illuminate/View/Engines/EngineResolver.php(55): call_user_func()
#10 /home/mhash/Documents/Projects/agilizaimoveis.com/vendor/laravel/framework/src/Illuminate/View/Factory.php(310): Illuminate\\View\\Engines\\EngineResolver->resolve()
#11 /home/mhash/Documents/Projects/agilizaimoveis.com/vendor/laravel/framework/src/Illuminate/View/Factory.php(274): Illuminate\\View\\Factory->getEngineFromPath()
#12 /home/mhash/Documents/Projects/agilizaimoveis.com/vendor/laravel/framework/src/Illuminate/View/Factory.php(146): Illuminate\\View\\Factory->viewInstance()
#13 /home/mhash/Documents/Projects/agilizaimoveis.com/vendor/laravel/framework/src/Illuminate/Foundation/helpers.php(1035): Illuminate\\View\\Factory->make()
#14 /home/mhash/Documents/Projects/agilizaimoveis.com/app/Http/Controllers/HomeController.php(61): view()
#15 /home/mhash/Documents/Projects/agilizaimoveis.com/vendor/laravel/framework/src/Illuminate/Routing/Controller.php(54): App\\Http\\Controllers\\HomeController->index()
#16 /home/mhash/Documents/Projects/agilizaimoveis.com/vendor/laravel/framework/src/Illuminate/Routing/ControllerDispatcher.php(43): Illuminate\\Routing\\Controller->callAction()
#17 /home/mhash/Documents/Projects/agilizaimoveis.com/vendor/laravel/framework/src/Illuminate/Routing/Route.php(259): Illuminate\\Routing\\ControllerDispatcher->dispatch()
#18 /home/mhash/Documents/Projects/agilizaimoveis.com/vendor/laravel/framework/src/Illuminate/Routing/Route.php(205): Illuminate\\Routing\\Route->runController()
#19 /home/mhash/Documents/Projects/agilizaimoveis.com/vendor/laravel/framework/src/Illuminate/Routing/Router.php(798): Illuminate\\Routing\\Route->run()
#20 /home/mhash/Documents/Projects/agilizaimoveis.com/vendor/laravel/framework/src/Illuminate/Pipeline/Pipeline.php(141): Illuminate\\Routing\\Router->{closure:Illuminate\\Routing\\Router::runRouteWithinStack():797}()
#21 /home/mhash/Documents/Projects/agilizaimoveis.com/vendor/laravel/framework/src/Illuminate/Routing/Middleware/SubstituteBindings.php(50): Illuminate\\Pipeline\\Pipeline->{closure:Illuminate\\Pipeline\\Pipeline::prepareDestination():139}()
#22 /home/mhash/Documents/Projects/agilizaimoveis.com/vendor/laravel/framework/src/Illuminate/Pipeline/Pipeline.php(180): Illuminate\\Routing\\Middleware\\SubstituteBindings->handle()
#23 /home/mhash/Documents/Projects/agilizaimoveis.com/vendor/laravel/framework/src/Illuminate/Foundation/Http/Middleware/VerifyCsrfToken.php(78): Illuminate\\Pipeline\\Pipeline->{closure:{closure:Illuminate\\Pipeline\\Pipeline::carry():155}:156}()
#24 /home/mhash/Documents/Projects/agilizaimoveis.com/vendor/laravel/framework/src/Illuminate/Pipeline/Pipeline.php(180): Illuminate\\Foundation\\Http\\Middleware\\VerifyCsrfToken->handle()
#25 /home/mhash/Documents/Projects/agilizaimoveis.com/vendor/laravel/framework/src/Illuminate/View/Middleware/ShareErrorsFromSession.php(49): Illuminate\\Pipeline\\Pipeline->{closure:{closure:Illuminate\\Pipeline\\Pipeline::carry():155}:156}()
#26 /home/mhash/Documents/Projects/agilizaimoveis.com/vendor/laravel/framework/src/Illuminate/Pipeline/Pipeline.php(180): Illuminate\\View\\Middleware\\ShareErrorsFromSession->handle()
#27 /home/mhash/Documents/Projects/agilizaimoveis.com/vendor/laravel/framework/src/Illuminate/Session/Middleware/StartSession.php(121): Illuminate\\Pipeline\\Pipeline->{closure:{closure:Illuminate\\Pipeline\\Pipeline::carry():155}:156}()
#28 /home/mhash/Documents/Projects/agilizaimoveis.com/vendor/laravel/framework/src/Illuminate/Session/Middleware/StartSession.php(64): Illuminate\\Session\\Middleware\\StartSession->handleStatefulRequest()
#29 /home/mhash/Documents/Projects/agilizaimoveis.com/vendor/laravel/framework/src/Illuminate/Pipeline/Pipeline.php(180): Illuminate\\Session\\Middleware\\StartSession->handle()
#30 /home/mhash/Documents/Projects/agilizaimoveis.com/vendor/laravel/framework/src/Illuminate/Cookie/Middleware/AddQueuedCookiesToResponse.php(37): Illuminate\\Pipeline\\Pipeline->{closure:{closure:Illuminate\\Pipeline\\Pipeline::carry():155}:156}()
#31 /home/mhash/Documents/Projects/agilizaimoveis.com/vendor/laravel/framework/src/Illuminate/Pipeline/Pipeline.php(180): Illuminate\\Cookie\\Middleware\\AddQueuedCookiesToResponse->handle()
#32 /home/mhash/Documents/Projects/agilizaimoveis.com/vendor/laravel/framework/src/Illuminate/Cookie/Middleware/EncryptCookies.php(67): Illuminate\\Pipeline\\Pipeline->{closure:{closure:Illuminate\\Pipeline\\Pipeline::carry():155}:156}()
#33 /home/mhash/Documents/Projects/agilizaimoveis.com/vendor/laravel/framework/src/Illuminate/Pipeline/Pipeline.php(180): Illuminate\\Cookie\\Middleware\\EncryptCookies->handle()
#34 /home/mhash/Documents/Projects/agilizaimoveis.com/vendor/laravel/framework/src/Illuminate/Pipeline/Pipeline.php(116): Illuminate\\Pipeline\\Pipeline->{closure:{closure:Illuminate\\Pipeline\\Pipeline::carry():155}:156}()
#35 /home/mhash/Documents/Projects/agilizaimoveis.com/vendor/laravel/framework/src/Illuminate/Routing/Router.php(797): Illuminate\\Pipeline\\Pipeline->then()
#36 /home/mhash/Documents/Projects/agilizaimoveis.com/vendor/laravel/framework/src/Illuminate/Routing/Router.php(776): Illuminate\\Routing\\Router->runRouteWithinStack()
#37 /home/mhash/Documents/Projects/agilizaimoveis.com/vendor/laravel/framework/src/Illuminate/Routing/Router.php(740): Illuminate\\Routing\\Router->runRoute()
#38 /home/mhash/Documents/Projects/agilizaimoveis.com/vendor/laravel/framework/src/Illuminate/Routing/Router.php(729): Illuminate\\Routing\\Router->dispatchToRoute()
#39 /home/mhash/Documents/Projects/agilizaimoveis.com/vendor/laravel/framework/src/Illuminate/Foundation/Http/Kernel.php(190): Illuminate\\Routing\\Router->dispatch()
#40 /home/mhash/Documents/Projects/agilizaimoveis.com/vendor/laravel/framework/src/Illuminate/Pipeline/Pipeline.php(141): Illuminate\\Foundation\\Http\\Kernel->{closure:Illuminate\\Foundation\\Http\\Kernel::dispatchToRouter():187}()
#41 /home/mhash/Documents/Projects/agilizaimoveis.com/vendor/laravel/framework/src/Illuminate/Foundation/Http/Middleware/TransformsRequest.php(21): Illuminate\\Pipeline\\Pipeline->{closure:Illuminate\\Pipeline\\Pipeline::prepareDestination():139}()
#42 /home/mhash/Documents/Projects/agilizaimoveis.com/vendor/laravel/framework/src/Illuminate/Foundation/Http/Middleware/ConvertEmptyStringsToNull.php(31): Illuminate\\Foundation\\Http\\Middleware\\TransformsRequest->handle()
#43 /home/mhash/Documents/Projects/agilizaimoveis.com/vendor/laravel/framework/src/Illuminate/Pipeline/Pipeline.php(180): Illuminate\\Foundation\\Http\\Middleware\\ConvertEmptyStringsToNull->handle()
#44 /home/mhash/Documents/Projects/agilizaimoveis.com/vendor/laravel/framework/src/Illuminate/Foundation/Http/Middleware/TransformsRequest.php(21): Illuminate\\Pipeline\\Pipeline->{closure:{closure:Illuminate\\Pipeline\\Pipeline::carry():155}:156}()
#45 /home/mhash/Documents/Projects/agilizaimoveis.com/vendor/laravel/framework/src/Illuminate/Foundation/Http/Middleware/TrimStrings.php(40): Illuminate\\Foundation\\Http\\Middleware\\TransformsRequest->handle()
#46 /home/mhash/Documents/Projects/agilizaimoveis.com/vendor/laravel/framework/src/Illuminate/Pipeline/Pipeline.php(180): Illuminate\\Foundation\\Http\\Middleware\\TrimStrings->handle()
#47 /home/mhash/Documents/Projects/agilizaimoveis.com/vendor/laravel/framework/src/Illuminate/Foundation/Http/Middleware/ValidatePostSize.php(27): Illuminate\\Pipeline\\Pipeline->{closure:{closure:Illuminate\\Pipeline\\Pipeline::carry():155}:156}()
#48 /home/mhash/Documents/Projects/agilizaimoveis.com/vendor/laravel/framework/src/Illuminate/Pipeline/Pipeline.php(180): Illuminate\\Foundation\\Http\\Middleware\\ValidatePostSize->handle()
#49 /home/mhash/Documents/Projects/agilizaimoveis.com/vendor/laravel/framework/src/Illuminate/Foundation/Http/Middleware/PreventRequestsDuringMaintenance.php(86): Illuminate\\Pipeline\\Pipeline->{closure:{closure:Illuminate\\Pipeline\\Pipeline::carry():155}:156}()
#50 /home/mhash/Documents/Projects/agilizaimoveis.com/vendor/laravel/framework/src/Illuminate/Pipeline/Pipeline.php(180): Illuminate\\Foundation\\Http\\Middleware\\PreventRequestsDuringMaintenance->handle()
#51 /home/mhash/Documents/Projects/agilizaimoveis.com/vendor/laravel/framework/src/Illuminate/Http/Middleware/HandleCors.php(49): Illuminate\\Pipeline\\Pipeline->{closure:{closure:Illuminate\\Pipeline\\Pipeline::carry():155}:156}()
#52 /home/mhash/Documents/Projects/agilizaimoveis.com/vendor/laravel/framework/src/Illuminate/Pipeline/Pipeline.php(180): Illuminate\\Http\\Middleware\\HandleCors->handle()
#53 /home/mhash/Documents/Projects/agilizaimoveis.com/vendor/laravel/framework/src/Illuminate/Http/Middleware/TrustProxies.php(39): Illuminate\\Pipeline\\Pipeline->{closure:{closure:Illuminate\\Pipeline\\Pipeline::carry():155}:156}()
#54 /home/mhash/Documents/Projects/agilizaimoveis.com/vendor/laravel/framework/src/Illuminate/Pipeline/Pipeline.php(180): Illuminate\\Http\\Middleware\\TrustProxies->handle()
#55 /home/mhash/Documents/Projects/agilizaimoveis.com/vendor/laravel/framework/src/Illuminate/Pipeline/Pipeline.php(116): Illuminate\\Pipeline\\Pipeline->{closure:{closure:Illuminate\\Pipeline\\Pipeline::carry():155}:156}()
#56 /home/mhash/Documents/Projects/agilizaimoveis.com/vendor/laravel/framework/src/Illuminate/Foundation/Http/Kernel.php(165): Illuminate\\Pipeline\\Pipeline->then()
#57 /home/mhash/Documents/Projects/agilizaimoveis.com/vendor/laravel/framework/src/Illuminate/Foundation/Http/Kernel.php(134): Illuminate\\Foundation\\Http\\Kernel->sendRequestThroughRouter()
#58 /home/mhash/Documents/Projects/agilizaimoveis.com/public/index.php(51): Illuminate\\Foundation\\Http\\Kernel->handle()
#59 /home/mhash/Documents/Projects/agilizaimoveis.com/vendor/laravel/framework/src/Illuminate/Foundation/resources/server.php(16): require_once('...')
#60 {main}
"} 
[2025-11-03 20:06:06] local.ERROR: Please provide a valid cache path. {"exception":"[object] (InvalidArgumentException(code: 0): Please provide a valid cache path. at /home/mhash/Documents/Projects/agilizaimoveis.com/vendor/laravel/framework/src/Illuminate/View/Compilers/Compiler.php:66)
[stacktrace]
#0 /home/mhash/Documents/Projects/agilizaimoveis.com/vendor/laravel/framework/src/Illuminate/View/ViewServiceProvider.php(96): Illuminate\\View\\Compilers\\Compiler->__construct()
#1 /home/mhash/Documents/Projects/agilizaimoveis.com/vendor/laravel/framework/src/Illuminate/Container/Container.php(885): Illuminate\\View\\ViewServiceProvider->{closure:Illuminate\\View\\ViewServiceProvider::registerBladeCompiler():95}()
#2 /home/mhash/Documents/Projects/agilizaimoveis.com/vendor/laravel/framework/src/Illuminate/Container/Container.php(770): Illuminate\\Container\\Container->build()
#3 /home/mhash/Documents/Projects/agilizaimoveis.com/vendor/laravel/framework/src/Illuminate/Foundation/Application.php(881): Illuminate\\Container\\Container->resolve()
#4 /home/mhash/Documents/Projects/agilizaimoveis.com/vendor/laravel/framework/src/Illuminate/Container/Container.php(706): Illuminate\\Foundation\\Application->resolve()
#5 /home/mhash/Documents/Projects/agilizaimoveis.com/vendor/laravel/framework/src/Illuminate/Foundation/Application.php(866): Illuminate\\Container\\Container->make()
#6 /home/mhash/Documents/Projects/agilizaimoveis.com/vendor/laravel/framework/src/Illuminate/Container/Container.php(1431): Illuminate\\Foundation\\Application->make()
#7 /home/mhash/Documents/Projects/agilizaimoveis.com/vendor/laravel/framework/src/Illuminate/View/ViewServiceProvider.php(164): Illuminate\\Container\\Container->offsetGet()
#8 [internal function]: Illuminate\\View\\ViewServiceProvider->{closure:Illuminate\\View\\ViewServiceProvider::registerBladeEngine():163}()
#9 /home/mhash/Documents/Projects/agilizaimoveis.com/vendor/laravel/framework/src/Illuminate/View/Engines/EngineResolver.php(55): call_user_func()
#10 /home/mhash/Documents/Projects/agilizaimoveis.com/vendor/laravel/framework/src/Illuminate/View/Factory.php(310): Illuminate\\View\\Engines\\EngineResolver->resolve()
#11 /home/mhash/Documents/Projects/agilizaimoveis.com/vendor/laravel/framework/src/Illuminate/View/Factory.php(274): Illuminate\\View\\Factory->getEngineFromPath()
#12 /home/mhash/Documents/Projects/agilizaimoveis.com/vendor/laravel/framework/src/Illuminate/View/Factory.php(146): Illuminate\\View\\Factory->viewInstance()
#13 /home/mhash/Documents/Projects/agilizaimoveis.com/vendor/laravel/framework/src/Illuminate/Routing/ResponseFactory.php(87): Illuminate\\View\\Factory->make()
#14 /home/mhash/Documents/Projects/agilizaimoveis.com/vendor/laravel/framework/src/Illuminate/Foundation/Exceptions/Handler.php(626): Illuminate\\Routing\\ResponseFactory->view()
#15 /home/mhash/Documents/Projects/agilizaimoveis.com/vendor/laravel/framework/src/Illuminate/Foundation/Exceptions/Handler.php(554): Illuminate\\Foundation\\Exceptions\\Handler->renderHttpException()
#16 /home/mhash/Documents/Projects/agilizaimoveis.com/vendor/laravel/framework/src/Illuminate/Foundation/Exceptions/Handler.php(460): Illuminate\\Foundation\\Exceptions\\Handler->prepareResponse()
#17 /home/mhash/Documents/Projects/agilizaimoveis.com/vendor/laravel/framework/src/Illuminate/Foundation/Exceptions/Handler.php(377): Illuminate\\Foundation\\Exceptions\\Handler->renderExceptionResponse()
#18 /home/mhash/Documents/Projects/agilizaimoveis.com/vendor/laravel/framework/src/Illuminate/Routing/Pipeline.php(51): Illuminate\\Foundation\\Exceptions\\Handler->render()
#19 /home/mhash/Documents/Projects/agilizaimoveis.com/vendor/laravel/framework/src/Illuminate/Pipeline/Pipeline.php(143): Illuminate\\Routing\\Pipeline->handleException()
#20 /home/mhash/Documents/Projects/agilizaimoveis.com/vendor/laravel/framework/src/Illuminate/Routing/Middleware/SubstituteBindings.php(50): Illuminate\\Pipeline\\Pipeline->{closure:Illuminate\\Pipeline\\Pipeline::prepareDestination():139}()
#21 /home/mhash/Documents/Projects/agilizaimoveis.com/vendor/laravel/framework/src/Illuminate/Pipeline/Pipeline.php(180): Illuminate\\Routing\\Middleware\\SubstituteBindings->handle()
#22 /home/mhash/Documents/Projects/agilizaimoveis.com/vendor/laravel/framework/src/Illuminate/Foundation/Http/Middleware/VerifyCsrfToken.php(78): Illuminate\\Pipeline\\Pipeline->{closure:{closure:Illuminate\\Pipeline\\Pipeline::carry():155}:156}()
#23 /home/mhash/Documents/Projects/agilizaimoveis.com/vendor/laravel/framework/src/Illuminate/Pipeline/Pipeline.php(180): Illuminate\\Foundation\\Http\\Middleware\\VerifyCsrfToken->handle()
#24 /home/mhash/Documents/Projects/agilizaimoveis.com/vendor/laravel/framework/src/Illuminate/View/Middleware/ShareErrorsFromSession.php(49): Illuminate\\Pipeline\\Pipeline->{closure:{closure:Illuminate\\Pipeline\\Pipeline::carry():155}:156}()
#25 /home/mhash/Documents/Projects/agilizaimoveis.com/vendor/laravel/framework/src/Illuminate/Pipeline/Pipeline.php(180): Illuminate\\View\\Middleware\\ShareErrorsFromSession->handle()
#26 /home/mhash/Documents/Projects/agilizaimoveis.com/vendor/laravel/framework/src/Illuminate/Session/Middleware/StartSession.php(121): Illuminate\\Pipeline\\Pipeline->{closure:{closure:Illuminate\\Pipeline\\Pipeline::carry():155}:156}()
#27 /home/mhash/Documents/Projects/agilizaimoveis.com/vendor/laravel/framework/src/Illuminate/Session/Middleware/StartSession.php(64): Illuminate\\Session\\Middleware\\StartSession->handleStatefulRequest()
#28 /home/mhash/Documents/Projects/agilizaimoveis.com/vendor/laravel/framework/src/Illuminate/Pipeline/Pipeline.php(180): Illuminate\\Session\\Middleware\\StartSession->handle()
#29 /home/mhash/Documents/Projects/agilizaimoveis.com/vendor/laravel/framework/src/Illuminate/Cookie/Middleware/AddQueuedCookiesToResponse.php(37): Illuminate\\Pipeline\\Pipeline->{closure:{closure:Illuminate\\Pipeline\\Pipeline::carry():155}:156}()
#30 /home/mhash/Documents/Projects/agilizaimoveis.com/vendor/laravel/framework/src/Illuminate/Pipeline/Pipeline.php(180): Illuminate\\Cookie\\Middleware\\AddQueuedCookiesToResponse->handle()
#31 /home/mhash/Documents/Projects/agilizaimoveis.com/vendor/laravel/framework/src/Illuminate/Cookie/Middleware/EncryptCookies.php(67): Illuminate\\Pipeline\\Pipeline->{closure:{closure:Illuminate\\Pipeline\\Pipeline::carry():155}:156}()
#32 /home/mhash/Documents/Projects/agilizaimoveis.com/vendor/laravel/framework/src/Illuminate/Pipeline/Pipeline.php(180): Illuminate\\Cookie\\Middleware\\EncryptCookies->handle()
#33 /home/mhash/Documents/Projects/agilizaimoveis.com/vendor/laravel/framework/src/Illuminate/Pipeline/Pipeline.php(116): Illuminate\\Pipeline\\Pipeline->{closure:{closure:Illuminate\\Pipeline\\Pipeline::carry():155}:156}()
#34 /home/mhash/Documents/Projects/agilizaimoveis.com/vendor/laravel/framework/src/Illuminate/Routing/Router.php(797): Illuminate\\Pipeline\\Pipeline->then()
#35 /home/mhash/Documents/Projects/agilizaimoveis.com/vendor/laravel/framework/src/Illuminate/Routing/Router.php(776): Illuminate\\Routing\\Router->runRouteWithinStack()
#36 /home/mhash/Documents/Projects/agilizaimoveis.com/vendor/laravel/framework/src/Illuminate/Routing/Router.php(740): Illuminate\\Routing\\Router->runRoute()
#37 /home/mhash/Documents/Projects/agilizaimoveis.com/vendor/laravel/framework/src/Illuminate/Routing/Router.php(729): Illuminate\\Routing\\Router->dispatchToRoute()
#38 /home/mhash/Documents/Projects/agilizaimoveis.com/vendor/laravel/framework/src/Illuminate/Foundation/Http/Kernel.php(190): Illuminate\\Routing\\Router->dispatch()
#39 /home/mhash/Documents/Projects/agilizaimoveis.com/vendor/laravel/framework/src/Illuminate/Pipeline/Pipeline.php(141): Illuminate\\Foundation\\Http\\Kernel->{closure:Illuminate\\Foundation\\Http\\Kernel::dispatchToRouter():187}()
#40 /home/mhash/Documents/Projects/agilizaimoveis.com/vendor/laravel/framework/src/Illuminate/Foundation/Http/Middleware/TransformsRequest.php(21): Illuminate\\Pipeline\\Pipeline->{closure:Illuminate\\Pipeline\\Pipeline::prepareDestination():139}()
#41 /home/mhash/Documents/Projects/agilizaimoveis.com/vendor/laravel/framework/src/Illuminate/Foundation/Http/Middleware/ConvertEmptyStringsToNull.php(31): Illuminate\\Foundation\\Http\\Middleware\\TransformsRequest->handle()
#42 /home/mhash/Documents/Projects/agilizaimoveis.com/vendor/laravel/framework/src/Illuminate/Pipeline/Pipeline.php(180): Illuminate\\Foundation\\Http\\Middleware\\ConvertEmptyStringsToNull->handle()
#43 /home/mhash/Documents/Projects/agilizaimoveis.com/vendor/laravel/framework/src/Illuminate/Foundation/Http/Middleware/TransformsRequest.php(21): Illuminate\\Pipeline\\Pipeline->{closure:{closure:Illuminate\\Pipeline\\Pipeline::carry():155}:156}()
#44 /home/mhash/Documents/Projects/agilizaimoveis.com/vendor/laravel/framework/src/Illuminate/Foundation/Http/Middleware/TrimStrings.php(40): Illuminate\\Foundation\\Http\\Middleware\\TransformsRequest->handle()
#45 /home/mhash/Documents/Projects/agilizaimoveis.com/vendor/laravel/framework/src/Illuminate/Pipeline/Pipeline.php(180): Illuminate\\Foundation\\Http\\Middleware\\TrimStrings->handle()
#46 /home/mhash/Documents/Projects/agilizaimoveis.com/vendor/laravel/framework/src/Illuminate/Foundation/Http/Middleware/ValidatePostSize.php(27): Illuminate\\Pipeline\\Pipeline->{closure:{closure:Illuminate\\Pipeline\\Pipeline::carry():155}:156}()
#47 /home/mhash/Documents/Projects/agilizaimoveis.com/vendor/laravel/framework/src/Illuminate/Pipeline/Pipeline.php(180): Illuminate\\Foundation\\Http\\Middleware\\ValidatePostSize->handle()
#48 /home/mhash/Documents/Projects/agilizaimoveis.com/vendor/laravel/framework/src/Illuminate/Foundation/Http/Middleware/PreventRequestsDuringMaintenance.php(86): Illuminate\\Pipeline\\Pipeline->{closure:{closure:Illuminate\\Pipeline\\Pipeline::carry():155}:156}()
#49 /home/mhash/Documents/Projects/agilizaimoveis.com/vendor/laravel/framework/src/Illuminate/Pipeline/Pipeline.php(180): Illuminate\\Foundation\\Http\\Middleware\\PreventRequestsDuringMaintenance->handle()
#50 /home/mhash/Documents/Projects/agilizaimoveis.com/vendor/laravel/framework/src/Illuminate/Http/Middleware/HandleCors.php(49): Illuminate\\Pipeline\\Pipeline->{closure:{closure:Illuminate\\Pipeline\\Pipeline::carry():155}:156}()
#51 /home/mhash/Documents/Projects/agilizaimoveis.com/vendor/laravel/framework/src/Illuminate/Pipeline/Pipeline.php(180): Illuminate\\Http\\Middleware\\HandleCors->handle()
#52 /home/mhash/Documents/Projects/agilizaimoveis.com/vendor/laravel/framework/src/Illuminate/Http/Middleware/TrustProxies.php(39): Illuminate\\Pipeline\\Pipeline->{closure:{closure:Illuminate\\Pipeline\\Pipeline::carry():155}:156}()
#53 /home/mhash/Documents/Projects/agilizaimoveis.com/vendor/laravel/framework/src/Illuminate/Pipeline/Pipeline.php(180): Illuminate\\Http\\Middleware\\TrustProxies->handle()
#54 /home/mhash/Documents/Projects/agilizaimoveis.com/vendor/laravel/framework/src/Illuminate/Pipeline/Pipeline.php(116): Illuminate\\Pipeline\\Pipeline->{closure:{closure:Illuminate\\Pipeline\\Pipeline::carry():155}:156}()
#55 /home/mhash/Documents/Projects/agilizaimoveis.com/vendor/laravel/framework/src/Illuminate/Foundation/Http/Kernel.php(165): Illuminate\\Pipeline\\Pipeline->then()
#56 /home/mhash/Documents/Projects/agilizaimoveis.com/vendor/laravel/framework/src/Illuminate/Foundation/Http/Kernel.php(134): Illuminate\\Foundation\\Http\\Kernel->sendRequestThroughRouter()
#57 /home/mhash/Documents/Projects/agilizaimoveis.com/public/index.php(51): Illuminate\\Foundation\\Http\\Kernel->handle()
#58 /home/mhash/Documents/Projects/agilizaimoveis.com/vendor/laravel/framework/src/Illuminate/Foundation/resources/server.php(16): require_once('...')
#59 {main}
"} 
[2025-11-03 20:06:06] local.ERROR: Please provide a valid cache path. {"exception":"[object] (InvalidArgumentException(code: 0): Please provide a valid cache path. at /home/mhash/Documents/Projects/agilizaimoveis.com/vendor/laravel/framework/src/Illuminate/View/Compilers/Compiler.php:66)
[stacktrace]
#0 /home/mhash/Documents/Projects/agilizaimoveis.com/vendor/laravel/framework/src/Illuminate/View/ViewServiceProvider.php(96): Illuminate\\View\\Compilers\\Compiler->__construct()
#1 /home/mhash/Documents/Projects/agilizaimoveis.com/vendor/laravel/framework/src/Illuminate/Container/Container.php(885): Illuminate\\View\\ViewServiceProvider->{closure:Illuminate\\View\\ViewServiceProvider::registerBladeCompiler():95}()
#2 /home/mhash/Documents/Projects/agilizaimoveis.com/vendor/laravel/framework/src/Illuminate/Container/Container.php(770): Illuminate\\Container\\Container->build()
#3 /home/mhash/Documents/Projects/agilizaimoveis.com/vendor/laravel/framework/src/Illuminate/Foundation/Application.php(881): Illuminate\\Container\\Container->resolve()
#4 /home/mhash/Documents/Projects/agilizaimoveis.com/vendor/laravel/framework/src/Illuminate/Container/Container.php(706): Illuminate\\Foundation\\Application->resolve()
#5 /home/mhash/Documents/Projects/agilizaimoveis.com/vendor/laravel/framework/src/Illuminate/Foundation/Application.php(866): Illuminate\\Container\\Container->make()
#6 /home/mhash/Documents/Projects/agilizaimoveis.com/vendor/laravel/framework/src/Illuminate/Container/Container.php(1431): Illuminate\\Foundation\\Application->make()
#7 /home/mhash/Documents/Projects/agilizaimoveis.com/vendor/laravel/framework/src/Illuminate/View/ViewServiceProvider.php(164): Illuminate\\Container\\Container->offsetGet()
#8 [internal function]: Illuminate\\View\\ViewServiceProvider->{closure:Illuminate\\View\\ViewServiceProvider::registerBladeEngine():163}()
#9 /home/mhash/Documents/Projects/agilizaimoveis.com/vendor/laravel/framework/src/Illuminate/View/Engines/EngineResolver.php(55): call_user_func()
#10 /home/mhash/Documents/Projects/agilizaimoveis.com/vendor/laravel/framework/src/Illuminate/View/Factory.php(310): Illuminate\\View\\Engines\\EngineResolver->resolve()
#11 /home/mhash/Documents/Projects/agilizaimoveis.com/vendor/laravel/framework/src/Illuminate/View/Factory.php(274): Illuminate\\View\\Factory->getEngineFromPath()
#12 /home/mhash/Documents/Projects/agilizaimoveis.com/vendor/laravel/framework/src/Illuminate/View/Factory.php(146): Illuminate\\View\\Factory->viewInstance()
#13 /home/mhash/Documents/Projects/agilizaimoveis.com/vendor/laravel/framework/src/Illuminate/Routing/ResponseFactory.php(87): Illuminate\\View\\Factory->make()
#14 /home/mhash/Documents/Projects/agilizaimoveis.com/vendor/laravel/framework/src/Illuminate/Foundation/Exceptions/Handler.php(626): Illuminate\\Routing\\ResponseFactory->view()
#15 /home/mhash/Documents/Projects/agilizaimoveis.com/vendor/laravel/framework/src/Illuminate/Foundation/Exceptions/Handler.php(554): Illuminate\\Foundation\\Exceptions\\Handler->renderHttpException()
#16 /home/mhash/Documents/Projects/agilizaimoveis.com/vendor/laravel/framework/src/Illuminate/Foundation/Exceptions/Handler.php(460): Illuminate\\Foundation\\Exceptions\\Handler->prepareResponse()
#17 /home/mhash/Documents/Projects/agilizaimoveis.com/vendor/laravel/framework/src/Illuminate/Foundation/Exceptions/Handler.php(377): Illuminate\\Foundation\\Exceptions\\Handler->renderExceptionResponse()
#18 /home/mhash/Documents/Projects/agilizaimoveis.com/vendor/laravel/framework/src/Illuminate/Routing/Pipeline.php(51): Illuminate\\Foundation\\Exceptions\\Handler->render()
#19 /home/mhash/Documents/Projects/agilizaimoveis.com/vendor/laravel/framework/src/Illuminate/Pipeline/Pipeline.php(185): Illuminate\\Routing\\Pipeline->handleException()
#20 /home/mhash/Documents/Projects/agilizaimoveis.com/vendor/laravel/framework/src/Illuminate/Foundation/Http/Middleware/VerifyCsrfToken.php(78): Illuminate\\Pipeline\\Pipeline->{closure:{closure:Illuminate\\Pipeline\\Pipeline::carry():155}:156}()
#21 /home/mhash/Documents/Projects/agilizaimoveis.com/vendor/laravel/framework/src/Illuminate/Pipeline/Pipeline.php(180): Illuminate\\Foundation\\Http\\Middleware\\VerifyCsrfToken->handle()
#22 /home/mhash/Documents/Projects/agilizaimoveis.com/vendor/laravel/framework/src/Illuminate/View/Middleware/ShareErrorsFromSession.php(49): Illuminate\\Pipeline\\Pipeline->{closure:{closure:Illuminate\\Pipeline\\Pipeline::carry():155}:156}()
#23 /home/mhash/Documents/Projects/agilizaimoveis.com/vendor/laravel/framework/src/Illuminate/Pipeline/Pipeline.php(180): Illuminate\\View\\Middleware\\ShareErrorsFromSession->handle()
#24 /home/mhash/Documents/Projects/agilizaimoveis.com/vendor/laravel/framework/src/Illuminate/Session/Middleware/StartSession.php(121): Illuminate\\Pipeline\\Pipeline->{closure:{closure:Illuminate\\Pipeline\\Pipeline::carry():155}:156}()
#25 /home/mhash/Documents/Projects/agilizaimoveis.com/vendor/laravel/framework/src/Illuminate/Session/Middleware/StartSession.php(64): Illuminate\\Session\\Middleware\\StartSession->handleStatefulRequest()
#26 /home/mhash/Documents/Projects/agilizaimoveis.com/vendor/laravel/framework/src/Illuminate/Pipeline/Pipeline.php(180): Illuminate\\Session\\Middleware\\StartSession->handle()
#27 /home/mhash/Documents/Projects/agilizaimoveis.com/vendor/laravel/framework/src/Illuminate/Cookie/Middleware/AddQueuedCookiesToResponse.php(37): Illuminate\\Pipeline\\Pipeline->{closure:{closure:Illuminate\\Pipeline\\Pipeline::carry():155}:156}()
#28 /home/mhash/Documents/Projects/agilizaimoveis.com/vendor/laravel/framework/src/Illuminate/Pipeline/Pipeline.php(180): Illuminate\\Cookie\\Middleware\\AddQueuedCookiesToResponse->handle()
#29 /home/mhash/Documents/Projects/agilizaimoveis.com/vendor/laravel/framework/src/Illuminate/Cookie/Middleware/EncryptCookies.php(67): Illuminate\\Pipeline\\Pipeline->{closure:{closure:Illuminate\\Pipeline\\Pipeline::carry():155}:156}()
#30 /home/mhash/Documents/Projects/agilizaimoveis.com/vendor/laravel/framework/src/Illuminate/Pipeline/Pipeline.php(180): Illuminate\\Cookie\\Middleware\\EncryptCookies->handle()
#31 /home/mhash/Documents/Projects/agilizaimoveis.com/vendor/laravel/framework/src/Illuminate/Pipeline/Pipeline.php(116): Illuminate\\Pipeline\\Pipeline->{closure:{closure:Illuminate\\Pipeline\\Pipeline::carry():155}:156}()
#32 /home/mhash/Documents/Projects/agilizaimoveis.com/vendor/laravel/framework/src/Illuminate/Routing/Router.php(797): Illuminate\\Pipeline\\Pipeline->then()
#33 /home/mhash/Documents/Projects/agilizaimoveis.com/vendor/laravel/framework/src/Illuminate/Routing/Router.php(776): Illuminate\\Routing\\Router->runRouteWithinStack()
#34 /home/mhash/Documents/Projects/agilizaimoveis.com/vendor/laravel/framework/src/Illuminate/Routing/Router.php(740): Illuminate\\Routing\\Router->runRoute()
#35 /home/mhash/Documents/Projects/agilizaimoveis.com/vendor/laravel/framework/src/Illuminate/Routing/Router.php(729): Illuminate\\Routing\\Router->dispatchToRoute()
#36 /home/mhash/Documents/Projects/agilizaimoveis.com/vendor/laravel/framework/src/Illuminate/Foundation/Http/Kernel.php(190): Illuminate\\Routing\\Router->dispatch()
#37 /home/mhash/Documents/Projects/agilizaimoveis.com/vendor/laravel/framework/src/Illuminate/Pipeline/Pipeline.php(141): Illuminate\\Foundation\\Http\\Kernel->{closure:Illuminate\\Foundation\\Http\\Kernel::dispatchToRouter():187}()
#38 /home/mhash/Documents/Projects/agilizaimoveis.com/vendor/laravel/framework/src/Illuminate/Foundation/Http/Middleware/TransformsRequest.php(21): Illuminate\\Pipeline\\Pipeline->{closure:Illuminate\\Pipeline\\Pipeline::prepareDestination():139}()
#39 /home/mhash/Documents/Projects/agilizaimoveis.com/vendor/laravel/framework/src/Illuminate/Foundation/Http/Middleware/ConvertEmptyStringsToNull.php(31): Illuminate\\Foundation\\Http\\Middleware\\TransformsRequest->handle()
#40 /home/mhash/Documents/Projects/agilizaimoveis.com/vendor/laravel/framework/src/Illuminate/Pipeline/Pipeline.php(180): Illuminate\\Foundation\\Http\\Middleware\\ConvertEmptyStringsToNull->handle()
#41 /home/mhash/Documents/Projects/agilizaimoveis.com/vendor/laravel/framework/src/Illuminate/Foundation/Http/Middleware/TransformsRequest.php(21): Illuminate\\Pipeline\\Pipeline->{closure:{closure:Illuminate\\Pipeline\\Pipeline::carry():155}:156}()
#42 /home/mhash/Documents/Projects/agilizaimoveis.com/vendor/laravel/framework/src/Illuminate/Foundation/Http/Middleware/TrimStrings.php(40): Illuminate\\Foundation\\Http\\Middleware\\TransformsRequest->handle()
#43 /home/mhash/Documents/Projects/agilizaimoveis.com/vendor/laravel/framework/src/Illuminate/Pipeline/Pipeline.php(180): Illuminate\\Foundation\\Http\\Middleware\\TrimStrings->handle()
#44 /home/mhash/Documents/Projects/agilizaimoveis.com/vendor/laravel/framework/src/Illuminate/Foundation/Http/Middleware/ValidatePostSize.php(27): Illuminate\\Pipeline\\Pipeline->{closure:{closure:Illuminate\\Pipeline\\Pipeline::carry():155}:156}()
#45 /home/mhash/Documents/Projects/agilizaimoveis.com/vendor/laravel/framework/src/Illuminate/Pipeline/Pipeline.php(180): Illuminate\\Foundation\\Http\\Middleware\\ValidatePostSize->handle()
#46 /home/mhash/Documents/Projects/agilizaimoveis.com/vendor/laravel/framework/src/Illuminate/Foundation/Http/Middleware/PreventRequestsDuringMaintenance.php(86): Illuminate\\Pipeline\\Pipeline->{closure:{closure:Illuminate\\Pipeline\\Pipeline::carry():155}:156}()
#47 /home/mhash/Documents/Projects/agilizaimoveis.com/vendor/laravel/framework/src/Illuminate/Pipeline/Pipeline.php(180): Illuminate\\Foundation\\Http\\Middleware\\PreventRequestsDuringMaintenance->handle()
#48 /home/mhash/Documents/Projects/agilizaimoveis.com/vendor/laravel/framework/src/Illuminate/Http/Middleware/HandleCors.php(49): Illuminate\\Pipeline\\Pipeline->{closure:{closure:Illuminate\\Pipeline\\Pipeline::carry():155}:156}()
#49 /home/mhash/Documents/Projects/agilizaimoveis.com/vendor/laravel/framework/src/Illuminate/Pipeline/Pipeline.php(180): Illuminate\\Http\\Middleware\\HandleCors->handle()
#50 /home/mhash/Documents/Projects/agilizaimoveis.com/vendor/laravel/framework/src/Illuminate/Http/Middleware/TrustProxies.php(39): Illuminate\\Pipeline\\Pipeline->{closure:{closure:Illuminate\\Pipeline\\Pipeline::carry():155}:156}()
#51 /home/mhash/Documents/Projects/agilizaimoveis.com/vendor/laravel/framework/src/Illuminate/Pipeline/Pipeline.php(180): Illuminate\\Http\\Middleware\\TrustProxies->handle()
#52 /home/mhash/Documents/Projects/agilizaimoveis.com/vendor/laravel/framework/src/Illuminate/Pipeline/Pipeline.php(116): Illuminate\\Pipeline\\Pipeline->{closure:{closure:Illuminate\\Pipeline\\Pipeline::carry():155}:156}()
#53 /home/mhash/Documents/Projects/agilizaimoveis.com/vendor/laravel/framework/src/Illuminate/Foundation/Http/Kernel.php(165): Illuminate\\Pipeline\\Pipeline->then()
#54 /home/mhash/Documents/Projects/agilizaimoveis.com/vendor/laravel/framework/src/Illuminate/Foundation/Http/Kernel.php(134): Illuminate\\Foundation\\Http\\Kernel->sendRequestThroughRouter()
#55 /home/mhash/Documents/Projects/agilizaimoveis.com/public/index.php(51): Illuminate\\Foundation\\Http\\Kernel->handle()
#56 /home/mhash/Documents/Projects/agilizaimoveis.com/vendor/laravel/framework/src/Illuminate/Foundation/resources/server.php(16): require_once('...')
#57 {main}
"} 
[2025-11-03 20:06:06] local.ERROR: Please provide a valid cache path. {"exception":"[object] (InvalidArgumentException(code: 0): Please provide a valid cache path. at /home/mhash/Documents/Projects/agilizaimoveis.com/vendor/laravel/framework/src/Illuminate/View/Compilers/Compiler.php:66)
[stacktrace]
#0 /home/mhash/Documents/Projects/agilizaimoveis.com/vendor/laravel/framework/src/Illuminate/View/ViewServiceProvider.php(96): Illuminate\\View\\Compilers\\Compiler->__construct()
#1 /home/mhash/Documents/Projects/agilizaimoveis.com/vendor/laravel/framework/src/Illuminate/Container/Container.php(885): Illuminate\\View\\ViewServiceProvider->{closure:Illuminate\\View\\ViewServiceProvider::registerBladeCompiler():95}()
#2 /home/mhash/Documents/Projects/agilizaimoveis.com/vendor/laravel/framework/src/Illuminate/Container/Container.php(770): Illuminate\\Container\\Container->build()
#3 /home/mhash/Documents/Projects/agilizaimoveis.com/vendor/laravel/framework/src/Illuminate/Foundation/Application.php(881): Illuminate\\Container\\Container->resolve()
#4 /home/mhash/Documents/Projects/agilizaimoveis.com/vendor/laravel/framework/src/Illuminate/Container/Container.php(706): Illuminate\\Foundation\\Application->resolve()
#5 /home/mhash/Documents/Projects/agilizaimoveis.com/vendor/laravel/framework/src/Illuminate/Foundation/Application.php(866): Illuminate\\Container\\Container->make()
#6 /home/mhash/Documents/Projects/agilizaimoveis.com/vendor/laravel/framework/src/Illuminate/Container/Container.php(1431): Illuminate\\Foundation\\Application->make()
#7 /home/mhash/Documents/Projects/agilizaimoveis.com/vendor/laravel/framework/src/Illuminate/View/ViewServiceProvider.php(164): Illuminate\\Container\\Container->offsetGet()
#8 [internal function]: Illuminate\\View\\ViewServiceProvider->{closure:Illuminate\\View\\ViewServiceProvider::registerBladeEngine():163}()
#9 /home/mhash/Documents/Projects/agilizaimoveis.com/vendor/laravel/framework/src/Illuminate/View/Engines/EngineResolver.php(55): call_user_func()
#10 /home/mhash/Documents/Projects/agilizaimoveis.com/vendor/laravel/framework/src/Illuminate/View/Factory.php(310): Illuminate\\View\\Engines\\EngineResolver->resolve()
#11 /home/mhash/Documents/Projects/agilizaimoveis.com/vendor/laravel/framework/src/Illuminate/View/Factory.php(274): Illuminate\\View\\Factory->getEngineFromPath()
#12 /home/mhash/Documents/Projects/agilizaimoveis.com/vendor/laravel/framework/src/Illuminate/View/Factory.php(146): Illuminate\\View\\Factory->viewInstance()
#13 /home/mhash/Documents/Projects/agilizaimoveis.com/vendor/laravel/framework/src/Illuminate/Routing/ResponseFactory.php(87): Illuminate\\View\\Factory->make()
#14 /home/mhash/Documents/Projects/agilizaimoveis.com/vendor/laravel/framework/src/Illuminate/Foundation/Exceptions/Handler.php(626): Illuminate\\Routing\\ResponseFactory->view()
#15 /home/mhash/Documents/Projects/agilizaimoveis.com/vendor/laravel/framework/src/Illuminate/Foundation/Exceptions/Handler.php(554): Illuminate\\Foundation\\Exceptions\\Handler->renderHttpException()
#16 /home/mhash/Documents/Projects/agilizaimoveis.com/vendor/laravel/framework/src/Illuminate/Foundation/Exceptions/Handler.php(460): Illuminate\\Foundation\\Exceptions\\Handler->prepareResponse()
#17 /home/mhash/Documents/Projects/agilizaimoveis.com/vendor/laravel/framework/src/Illuminate/Foundation/Exceptions/Handler.php(377): Illuminate\\Foundation\\Exceptions\\Handler->renderExceptionResponse()
#18 /home/mhash/Documents/Projects/agilizaimoveis.com/vendor/laravel/framework/src/Illuminate/Routing/Pipeline.php(51): Illuminate\\Foundation\\Exceptions\\Handler->render()
#19 /home/mhash/Documents/Projects/agilizaimoveis.com/vendor/laravel/framework/src/Illuminate/Pipeline/Pipeline.php(185): Illuminate\\Routing\\Pipeline->handleException()
#20 /home/mhash/Documents/Projects/agilizaimoveis.com/vendor/laravel/framework/src/Illuminate/View/Middleware/ShareErrorsFromSession.php(49): Illuminate\\Pipeline\\Pipeline->{closure:{closure:Illuminate\\Pipeline\\Pipeline::carry():155}:156}()
#21 /home/mhash/Documents/Projects/agilizaimoveis.com/vendor/laravel/framework/src/Illuminate/Pipeline/Pipeline.php(180): Illuminate\\View\\Middleware\\ShareErrorsFromSession->handle()
#22 /home/mhash/Documents/Projects/agilizaimoveis.com/vendor/laravel/framework/src/Illuminate/Session/Middleware/StartSession.php(121): Illuminate\\Pipeline\\Pipeline->{closure:{closure:Illuminate\\Pipeline\\Pipeline::carry():155}:156}()
#23 /home/mhash/Documents/Projects/agilizaimoveis.com/vendor/laravel/framework/src/Illuminate/Session/Middleware/StartSession.php(64): Illuminate\\Session\\Middleware\\StartSession->handleStatefulRequest()
#24 /home/mhash/Documents/Projects/agilizaimoveis.com/vendor/laravel/framework/src/Illuminate/Pipeline/Pipeline.php(180): Illuminate\\Session\\Middleware\\StartSession->handle()
#25 /home/mhash/Documents/Projects/agilizaimoveis.com/vendor/laravel/framework/src/Illuminate/Cookie/Middleware/AddQueuedCookiesToResponse.php(37): Illuminate\\Pipeline\\Pipeline->{closure:{closure:Illuminate\\Pipeline\\Pipeline::carry():155}:156}()
#26 /home/mhash/Documents/Projects/agilizaimoveis.com/vendor/laravel/framework/src/Illuminate/Pipeline/Pipeline.php(180): Illuminate\\Cookie\\Middleware\\AddQueuedCookiesToResponse->handle()
#27 /home/mhash/Documents/Projects/agilizaimoveis.com/vendor/laravel/framework/src/Illuminate/Cookie/Middleware/EncryptCookies.php(67): Illuminate\\Pipeline\\Pipeline->{closure:{closure:Illuminate\\Pipeline\\Pipeline::carry():155}:156}()
#28 /home/mhash/Documents/Projects/agilizaimoveis.com/vendor/laravel/framework/src/Illuminate/Pipeline/Pipeline.php(180): Illuminate\\Cookie\\Middleware\\EncryptCookies->handle()
#29 /home/mhash/Documents/Projects/agilizaimoveis.com/vendor/laravel/framework/src/Illuminate/Pipeline/Pipeline.php(116): Illuminate\\Pipeline\\Pipeline->{closure:{closure:Illuminate\\Pipeline\\Pipeline::carry():155}:156}()
#30 /home/mhash/Documents/Projects/agilizaimoveis.com/vendor/laravel/framework/src/Illuminate/Routing/Router.php(797): Illuminate\\Pipeline\\Pipeline->then()
#31 /home/mhash/Documents/Projects/agilizaimoveis.com/vendor/laravel/framework/src/Illuminate/Routing/Router.php(776): Illuminate\\Routing\\Router->runRouteWithinStack()
#32 /home/mhash/Documents/Projects/agilizaimoveis.com/vendor/laravel/framework/src/Illuminate/Routing/Router.php(740): Illuminate\\Routing\\Router->runRoute()
#33 /home/mhash/Documents/Projects/agilizaimoveis.com/vendor/laravel/framework/src/Illuminate/Routing/Router.php(729): Illuminate\\Routing\\Router->dispatchToRoute()
#34 /home/mhash/Documents/Projects/agilizaimoveis.com/vendor/laravel/framework/src/Illuminate/Foundation/Http/Kernel.php(190): Illuminate\\Routing\\Router->dispatch()
#35 /home/mhash/Documents/Projects/agilizaimoveis.com/vendor/laravel/framework/src/Illuminate/Pipeline/Pipeline.php(141): Illuminate\\Foundation\\Http\\Kernel->{closure:Illuminate\\Foundation\\Http\\Kernel::dispatchToRouter():187}()
#36 /home/mhash/Documents/Projects/agilizaimoveis.com/vendor/laravel/framework/src/Illuminate/Foundation/Http/Middleware/TransformsRequest.php(21): Illuminate\\Pipeline\\Pipeline->{closure:Illuminate\\Pipeline\\Pipeline::prepareDestination():139}()
#37 /home/mhash/Documents/Projects/agilizaimoveis.com/vendor/laravel/framework/src/Illuminate/Foundation/Http/Middleware/ConvertEmptyStringsToNull.php(31): Illuminate\\Foundation\\Http\\Middleware\\TransformsRequest->handle()
#38 /home/mhash/Documents/Projects/agilizaimoveis.com/vendor/laravel/framework/src/Illuminate/Pipeline/Pipeline.php(180): Illuminate\\Foundation\\Http\\Middleware\\ConvertEmptyStringsToNull->handle()
#39 /home/mhash/Documents/Projects/agilizaimoveis.com/vendor/laravel/framework/src/Illuminate/Foundation/Http/Middleware/TransformsRequest.php(21): Illuminate\\Pipeline\\Pipeline->{closure:{closure:Illuminate\\Pipeline\\Pipeline::carry():155}:156}()
#40 /home/mhash/Documents/Projects/agilizaimoveis.com/vendor/laravel/framework/src/Illuminate/Foundation/Http/Middleware/TrimStrings.php(40): Illuminate\\Foundation\\Http\\Middleware\\TransformsRequest->handle()
#41 /home/mhash/Documents/Projects/agilizaimoveis.com/vendor/laravel/framework/src/Illuminate/Pipeline/Pipeline.php(180): Illuminate\\Foundation\\Http\\Middleware\\TrimStrings->handle()
#42 /home/mhash/Documents/Projects/agilizaimoveis.com/vendor/laravel/framework/src/Illuminate/Foundation/Http/Middleware/ValidatePostSize.php(27): Illuminate\\Pipeline\\Pipeline->{closure:{closure:Illuminate\\Pipeline\\Pipeline::carry():155}:156}()
#43 /home/mhash/Documents/Projects/agilizaimoveis.com/vendor/laravel/framework/src/Illuminate/Pipeline/Pipeline.php(180): Illuminate\\Foundation\\Http\\Middleware\\ValidatePostSize->handle()
#44 /home/mhash/Documents/Projects/agilizaimoveis.com/vendor/laravel/framework/src/Illuminate/Foundation/Http/Middleware/PreventRequestsDuringMaintenance.php(86): Illuminate\\Pipeline\\Pipeline->{closure:{closure:Illuminate\\Pipeline\\Pipeline::carry():155}:156}()
#45 /home/mhash/Documents/Projects/agilizaimoveis.com/vendor/laravel/framework/src/Illuminate/Pipeline/Pipeline.php(180): Illuminate\\Foundation\\Http\\Middleware\\PreventRequestsDuringMaintenance->handle()
#46 /home/mhash/Documents/Projects/agilizaimoveis.com/vendor/laravel/framework/src/Illuminate/Http/Middleware/HandleCors.php(49): Illuminate\\Pipeline\\Pipeline->{closure:{closure:Illuminate\\Pipeline\\Pipeline::carry():155}:156}()
#47 /home/mhash/Documents/Projects/agilizaimoveis.com/vendor/laravel/framework/src/Illuminate/Pipeline/Pipeline.php(180): Illuminate\\Http\\Middleware\\HandleCors->handle()
#48 /home/mhash/Documents/Projects/agilizaimoveis.com/vendor/laravel/framework/src/Illuminate/Http/Middleware/TrustProxies.php(39): Illuminate\\Pipeline\\Pipeline->{closure:{closure:Illuminate\\Pipeline\\Pipeline::carry():155}:156}()
#49 /home/mhash/Documents/Projects/agilizaimoveis.com/vendor/laravel/framework/src/Illuminate/Pipeline/Pipeline.php(180): Illuminate\\Http\\Middleware\\TrustProxies->handle()
#50 /home/mhash/Documents/Projects/agilizaimoveis.com/vendor/laravel/framework/src/Illuminate/Pipeline/Pipeline.php(116): Illuminate\\Pipeline\\Pipeline->{closure:{closure:Illuminate\\Pipeline\\Pipeline::carry():155}:156}()
#51 /home/mhash/Documents/Projects/agilizaimoveis.com/vendor/laravel/framework/src/Illuminate/Foundation/Http/Kernel.php(165): Illuminate\\Pipeline\\Pipeline->then()
#52 /home/mhash/Documents/Projects/agilizaimoveis.com/vendor/laravel/framework/src/Illuminate/Foundation/Http/Kernel.php(134): Illuminate\\Foundation\\Http\\Kernel->sendRequestThroughRouter()
#53 /home/mhash/Documents/Projects/agilizaimoveis.com/public/index.php(51): Illuminate\\Foundation\\Http\\Kernel->handle()
#54 /home/mhash/Documents/Projects/agilizaimoveis.com/vendor/laravel/framework/src/Illuminate/Foundation/resources/server.php(16): require_once('...')
#55 {main}
"} 
[2025-11-03 20:06:06] local.ERROR: Please provide a valid cache path. {"exception":"[object] (InvalidArgumentException(code: 0): Please provide a valid cache path. at /home/mhash/Documents/Projects/agilizaimoveis.com/vendor/laravel/framework/src/Illuminate/View/Compilers/Compiler.php:66)
[stacktrace]
#0 /home/mhash/Documents/Projects/agilizaimoveis.com/vendor/laravel/framework/src/Illuminate/View/ViewServiceProvider.php(96): Illuminate\\View\\Compilers\\Compiler->__construct()
#1 /home/mhash/Documents/Projects/agilizaimoveis.com/vendor/laravel/framework/src/Illuminate/Container/Container.php(885): Illuminate\\View\\ViewServiceProvider->{closure:Illuminate\\View\\ViewServiceProvider::registerBladeCompiler():95}()
#2 /home/mhash/Documents/Projects/agilizaimoveis.com/vendor/laravel/framework/src/Illuminate/Container/Container.php(770): Illuminate\\Container\\Container->build()
#3 /home/mhash/Documents/Projects/agilizaimoveis.com/vendor/laravel/framework/src/Illuminate/Foundation/Application.php(881): Illuminate\\Container\\Container->resolve()
#4 /home/mhash/Documents/Projects/agilizaimoveis.com/vendor/laravel/framework/src/Illuminate/Container/Container.php(706): Illuminate\\Foundation\\Application->resolve()
#5 /home/mhash/Documents/Projects/agilizaimoveis.com/vendor/laravel/framework/src/Illuminate/Foundation/Application.php(866): Illuminate\\Container\\Container->make()
#6 /home/mhash/Documents/Projects/agilizaimoveis.com/vendor/laravel/framework/src/Illuminate/Container/Container.php(1431): Illuminate\\Foundation\\Application->make()
#7 /home/mhash/Documents/Projects/agilizaimoveis.com/vendor/laravel/framework/src/Illuminate/View/ViewServiceProvider.php(164): Illuminate\\Container\\Container->offsetGet()
#8 [internal function]: Illuminate\\View\\ViewServiceProvider->{closure:Illuminate\\View\\ViewServiceProvider::registerBladeEngine():163}()
#9 /home/mhash/Documents/Projects/agilizaimoveis.com/vendor/laravel/framework/src/Illuminate/View/Engines/EngineResolver.php(55): call_user_func()
#10 /home/mhash/Documents/Projects/agilizaimoveis.com/vendor/laravel/framework/src/Illuminate/View/Factory.php(310): Illuminate\\View\\Engines\\EngineResolver->resolve()
#11 /home/mhash/Documents/Projects/agilizaimoveis.com/vendor/laravel/framework/src/Illuminate/View/Factory.php(274): Illuminate\\View\\Factory->getEngineFromPath()
#12 /home/mhash/Documents/Projects/agilizaimoveis.com/vendor/laravel/framework/src/Illuminate/View/Factory.php(146): Illuminate\\View\\Factory->viewInstance()
#13 /home/mhash/Documents/Projects/agilizaimoveis.com/vendor/laravel/framework/src/Illuminate/Routing/ResponseFactory.php(87): Illuminate\\View\\Factory->make()
#14 /home/mhash/Documents/Projects/agilizaimoveis.com/vendor/laravel/framework/src/Illuminate/Foundation/Exceptions/Handler.php(626): Illuminate\\Routing\\ResponseFactory->view()
#15 /home/mhash/Documents/Projects/agilizaimoveis.com/vendor/laravel/framework/src/Illuminate/Foundation/Exceptions/Handler.php(554): Illuminate\\Foundation\\Exceptions\\Handler->renderHttpException()
#16 /home/mhash/Documents/Projects/agilizaimoveis.com/vendor/laravel/framework/src/Illuminate/Foundation/Exceptions/Handler.php(460): Illuminate\\Foundation\\Exceptions\\Handler->prepareResponse()
#17 /home/mhash/Documents/Projects/agilizaimoveis.com/vendor/laravel/framework/src/Illuminate/Foundation/Exceptions/Handler.php(377): Illuminate\\Foundation\\Exceptions\\Handler->renderExceptionResponse()
#18 /home/mhash/Documents/Projects/agilizaimoveis.com/vendor/laravel/framework/src/Illuminate/Routing/Pipeline.php(51): Illuminate\\Foundation\\Exceptions\\Handler->render()
#19 /home/mhash/Documents/Projects/agilizaimoveis.com/vendor/laravel/framework/src/Illuminate/Pipeline/Pipeline.php(185): Illuminate\\Routing\\Pipeline->handleException()
#20 /home/mhash/Documents/Projects/agilizaimoveis.com/vendor/laravel/framework/src/Illuminate/Session/Middleware/StartSession.php(121): Illuminate\\Pipeline\\Pipeline->{closure:{closure:Illuminate\\Pipeline\\Pipeline::carry():155}:156}()
#21 /home/mhash/Documents/Projects/agilizaimoveis.com/vendor/laravel/framework/src/Illuminate/Session/Middleware/StartSession.php(64): Illuminate\\Session\\Middleware\\StartSession->handleStatefulRequest()
#22 /home/mhash/Documents/Projects/agilizaimoveis.com/vendor/laravel/framework/src/Illuminate/Pipeline/Pipeline.php(180): Illuminate\\Session\\Middleware\\StartSession->handle()
#23 /home/mhash/Documents/Projects/agilizaimoveis.com/vendor/laravel/framework/src/Illuminate/Cookie/Middleware/AddQueuedCookiesToResponse.php(37): Illuminate\\Pipeline\\Pipeline->{closure:{closure:Illuminate\\Pipeline\\Pipeline::carry():155}:156}()
#24 /home/mhash/Documents/Projects/agilizaimoveis.com/vendor/laravel/framework/src/Illuminate/Pipeline/Pipeline.php(180): Illuminate\\Cookie\\Middleware\\AddQueuedCookiesToResponse->handle()
#25 /home/mhash/Documents/Projects/agilizaimoveis.com/vendor/laravel/framework/src/Illuminate/Cookie/Middleware/EncryptCookies.php(67): Illuminate\\Pipeline\\Pipeline->{closure:{closure:Illuminate\\Pipeline\\Pipeline::carry():155}:156}()
#26 /home/mhash/Documents/Projects/agilizaimoveis.com/vendor/laravel/framework/src/Illuminate/Pipeline/Pipeline.php(180): Illuminate\\Cookie\\Middleware\\EncryptCookies->handle()
#27 /home/mhash/Documents/Projects/agilizaimoveis.com/vendor/laravel/framework/src/Illuminate/Pipeline/Pipeline.php(116): Illuminate\\Pipeline\\Pipeline->{closure:{closure:Illuminate\\Pipeline\\Pipeline::carry():155}:156}()
#28 /home/mhash/Documents/Projects/agilizaimoveis.com/vendor/laravel/framework/src/Illuminate/Routing/Router.php(797): Illuminate\\Pipeline\\Pipeline->then()
#29 /home/mhash/Documents/Projects/agilizaimoveis.com/vendor/laravel/framework/src/Illuminate/Routing/Router.php(776): Illuminate\\Routing\\Router->runRouteWithinStack()
#30 /home/mhash/Documents/Projects/agilizaimoveis.com/vendor/laravel/framework/src/Illuminate/Routing/Router.php(740): Illuminate\\Routing\\Router->runRoute()
#31 /home/mhash/Documents/Projects/agilizaimoveis.com/vendor/laravel/framework/src/Illuminate/Routing/Router.php(729): Illuminate\\Routing\\Router->dispatchToRoute()
#32 /home/mhash/Documents/Projects/agilizaimoveis.com/vendor/laravel/framework/src/Illuminate/Foundation/Http/Kernel.php(190): Illuminate\\Routing\\Router->dispatch()
#33 /home/mhash/Documents/Projects/agilizaimoveis.com/vendor/laravel/framework/src/Illuminate/Pipeline/Pipeline.php(141): Illuminate\\Foundation\\Http\\Kernel->{closure:Illuminate\\Foundation\\Http\\Kernel::dispatchToRouter():187}()
#34 /home/mhash/Documents/Projects/agilizaimoveis.com/vendor/laravel/framework/src/Illuminate/Foundation/Http/Middleware/TransformsRequest.php(21): Illuminate\\Pipeline\\Pipeline->{closure:Illuminate\\Pipeline\\Pipeline::prepareDestination():139}()
#35 /home/mhash/Documents/Projects/agilizaimoveis.com/vendor/laravel/framework/src/Illuminate/Foundation/Http/Middleware/ConvertEmptyStringsToNull.php(31): Illuminate\\Foundation\\Http\\Middleware\\TransformsRequest->handle()
#36 /home/mhash/Documents/Projects/agilizaimoveis.com/vendor/laravel/framework/src/Illuminate/Pipeline/Pipeline.php(180): Illuminate\\Foundation\\Http\\Middleware\\ConvertEmptyStringsToNull->handle()
#37 /home/mhash/Documents/Projects/agilizaimoveis.com/vendor/laravel/framework/src/Illuminate/Foundation/Http/Middleware/TransformsRequest.php(21): Illuminate\\Pipeline\\Pipeline->{closure:{closure:Illuminate\\Pipeline\\Pipeline::carry():155}:156}()
#38 /home/mhash/Documents/Projects/agilizaimoveis.com/vendor/laravel/framework/src/Illuminate/Foundation/Http/Middleware/TrimStrings.php(40): Illuminate\\Foundation\\Http\\Middleware\\TransformsRequest->handle()
#39 /home/mhash/Documents/Projects/agilizaimoveis.com/vendor/laravel/framework/src/Illuminate/Pipeline/Pipeline.php(180): Illuminate\\Foundation\\Http\\Middleware\\TrimStrings->handle()
#40 /home/mhash/Documents/Projects/agilizaimoveis.com/vendor/laravel/framework/src/Illuminate/Foundation/Http/Middleware/ValidatePostSize.php(27): Illuminate\\Pipeline\\Pipeline->{closure:{closure:Illuminate\\Pipeline\\Pipeline::carry():155}:156}()
#41 /home/mhash/Documents/Projects/agilizaimoveis.com/vendor/laravel/framework/src/Illuminate/Pipeline/Pipeline.php(180): Illuminate\\Foundation\\Http\\Middleware\\ValidatePostSize->handle()
#42 /home/mhash/Documents/Projects/agilizaimoveis.com/vendor/laravel/framework/src/Illuminate/Foundation/Http/Middleware/PreventRequestsDuringMaintenance.php(86): Illuminate\\Pipeline\\Pipeline->{closure:{closure:Illuminate\\Pipeline\\Pipeline::carry():155}:156}()
#43 /home/mhash/Documents/Projects/agilizaimoveis.com/vendor/laravel/framework/src/Illuminate/Pipeline/Pipeline.php(180): Illuminate\\Foundation\\Http\\Middleware\\PreventRequestsDuringMaintenance->handle()
#44 /home/mhash/Documents/Projects/agilizaimoveis.com/vendor/laravel/framework/src/Illuminate/Http/Middleware/HandleCors.php(49): Illuminate\\Pipeline\\Pipeline->{closure:{closure:Illuminate\\Pipeline\\Pipeline::carry():155}:156}()
#45 /home/mhash/Documents/Projects/agilizaimoveis.com/vendor/laravel/framework/src/Illuminate/Pipeline/Pipeline.php(180): Illuminate\\Http\\Middleware\\HandleCors->handle()
#46 /home/mhash/Documents/Projects/agilizaimoveis.com/vendor/laravel/framework/src/Illuminate/Http/Middleware/TrustProxies.php(39): Illuminate\\Pipeline\\Pipeline->{closure:{closure:Illuminate\\Pipeline\\Pipeline::carry():155}:156}()
#47 /home/mhash/Documents/Projects/agilizaimoveis.com/vendor/laravel/framework/src/Illuminate/Pipeline/Pipeline.php(180): Illuminate\\Http\\Middleware\\TrustProxies->handle()
#48 /home/mhash/Documents/Projects/agilizaimoveis.com/vendor/laravel/framework/src/Illuminate/Pipeline/Pipeline.php(116): Illuminate\\Pipeline\\Pipeline->{closure:{closure:Illuminate\\Pipeline\\Pipeline::carry():155}:156}()
#49 /home/mhash/Documents/Projects/agilizaimoveis.com/vendor/laravel/framework/src/Illuminate/Foundation/Http/Kernel.php(165): Illuminate\\Pipeline\\Pipeline->then()
#50 /home/mhash/Documents/Projects/agilizaimoveis.com/vendor/laravel/framework/src/Illuminate/Foundation/Http/Kernel.php(134): Illuminate\\Foundation\\Http\\Kernel->sendRequestThroughRouter()
#51 /home/mhash/Documents/Projects/agilizaimoveis.com/public/index.php(51): Illuminate\\Foundation\\Http\\Kernel->handle()
#52 /home/mhash/Documents/Projects/agilizaimoveis.com/vendor/laravel/framework/src/Illuminate/Foundation/resources/server.php(16): require_once('...')
#53 {main}
"} 
[2025-11-03 20:06:06] local.ERROR: Please provide a valid cache path. {"exception":"[object] (InvalidArgumentException(code: 0): Please provide a valid cache path. at /home/mhash/Documents/Projects/agilizaimoveis.com/vendor/laravel/framework/src/Illuminate/View/Compilers/Compiler.php:66)
[stacktrace]
#0 /home/mhash/Documents/Projects/agilizaimoveis.com/vendor/laravel/framework/src/Illuminate/View/ViewServiceProvider.php(96): Illuminate\\View\\Compilers\\Compiler->__construct()
#1 /home/mhash/Documents/Projects/agilizaimoveis.com/vendor/laravel/framework/src/Illuminate/Container/Container.php(885): Illuminate\\View\\ViewServiceProvider->{closure:Illuminate\\View\\ViewServiceProvider::registerBladeCompiler():95}()
#2 /home/mhash/Documents/Projects/agilizaimoveis.com/vendor/laravel/framework/src/Illuminate/Container/Container.php(770): Illuminate\\Container\\Container->build()
#3 /home/mhash/Documents/Projects/agilizaimoveis.com/vendor/laravel/framework/src/Illuminate/Foundation/Application.php(881): Illuminate\\Container\\Container->resolve()
#4 /home/mhash/Documents/Projects/agilizaimoveis.com/vendor/laravel/framework/src/Illuminate/Container/Container.php(706): Illuminate\\Foundation\\Application->resolve()
#5 /home/mhash/Documents/Projects/agilizaimoveis.com/vendor/laravel/framework/src/Illuminate/Foundation/Application.php(866): Illuminate\\Container\\Container->make()
#6 /home/mhash/Documents/Projects/agilizaimoveis.com/vendor/laravel/framework/src/Illuminate/Container/Container.php(1431): Illuminate\\Foundation\\Application->make()
#7 /home/mhash/Documents/Projects/agilizaimoveis.com/vendor/laravel/framework/src/Illuminate/View/ViewServiceProvider.php(164): Illuminate\\Container\\Container->offsetGet()
#8 [internal function]: Illuminate\\View\\ViewServiceProvider->{closure:Illuminate\\View\\ViewServiceProvider::registerBladeEngine():163}()
#9 /home/mhash/Documents/Projects/agilizaimoveis.com/vendor/laravel/framework/src/Illuminate/View/Engines/EngineResolver.php(55): call_user_func()
#10 /home/mhash/Documents/Projects/agilizaimoveis.com/vendor/laravel/framework/src/Illuminate/View/Factory.php(310): Illuminate\\View\\Engines\\EngineResolver->resolve()
#11 /home/mhash/Documents/Projects/agilizaimoveis.com/vendor/laravel/framework/src/Illuminate/View/Factory.php(274): Illuminate\\View\\Factory->getEngineFromPath()
#12 /home/mhash/Documents/Projects/agilizaimoveis.com/vendor/laravel/framework/src/Illuminate/View/Factory.php(146): Illuminate\\View\\Factory->viewInstance()
#13 /home/mhash/Documents/Projects/agilizaimoveis.com/vendor/laravel/framework/src/Illuminate/Routing/ResponseFactory.php(87): Illuminate\\View\\Factory->make()
#14 /home/mhash/Documents/Projects/agilizaimoveis.com/vendor/laravel/framework/src/Illuminate/Foundation/Exceptions/Handler.php(626): Illuminate\\Routing\\ResponseFactory->view()
#15 /home/mhash/Documents/Projects/agilizaimoveis.com/vendor/laravel/framework/src/Illuminate/Foundation/Exceptions/Handler.php(554): Illuminate\\Foundation\\Exceptions\\Handler->renderHttpException()
#16 /home/mhash/Documents/Projects/agilizaimoveis.com/vendor/laravel/framework/src/Illuminate/Foundation/Exceptions/Handler.php(460): Illuminate\\Foundation\\Exceptions\\Handler->prepareResponse()
#17 /home/mhash/Documents/Projects/agilizaimoveis.com/vendor/laravel/framework/src/Illuminate/Foundation/Exceptions/Handler.php(377): Illuminate\\Foundation\\Exceptions\\Handler->renderExceptionResponse()
#18 /home/mhash/Documents/Projects/agilizaimoveis.com/vendor/laravel/framework/src/Illuminate/Routing/Pipeline.php(51): Illuminate\\Foundation\\Exceptions\\Handler->render()
#19 /home/mhash/Documents/Projects/agilizaimoveis.com/vendor/laravel/framework/src/Illuminate/Pipeline/Pipeline.php(185): Illuminate\\Routing\\Pipeline->handleException()
#20 /home/mhash/Documents/Projects/agilizaimoveis.com/vendor/laravel/framework/src/Illuminate/Cookie/Middleware/AddQueuedCookiesToResponse.php(37): Illuminate\\Pipeline\\Pipeline->{closure:{closure:Illuminate\\Pipeline\\Pipeline::carry():155}:156}()
#21 /home/mhash/Documents/Projects/agilizaimoveis.com/vendor/laravel/framework/src/Illuminate/Pipeline/Pipeline.php(180): Illuminate\\Cookie\\Middleware\\AddQueuedCookiesToResponse->handle()
#22 /home/mhash/Documents/Projects/agilizaimoveis.com/vendor/laravel/framework/src/Illuminate/Cookie/Middleware/EncryptCookies.php(67): Illuminate\\Pipeline\\Pipeline->{closure:{closure:Illuminate\\Pipeline\\Pipeline::carry():155}:156}()
#23 /home/mhash/Documents/Projects/agilizaimoveis.com/vendor/laravel/framework/src/Illuminate/Pipeline/Pipeline.php(180): Illuminate\\Cookie\\Middleware\\EncryptCookies->handle()
#24 /home/mhash/Documents/Projects/agilizaimoveis.com/vendor/laravel/framework/src/Illuminate/Pipeline/Pipeline.php(116): Illuminate\\Pipeline\\Pipeline->{closure:{closure:Illuminate\\Pipeline\\Pipeline::carry():155}:156}()
#25 /home/mhash/Documents/Projects/agilizaimoveis.com/vendor/laravel/framework/src/Illuminate/Routing/Router.php(797): Illuminate\\Pipeline\\Pipeline->then()
#26 /home/mhash/Documents/Projects/agilizaimoveis.com/vendor/laravel/framework/src/Illuminate/Routing/Router.php(776): Illuminate\\Routing\\Router->runRouteWithinStack()
#27 /home/mhash/Documents/Projects/agilizaimoveis.com/vendor/laravel/framework/src/Illuminate/Routing/Router.php(740): Illuminate\\Routing\\Router->runRoute()
#28 /home/mhash/Documents/Projects/agilizaimoveis.com/vendor/laravel/framework/src/Illuminate/Routing/Router.php(729): Illuminate\\Routing\\Router->dispatchToRoute()
#29 /home/mhash/Documents/Projects/agilizaimoveis.com/vendor/laravel/framework/src/Illuminate/Foundation/Http/Kernel.php(190): Illuminate\\Routing\\Router->dispatch()
#30 /home/mhash/Documents/Projects/agilizaimoveis.com/vendor/laravel/framework/src/Illuminate/Pipeline/Pipeline.php(141): Illuminate\\Foundation\\Http\\Kernel->{closure:Illuminate\\Foundation\\Http\\Kernel::dispatchToRouter():187}()
#31 /home/mhash/Documents/Projects/agilizaimoveis.com/vendor/laravel/framework/src/Illuminate/Foundation/Http/Middleware/TransformsRequest.php(21): Illuminate\\Pipeline\\Pipeline->{closure:Illuminate\\Pipeline\\Pipeline::prepareDestination():139}()
#32 /home/mhash/Documents/Projects/agilizaimoveis.com/vendor/laravel/framework/src/Illuminate/Foundation/Http/Middleware/ConvertEmptyStringsToNull.php(31): Illuminate\\Foundation\\Http\\Middleware\\TransformsRequest->handle()
#33 /home/mhash/Documents/Projects/agilizaimoveis.com/vendor/laravel/framework/src/Illuminate/Pipeline/Pipeline.php(180): Illuminate\\Foundation\\Http\\Middleware\\ConvertEmptyStringsToNull->handle()
#34 /home/mhash/Documents/Projects/agilizaimoveis.com/vendor/laravel/framework/src/Illuminate/Foundation/Http/Middleware/TransformsRequest.php(21): Illuminate\\Pipeline\\Pipeline->{closure:{closure:Illuminate\\Pipeline\\Pipeline::carry():155}:156}()
#35 /home/mhash/Documents/Projects/agilizaimoveis.com/vendor/laravel/framework/src/Illuminate/Foundation/Http/Middleware/TrimStrings.php(40): Illuminate\\Foundation\\Http\\Middleware\\TransformsRequest->handle()
#36 /home/mhash/Documents/Projects/agilizaimoveis.com/vendor/laravel/framework/src/Illuminate/Pipeline/Pipeline.php(180): Illuminate\\Foundation\\Http\\Middleware\\TrimStrings->handle()
#37 /home/mhash/Documents/Projects/agilizaimoveis.com/vendor/laravel/framework/src/Illuminate/Foundation/Http/Middleware/ValidatePostSize.php(27): Illuminate\\Pipeline\\Pipeline->{closure:{closure:Illuminate\\Pipeline\\Pipeline::carry():155}:156}()
#38 /home/mhash/Documents/Projects/agilizaimoveis.com/vendor/laravel/framework/src/Illuminate/Pipeline/Pipeline.php(180): Illuminate\\Foundation\\Http\\Middleware\\ValidatePostSize->handle()
#39 /home/mhash/Documents/Projects/agilizaimoveis.com/vendor/laravel/framework/src/Illuminate/Foundation/Http/Middleware/PreventRequestsDuringMaintenance.php(86): Illuminate\\Pipeline\\Pipeline->{closure:{closure:Illuminate\\Pipeline\\Pipeline::carry():155}:156}()
#40 /home/mhash/Documents/Projects/agilizaimoveis.com/vendor/laravel/framework/src/Illuminate/Pipeline/Pipeline.php(180): Illuminate\\Foundation\\Http\\Middleware\\PreventRequestsDuringMaintenance->handle()
#41 /home/mhash/Documents/Projects/agilizaimoveis.com/vendor/laravel/framework/src/Illuminate/Http/Middleware/HandleCors.php(49): Illuminate\\Pipeline\\Pipeline->{closure:{closure:Illuminate\\Pipeline\\Pipeline::carry():155}:156}()
#42 /home/mhash/Documents/Projects/agilizaimoveis.com/vendor/laravel/framework/src/Illuminate/Pipeline/Pipeline.php(180): Illuminate\\Http\\Middleware\\HandleCors->handle()
#43 /home/mhash/Documents/Projects/agilizaimoveis.com/vendor/laravel/framework/src/Illuminate/Http/Middleware/TrustProxies.php(39): Illuminate\\Pipeline\\Pipeline->{closure:{closure:Illuminate\\Pipeline\\Pipeline::carry():155}:156}()
#44 /home/mhash/Documents/Projects/agilizaimoveis.com/vendor/laravel/framework/src/Illuminate/Pipeline/Pipeline.php(180): Illuminate\\Http\\Middleware\\TrustProxies->handle()
#45 /home/mhash/Documents/Projects/agilizaimoveis.com/vendor/laravel/framework/src/Illuminate/Pipeline/Pipeline.php(116): Illuminate\\Pipeline\\Pipeline->{closure:{closure:Illuminate\\Pipeline\\Pipeline::carry():155}:156}()
#46 /home/mhash/Documents/Projects/agilizaimoveis.com/vendor/laravel/framework/src/Illuminate/Foundation/Http/Kernel.php(165): Illuminate\\Pipeline\\Pipeline->then()
#47 /home/mhash/Documents/Projects/agilizaimoveis.com/vendor/laravel/framework/src/Illuminate/Foundation/Http/Kernel.php(134): Illuminate\\Foundation\\Http\\Kernel->sendRequestThroughRouter()
#48 /home/mhash/Documents/Projects/agilizaimoveis.com/public/index.php(51): Illuminate\\Foundation\\Http\\Kernel->handle()
#49 /home/mhash/Documents/Projects/agilizaimoveis.com/vendor/laravel/framework/src/Illuminate/Foundation/resources/server.php(16): require_once('...')
#50 {main}
"} 
[2025-11-03 20:06:06] local.ERROR: Please provide a valid cache path. {"exception":"[object] (InvalidArgumentException(code: 0): Please provide a valid cache path. at /home/mhash/Documents/Projects/agilizaimoveis.com/vendor/laravel/framework/src/Illuminate/View/Compilers/Compiler.php:66)
[stacktrace]
#0 /home/mhash/Documents/Projects/agilizaimoveis.com/vendor/laravel/framework/src/Illuminate/View/ViewServiceProvider.php(96): Illuminate\\View\\Compilers\\Compiler->__construct()
#1 /home/mhash/Documents/Projects/agilizaimoveis.com/vendor/laravel/framework/src/Illuminate/Container/Container.php(885): Illuminate\\View\\ViewServiceProvider->{closure:Illuminate\\View\\ViewServiceProvider::registerBladeCompiler():95}()
#2 /home/mhash/Documents/Projects/agilizaimoveis.com/vendor/laravel/framework/src/Illuminate/Container/Container.php(770): Illuminate\\Container\\Container->build()
#3 /home/mhash/Documents/Projects/agilizaimoveis.com/vendor/laravel/framework/src/Illuminate/Foundation/Application.php(881): Illuminate\\Container\\Container->resolve()
#4 /home/mhash/Documents/Projects/agilizaimoveis.com/vendor/laravel/framework/src/Illuminate/Container/Container.php(706): Illuminate\\Foundation\\Application->resolve()
#5 /home/mhash/Documents/Projects/agilizaimoveis.com/vendor/laravel/framework/src/Illuminate/Foundation/Application.php(866): Illuminate\\Container\\Container->make()
#6 /home/mhash/Documents/Projects/agilizaimoveis.com/vendor/laravel/framework/src/Illuminate/Container/Container.php(1431): Illuminate\\Foundation\\Application->make()
#7 /home/mhash/Documents/Projects/agilizaimoveis.com/vendor/laravel/framework/src/Illuminate/View/ViewServiceProvider.php(164): Illuminate\\Container\\Container->offsetGet()
#8 [internal function]: Illuminate\\View\\ViewServiceProvider->{closure:Illuminate\\View\\ViewServiceProvider::registerBladeEngine():163}()
#9 /home/mhash/Documents/Projects/agilizaimoveis.com/vendor/laravel/framework/src/Illuminate/View/Engines/EngineResolver.php(55): call_user_func()
#10 /home/mhash/Documents/Projects/agilizaimoveis.com/vendor/laravel/framework/src/Illuminate/View/Factory.php(310): Illuminate\\View\\Engines\\EngineResolver->resolve()
#11 /home/mhash/Documents/Projects/agilizaimoveis.com/vendor/laravel/framework/src/Illuminate/View/Factory.php(274): Illuminate\\View\\Factory->getEngineFromPath()
#12 /home/mhash/Documents/Projects/agilizaimoveis.com/vendor/laravel/framework/src/Illuminate/View/Factory.php(146): Illuminate\\View\\Factory->viewInstance()
#13 /home/mhash/Documents/Projects/agilizaimoveis.com/vendor/laravel/framework/src/Illuminate/Routing/ResponseFactory.php(87): Illuminate\\View\\Factory->make()
#14 /home/mhash/Documents/Projects/agilizaimoveis.com/vendor/laravel/framework/src/Illuminate/Foundation/Exceptions/Handler.php(626): Illuminate\\Routing\\ResponseFactory->view()
#15 /home/mhash/Documents/Projects/agilizaimoveis.com/vendor/laravel/framework/src/Illuminate/Foundation/Exceptions/Handler.php(554): Illuminate\\Foundation\\Exceptions\\Handler->renderHttpException()
#16 /home/mhash/Documents/Projects/agilizaimoveis.com/vendor/laravel/framework/src/Illuminate/Foundation/Exceptions/Handler.php(460): Illuminate\\Foundation\\Exceptions\\Handler->prepareResponse()
#17 /home/mhash/Documents/Projects/agilizaimoveis.com/vendor/laravel/framework/src/Illuminate/Foundation/Exceptions/Handler.php(377): Illuminate\\Foundation\\Exceptions\\Handler->renderExceptionResponse()
#18 /home/mhash/Documents/Projects/agilizaimoveis.com/vendor/laravel/framework/src/Illuminate/Routing/Pipeline.php(51): Illuminate\\Foundation\\Exceptions\\Handler->render()
#19 /home/mhash/Documents/Projects/agilizaimoveis.com/vendor/laravel/framework/src/Illuminate/Pipeline/Pipeline.php(185): Illuminate\\Routing\\Pipeline->handleException()
#20 /home/mhash/Documents/Projects/agilizaimoveis.com/vendor/laravel/framework/src/Illuminate/Cookie/Middleware/EncryptCookies.php(67): Illuminate\\Pipeline\\Pipeline->{closure:{closure:Illuminate\\Pipeline\\Pipeline::carry():155}:156}()
#21 /home/mhash/Documents/Projects/agilizaimoveis.com/vendor/laravel/framework/src/Illuminate/Pipeline/Pipeline.php(180): Illuminate\\Cookie\\Middleware\\EncryptCookies->handle()
#22 /home/mhash/Documents/Projects/agilizaimoveis.com/vendor/laravel/framework/src/Illuminate/Pipeline/Pipeline.php(116): Illuminate\\Pipeline\\Pipeline->{closure:{closure:Illuminate\\Pipeline\\Pipeline::carry():155}:156}()
#23 /home/mhash/Documents/Projects/agilizaimoveis.com/vendor/laravel/framework/src/Illuminate/Routing/Router.php(797): Illuminate\\Pipeline\\Pipeline->then()
#24 /home/mhash/Documents/Projects/agilizaimoveis.com/vendor/laravel/framework/src/Illuminate/Routing/Router.php(776): Illuminate\\Routing\\Router->runRouteWithinStack()
#25 /home/mhash/Documents/Projects/agilizaimoveis.com/vendor/laravel/framework/src/Illuminate/Routing/Router.php(740): Illuminate\\Routing\\Router->runRoute()
#26 /home/mhash/Documents/Projects/agilizaimoveis.com/vendor/laravel/framework/src/Illuminate/Routing/Router.php(729): Illuminate\\Routing\\Router->dispatchToRoute()
#27 /home/mhash/Documents/Projects/agilizaimoveis.com/vendor/laravel/framework/src/Illuminate/Foundation/Http/Kernel.php(190): Illuminate\\Routing\\Router->dispatch()
#28 /home/mhash/Documents/Projects/agilizaimoveis.com/vendor/laravel/framework/src/Illuminate/Pipeline/Pipeline.php(141): Illuminate\\Foundation\\Http\\Kernel->{closure:Illuminate\\Foundation\\Http\\Kernel::dispatchToRouter():187}()
#29 /home/mhash/Documents/Projects/agilizaimoveis.com/vendor/laravel/framework/src/Illuminate/Foundation/Http/Middleware/TransformsRequest.php(21): Illuminate\\Pipeline\\Pipeline->{closure:Illuminate\\Pipeline\\Pipeline::prepareDestination():139}()
#30 /home/mhash/Documents/Projects/agilizaimoveis.com/vendor/laravel/framework/src/Illuminate/Foundation/Http/Middleware/ConvertEmptyStringsToNull.php(31): Illuminate\\Foundation\\Http\\Middleware\\TransformsRequest->handle()
#31 /home/mhash/Documents/Projects/agilizaimoveis.com/vendor/laravel/framework/src/Illuminate/Pipeline/Pipeline.php(180): Illuminate\\Foundation\\Http\\Middleware\\ConvertEmptyStringsToNull->handle()
#32 /home/mhash/Documents/Projects/agilizaimoveis.com/vendor/laravel/framework/src/Illuminate/Foundation/Http/Middleware/TransformsRequest.php(21): Illuminate\\Pipeline\\Pipeline->{closure:{closure:Illuminate\\Pipeline\\Pipeline::carry():155}:156}()
#33 /home/mhash/Documents/Projects/agilizaimoveis.com/vendor/laravel/framework/src/Illuminate/Foundation/Http/Middleware/TrimStrings.php(40): Illuminate\\Foundation\\Http\\Middleware\\TransformsRequest->handle()
#34 /home/mhash/Documents/Projects/agilizaimoveis.com/vendor/laravel/framework/src/Illuminate/Pipeline/Pipeline.php(180): Illuminate\\Foundation\\Http\\Middleware\\TrimStrings->handle()
#35 /home/mhash/Documents/Projects/agilizaimoveis.com/vendor/laravel/framework/src/Illuminate/Foundation/Http/Middleware/ValidatePostSize.php(27): Illuminate\\Pipeline\\Pipeline->{closure:{closure:Illuminate\\Pipeline\\Pipeline::carry():155}:156}()
#36 /home/mhash/Documents/Projects/agilizaimoveis.com/vendor/laravel/framework/src/Illuminate/Pipeline/Pipeline.php(180): Illuminate\\Foundation\\Http\\Middleware\\ValidatePostSize->handle()
#37 /home/mhash/Documents/Projects/agilizaimoveis.com/vendor/laravel/framework/src/Illuminate/Foundation/Http/Middleware/PreventRequestsDuringMaintenance.php(86): Illuminate\\Pipeline\\Pipeline->{closure:{closure:Illuminate\\Pipeline\\Pipeline::carry():155}:156}()
#38 /home/mhash/Documents/Projects/agilizaimoveis.com/vendor/laravel/framework/src/Illuminate/Pipeline/Pipeline.php(180): Illuminate\\Foundation\\Http\\Middleware\\PreventRequestsDuringMaintenance->handle()
#39 /home/mhash/Documents/Projects/agilizaimoveis.com/vendor/laravel/framework/src/Illuminate/Http/Middleware/HandleCors.php(49): Illuminate\\Pipeline\\Pipeline->{closure:{closure:Illuminate\\Pipeline\\Pipeline::carry():155}:156}()
#40 /home/mhash/Documents/Projects/agilizaimoveis.com/vendor/laravel/framework/src/Illuminate/Pipeline/Pipeline.php(180): Illuminate\\Http\\Middleware\\HandleCors->handle()
#41 /home/mhash/Documents/Projects/agilizaimoveis.com/vendor/laravel/framework/src/Illuminate/Http/Middleware/TrustProxies.php(39): Illuminate\\Pipeline\\Pipeline->{closure:{closure:Illuminate\\Pipeline\\Pipeline::carry():155}:156}()
#42 /home/mhash/Documents/Projects/agilizaimoveis.com/vendor/laravel/framework/src/Illuminate/Pipeline/Pipeline.php(180): Illuminate\\Http\\Middleware\\TrustProxies->handle()
#43 /home/mhash/Documents/Projects/agilizaimoveis.com/vendor/laravel/framework/src/Illuminate/Pipeline/Pipeline.php(116): Illuminate\\Pipeline\\Pipeline->{closure:{closure:Illuminate\\Pipeline\\Pipeline::carry():155}:156}()
#44 /home/mhash/Documents/Projects/agilizaimoveis.com/vendor/laravel/framework/src/Illuminate/Foundation/Http/Kernel.php(165): Illuminate\\Pipeline\\Pipeline->then()
#45 /home/mhash/Documents/Projects/agilizaimoveis.com/vendor/laravel/framework/src/Illuminate/Foundation/Http/Kernel.php(134): Illuminate\\Foundation\\Http\\Kernel->sendRequestThroughRouter()
#46 /home/mhash/Documents/Projects/agilizaimoveis.com/public/index.php(51): Illuminate\\Foundation\\Http\\Kernel->handle()
#47 /home/mhash/Documents/Projects/agilizaimoveis.com/vendor/laravel/framework/src/Illuminate/Foundation/resources/server.php(16): require_once('...')
#48 {main}
"} 
[2025-11-03 20:06:06] local.ERROR: Please provide a valid cache path. {"exception":"[object] (InvalidArgumentException(code: 0): Please provide a valid cache path. at /home/mhash/Documents/Projects/agilizaimoveis.com/vendor/laravel/framework/src/Illuminate/View/Compilers/Compiler.php:66)
[stacktrace]
#0 /home/mhash/Documents/Projects/agilizaimoveis.com/vendor/laravel/framework/src/Illuminate/View/ViewServiceProvider.php(96): Illuminate\\View\\Compilers\\Compiler->__construct()
#1 /home/mhash/Documents/Projects/agilizaimoveis.com/vendor/laravel/framework/src/Illuminate/Container/Container.php(885): Illuminate\\View\\ViewServiceProvider->{closure:Illuminate\\View\\ViewServiceProvider::registerBladeCompiler():95}()
#2 /home/mhash/Documents/Projects/agilizaimoveis.com/vendor/laravel/framework/src/Illuminate/Container/Container.php(770): Illuminate\\Container\\Container->build()
#3 /home/mhash/Documents/Projects/agilizaimoveis.com/vendor/laravel/framework/src/Illuminate/Foundation/Application.php(881): Illuminate\\Container\\Container->resolve()
#4 /home/mhash/Documents/Projects/agilizaimoveis.com/vendor/laravel/framework/src/Illuminate/Container/Container.php(706): Illuminate\\Foundation\\Application->resolve()
#5 /home/mhash/Documents/Projects/agilizaimoveis.com/vendor/laravel/framework/src/Illuminate/Foundation/Application.php(866): Illuminate\\Container\\Container->make()
#6 /home/mhash/Documents/Projects/agilizaimoveis.com/vendor/laravel/framework/src/Illuminate/Container/Container.php(1431): Illuminate\\Foundation\\Application->make()
#7 /home/mhash/Documents/Projects/agilizaimoveis.com/vendor/laravel/framework/src/Illuminate/View/ViewServiceProvider.php(164): Illuminate\\Container\\Container->offsetGet()
#8 [internal function]: Illuminate\\View\\ViewServiceProvider->{closure:Illuminate\\View\\ViewServiceProvider::registerBladeEngine():163}()
#9 /home/mhash/Documents/Projects/agilizaimoveis.com/vendor/laravel/framework/src/Illuminate/View/Engines/EngineResolver.php(55): call_user_func()
#10 /home/mhash/Documents/Projects/agilizaimoveis.com/vendor/laravel/framework/src/Illuminate/View/Factory.php(310): Illuminate\\View\\Engines\\EngineResolver->resolve()
#11 /home/mhash/Documents/Projects/agilizaimoveis.com/vendor/laravel/framework/src/Illuminate/View/Factory.php(274): Illuminate\\View\\Factory->getEngineFromPath()
#12 /home/mhash/Documents/Projects/agilizaimoveis.com/vendor/laravel/framework/src/Illuminate/View/Factory.php(146): Illuminate\\View\\Factory->viewInstance()
#13 /home/mhash/Documents/Projects/agilizaimoveis.com/vendor/laravel/framework/src/Illuminate/Routing/ResponseFactory.php(87): Illuminate\\View\\Factory->make()
#14 /home/mhash/Documents/Projects/agilizaimoveis.com/vendor/laravel/framework/src/Illuminate/Foundation/Exceptions/Handler.php(626): Illuminate\\Routing\\ResponseFactory->view()
#15 /home/mhash/Documents/Projects/agilizaimoveis.com/vendor/laravel/framework/src/Illuminate/Foundation/Exceptions/Handler.php(554): Illuminate\\Foundation\\Exceptions\\Handler->renderHttpException()
#16 /home/mhash/Documents/Projects/agilizaimoveis.com/vendor/laravel/framework/src/Illuminate/Foundation/Exceptions/Handler.php(460): Illuminate\\Foundation\\Exceptions\\Handler->prepareResponse()
#17 /home/mhash/Documents/Projects/agilizaimoveis.com/vendor/laravel/framework/src/Illuminate/Foundation/Exceptions/Handler.php(377): Illuminate\\Foundation\\Exceptions\\Handler->renderExceptionResponse()
#18 /home/mhash/Documents/Projects/agilizaimoveis.com/vendor/laravel/framework/src/Illuminate/Routing/Pipeline.php(51): Illuminate\\Foundation\\Exceptions\\Handler->render()
#19 /home/mhash/Documents/Projects/agilizaimoveis.com/vendor/laravel/framework/src/Illuminate/Pipeline/Pipeline.php(185): Illuminate\\Routing\\Pipeline->handleException()
#20 /home/mhash/Documents/Projects/agilizaimoveis.com/vendor/laravel/framework/src/Illuminate/Pipeline/Pipeline.php(116): Illuminate\\Pipeline\\Pipeline->{closure:{closure:Illuminate\\Pipeline\\Pipeline::carry():155}:156}()
#21 /home/mhash/Documents/Projects/agilizaimoveis.com/vendor/laravel/framework/src/Illuminate/Routing/Router.php(797): Illuminate\\Pipeline\\Pipeline->then()
#22 /home/mhash/Documents/Projects/agilizaimoveis.com/vendor/laravel/framework/src/Illuminate/Routing/Router.php(776): Illuminate\\Routing\\Router->runRouteWithinStack()
#23 /home/mhash/Documents/Projects/agilizaimoveis.com/vendor/laravel/framework/src/Illuminate/Routing/Router.php(740): Illuminate\\Routing\\Router->runRoute()
#24 /home/mhash/Documents/Projects/agilizaimoveis.com/vendor/laravel/framework/src/Illuminate/Routing/Router.php(729): Illuminate\\Routing\\Router->dispatchToRoute()
#25 /home/mhash/Documents/Projects/agilizaimoveis.com/vendor/laravel/framework/src/Illuminate/Foundation/Http/Kernel.php(190): Illuminate\\Routing\\Router->dispatch()
#26 /home/mhash/Documents/Projects/agilizaimoveis.com/vendor/laravel/framework/src/Illuminate/Pipeline/Pipeline.php(141): Illuminate\\Foundation\\Http\\Kernel->{closure:Illuminate\\Foundation\\Http\\Kernel::dispatchToRouter():187}()
#27 /home/mhash/Documents/Projects/agilizaimoveis.com/vendor/laravel/framework/src/Illuminate/Foundation/Http/Middleware/TransformsRequest.php(21): Illuminate\\Pipeline\\Pipeline->{closure:Illuminate\\Pipeline\\Pipeline::prepareDestination():139}()
#28 /home/mhash/Documents/Projects/agilizaimoveis.com/vendor/laravel/framework/src/Illuminate/Foundation/Http/Middleware/ConvertEmptyStringsToNull.php(31): Illuminate\\Foundation\\Http\\Middleware\\TransformsRequest->handle()
#29 /home/mhash/Documents/Projects/agilizaimoveis.com/vendor/laravel/framework/src/Illuminate/Pipeline/Pipeline.php(180): Illuminate\\Foundation\\Http\\Middleware\\ConvertEmptyStringsToNull->handle()
#30 /home/mhash/Documents/Projects/agilizaimoveis.com/vendor/laravel/framework/src/Illuminate/Foundation/Http/Middleware/TransformsRequest.php(21): Illuminate\\Pipeline\\Pipeline->{closure:{closure:Illuminate\\Pipeline\\Pipeline::carry():155}:156}()
#31 /home/mhash/Documents/Projects/agilizaimoveis.com/vendor/laravel/framework/src/Illuminate/Foundation/Http/Middleware/TrimStrings.php(40): Illuminate\\Foundation\\Http\\Middleware\\TransformsRequest->handle()
#32 /home/mhash/Documents/Projects/agilizaimoveis.com/vendor/laravel/framework/src/Illuminate/Pipeline/Pipeline.php(180): Illuminate\\Foundation\\Http\\Middleware\\TrimStrings->handle()
#33 /home/mhash/Documents/Projects/agilizaimoveis.com/vendor/laravel/framework/src/Illuminate/Foundation/Http/Middleware/ValidatePostSize.php(27): Illuminate\\Pipeline\\Pipeline->{closure:{closure:Illuminate\\Pipeline\\Pipeline::carry():155}:156}()
#34 /home/mhash/Documents/Projects/agilizaimoveis.com/vendor/laravel/framework/src/Illuminate/Pipeline/Pipeline.php(180): Illuminate\\Foundation\\Http\\Middleware\\ValidatePostSize->handle()
#35 /home/mhash/Documents/Projects/agilizaimoveis.com/vendor/laravel/framework/src/Illuminate/Foundation/Http/Middleware/PreventRequestsDuringMaintenance.php(86): Illuminate\\Pipeline\\Pipeline->{closure:{closure:Illuminate\\Pipeline\\Pipeline::carry():155}:156}()
#36 /home/mhash/Documents/Projects/agilizaimoveis.com/vendor/laravel/framework/src/Illuminate/Pipeline/Pipeline.php(180): Illuminate\\Foundation\\Http\\Middleware\\PreventRequestsDuringMaintenance->handle()
#37 /home/mhash/Documents/Projects/agilizaimoveis.com/vendor/laravel/framework/src/Illuminate/Http/Middleware/HandleCors.php(49): Illuminate\\Pipeline\\Pipeline->{closure:{closure:Illuminate\\Pipeline\\Pipeline::carry():155}:156}()
#38 /home/mhash/Documents/Projects/agilizaimoveis.com/vendor/laravel/framework/src/Illuminate/Pipeline/Pipeline.php(180): Illuminate\\Http\\Middleware\\HandleCors->handle()
#39 /home/mhash/Documents/Projects/agilizaimoveis.com/vendor/laravel/framework/src/Illuminate/Http/Middleware/TrustProxies.php(39): Illuminate\\Pipeline\\Pipeline->{closure:{closure:Illuminate\\Pipeline\\Pipeline::carry():155}:156}()
#40 /home/mhash/Documents/Projects/agilizaimoveis.com/vendor/laravel/framework/src/Illuminate/Pipeline/Pipeline.php(180): Illuminate\\Http\\Middleware\\TrustProxies->handle()
#41 /home/mhash/Documents/Projects/agilizaimoveis.com/vendor/laravel/framework/src/Illuminate/Pipeline/Pipeline.php(116): Illuminate\\Pipeline\\Pipeline->{closure:{closure:Illuminate\\Pipeline\\Pipeline::carry():155}:156}()
#42 /home/mhash/Documents/Projects/agilizaimoveis.com/vendor/laravel/framework/src/Illuminate/Foundation/Http/Kernel.php(165): Illuminate\\Pipeline\\Pipeline->then()
#43 /home/mhash/Documents/Projects/agilizaimoveis.com/vendor/laravel/framework/src/Illuminate/Foundation/Http/Kernel.php(134): Illuminate\\Foundation\\Http\\Kernel->sendRequestThroughRouter()
#44 /home/mhash/Documents/Projects/agilizaimoveis.com/public/index.php(51): Illuminate\\Foundation\\Http\\Kernel->handle()
#45 /home/mhash/Documents/Projects/agilizaimoveis.com/vendor/laravel/framework/src/Illuminate/Foundation/resources/server.php(16): require_once('...')
#46 {main}
"} 
[2025-11-03 20:06:06] local.ERROR: Please provide a valid cache path. {"exception":"[object] (InvalidArgumentException(code: 0): Please provide a valid cache path. at /home/mhash/Documents/Projects/agilizaimoveis.com/vendor/laravel/framework/src/Illuminate/View/Compilers/Compiler.php:66)
[stacktrace]
#0 /home/mhash/Documents/Projects/agilizaimoveis.com/vendor/laravel/framework/src/Illuminate/View/ViewServiceProvider.php(96): Illuminate\\View\\Compilers\\Compiler->__construct()
#1 /home/mhash/Documents/Projects/agilizaimoveis.com/vendor/laravel/framework/src/Illuminate/Container/Container.php(885): Illuminate\\View\\ViewServiceProvider->{closure:Illuminate\\View\\ViewServiceProvider::registerBladeCompiler():95}()
#2 /home/mhash/Documents/Projects/agilizaimoveis.com/vendor/laravel/framework/src/Illuminate/Container/Container.php(770): Illuminate\\Container\\Container->build()
#3 /home/mhash/Documents/Projects/agilizaimoveis.com/vendor/laravel/framework/src/Illuminate/Foundation/Application.php(881): Illuminate\\Container\\Container->resolve()
#4 /home/mhash/Documents/Projects/agilizaimoveis.com/vendor/laravel/framework/src/Illuminate/Container/Container.php(706): Illuminate\\Foundation\\Application->resolve()
#5 /home/mhash/Documents/Projects/agilizaimoveis.com/vendor/laravel/framework/src/Illuminate/Foundation/Application.php(866): Illuminate\\Container\\Container->make()
#6 /home/mhash/Documents/Projects/agilizaimoveis.com/vendor/laravel/framework/src/Illuminate/Container/Container.php(1431): Illuminate\\Foundation\\Application->make()
#7 /home/mhash/Documents/Projects/agilizaimoveis.com/vendor/laravel/framework/src/Illuminate/View/ViewServiceProvider.php(164): Illuminate\\Container\\Container->offsetGet()
#8 [internal function]: Illuminate\\View\\ViewServiceProvider->{closure:Illuminate\\View\\ViewServiceProvider::registerBladeEngine():163}()
#9 /home/mhash/Documents/Projects/agilizaimoveis.com/vendor/laravel/framework/src/Illuminate/View/Engines/EngineResolver.php(55): call_user_func()
#10 /home/mhash/Documents/Projects/agilizaimoveis.com/vendor/laravel/framework/src/Illuminate/View/Factory.php(310): Illuminate\\View\\Engines\\EngineResolver->resolve()
#11 /home/mhash/Documents/Projects/agilizaimoveis.com/vendor/laravel/framework/src/Illuminate/View/Factory.php(274): Illuminate\\View\\Factory->getEngineFromPath()
#12 /home/mhash/Documents/Projects/agilizaimoveis.com/vendor/laravel/framework/src/Illuminate/View/Factory.php(146): Illuminate\\View\\Factory->viewInstance()
#13 /home/mhash/Documents/Projects/agilizaimoveis.com/vendor/laravel/framework/src/Illuminate/Routing/ResponseFactory.php(87): Illuminate\\View\\Factory->make()
#14 /home/mhash/Documents/Projects/agilizaimoveis.com/vendor/laravel/framework/src/Illuminate/Foundation/Exceptions/Handler.php(626): Illuminate\\Routing\\ResponseFactory->view()
#15 /home/mhash/Documents/Projects/agilizaimoveis.com/vendor/laravel/framework/src/Illuminate/Foundation/Exceptions/Handler.php(554): Illuminate\\Foundation\\Exceptions\\Handler->renderHttpException()
#16 /home/mhash/Documents/Projects/agilizaimoveis.com/vendor/laravel/framework/src/Illuminate/Foundation/Exceptions/Handler.php(460): Illuminate\\Foundation\\Exceptions\\Handler->prepareResponse()
#17 /home/mhash/Documents/Projects/agilizaimoveis.com/vendor/laravel/framework/src/Illuminate/Foundation/Exceptions/Handler.php(377): Illuminate\\Foundation\\Exceptions\\Handler->renderExceptionResponse()
#18 /home/mhash/Documents/Projects/agilizaimoveis.com/vendor/laravel/framework/src/Illuminate/Routing/Pipeline.php(51): Illuminate\\Foundation\\Exceptions\\Handler->render()
#19 /home/mhash/Documents/Projects/agilizaimoveis.com/vendor/laravel/framework/src/Illuminate/Pipeline/Pipeline.php(143): Illuminate\\Routing\\Pipeline->handleException()
#20 /home/mhash/Documents/Projects/agilizaimoveis.com/vendor/laravel/framework/src/Illuminate/Foundation/Http/Middleware/TransformsRequest.php(21): Illuminate\\Pipeline\\Pipeline->{closure:Illuminate\\Pipeline\\Pipeline::prepareDestination():139}()
#21 /home/mhash/Documents/Projects/agilizaimoveis.com/vendor/laravel/framework/src/Illuminate/Foundation/Http/Middleware/ConvertEmptyStringsToNull.php(31): Illuminate\\Foundation\\Http\\Middleware\\TransformsRequest->handle()
#22 /home/mhash/Documents/Projects/agilizaimoveis.com/vendor/laravel/framework/src/Illuminate/Pipeline/Pipeline.php(180): Illuminate\\Foundation\\Http\\Middleware\\ConvertEmptyStringsToNull->handle()
#23 /home/mhash/Documents/Projects/agilizaimoveis.com/vendor/laravel/framework/src/Illuminate/Foundation/Http/Middleware/TransformsRequest.php(21): Illuminate\\Pipeline\\Pipeline->{closure:{closure:Illuminate\\Pipeline\\Pipeline::carry():155}:156}()
#24 /home/mhash/Documents/Projects/agilizaimoveis.com/vendor/laravel/framework/src/Illuminate/Foundation/Http/Middleware/TrimStrings.php(40): Illuminate\\Foundation\\Http\\Middleware\\TransformsRequest->handle()
#25 /home/mhash/Documents/Projects/agilizaimoveis.com/vendor/laravel/framework/src/Illuminate/Pipeline/Pipeline.php(180): Illuminate\\Foundation\\Http\\Middleware\\TrimStrings->handle()
#26 /home/mhash/Documents/Projects/agilizaimoveis.com/vendor/laravel/framework/src/Illuminate/Foundation/Http/Middleware/ValidatePostSize.php(27): Illuminate\\Pipeline\\Pipeline->{closure:{closure:Illuminate\\Pipeline\\Pipeline::carry():155}:156}()
#27 /home/mhash/Documents/Projects/agilizaimoveis.com/vendor/laravel/framework/src/Illuminate/Pipeline/Pipeline.php(180): Illuminate\\Foundation\\Http\\Middleware\\ValidatePostSize->handle()
#28 /home/mhash/Documents/Projects/agilizaimoveis.com/vendor/laravel/framework/src/Illuminate/Foundation/Http/Middleware/PreventRequestsDuringMaintenance.php(86): Illuminate\\Pipeline\\Pipeline->{closure:{closure:Illuminate\\Pipeline\\Pipeline::carry():155}:156}()
#29 /home/mhash/Documents/Projects/agilizaimoveis.com/vendor/laravel/framework/src/Illuminate/Pipeline/Pipeline.php(180): Illuminate\\Foundation\\Http\\Middleware\\PreventRequestsDuringMaintenance->handle()
#30 /home/mhash/Documents/Projects/agilizaimoveis.com/vendor/laravel/framework/src/Illuminate/Http/Middleware/HandleCors.php(49): Illuminate\\Pipeline\\Pipeline->{closure:{closure:Illuminate\\Pipeline\\Pipeline::carry():155}:156}()
#31 /home/mhash/Documents/Projects/agilizaimoveis.com/vendor/laravel/framework/src/Illuminate/Pipeline/Pipeline.php(180): Illuminate\\Http\\Middleware\\HandleCors->handle()
#32 /home/mhash/Documents/Projects/agilizaimoveis.com/vendor/laravel/framework/src/Illuminate/Http/Middleware/TrustProxies.php(39): Illuminate\\Pipeline\\Pipeline->{closure:{closure:Illuminate\\Pipeline\\Pipeline::carry():155}:156}()
#33 /home/mhash/Documents/Projects/agilizaimoveis.com/vendor/laravel/framework/src/Illuminate/Pipeline/Pipeline.php(180): Illuminate\\Http\\Middleware\\TrustProxies->handle()
#34 /home/mhash/Documents/Projects/agilizaimoveis.com/vendor/laravel/framework/src/Illuminate/Pipeline/Pipeline.php(116): Illuminate\\Pipeline\\Pipeline->{closure:{closure:Illuminate\\Pipeline\\Pipeline::carry():155}:156}()
#35 /home/mhash/Documents/Projects/agilizaimoveis.com/vendor/laravel/framework/src/Illuminate/Foundation/Http/Kernel.php(165): Illuminate\\Pipeline\\Pipeline->then()
#36 /home/mhash/Documents/Projects/agilizaimoveis.com/vendor/laravel/framework/src/Illuminate/Foundation/Http/Kernel.php(134): Illuminate\\Foundation\\Http\\Kernel->sendRequestThroughRouter()
#37 /home/mhash/Documents/Projects/agilizaimoveis.com/public/index.php(51): Illuminate\\Foundation\\Http\\Kernel->handle()
#38 /home/mhash/Documents/Projects/agilizaimoveis.com/vendor/laravel/framework/src/Illuminate/Foundation/resources/server.php(16): require_once('...')
#39 {main}
"} 
[2025-11-03 20:06:06] local.ERROR: Please provide a valid cache path. {"exception":"[object] (InvalidArgumentException(code: 0): Please provide a valid cache path. at /home/mhash/Documents/Projects/agilizaimoveis.com/vendor/laravel/framework/src/Illuminate/View/Compilers/Compiler.php:66)
[stacktrace]
#0 /home/mhash/Documents/Projects/agilizaimoveis.com/vendor/laravel/framework/src/Illuminate/View/ViewServiceProvider.php(96): Illuminate\\View\\Compilers\\Compiler->__construct()
#1 /home/mhash/Documents/Projects/agilizaimoveis.com/vendor/laravel/framework/src/Illuminate/Container/Container.php(885): Illuminate\\View\\ViewServiceProvider->{closure:Illuminate\\View\\ViewServiceProvider::registerBladeCompiler():95}()
#2 /home/mhash/Documents/Projects/agilizaimoveis.com/vendor/laravel/framework/src/Illuminate/Container/Container.php(770): Illuminate\\Container\\Container->build()
#3 /home/mhash/Documents/Projects/agilizaimoveis.com/vendor/laravel/framework/src/Illuminate/Foundation/Application.php(881): Illuminate\\Container\\Container->resolve()
#4 /home/mhash/Documents/Projects/agilizaimoveis.com/vendor/laravel/framework/src/Illuminate/Container/Container.php(706): Illuminate\\Foundation\\Application->resolve()
#5 /home/mhash/Documents/Projects/agilizaimoveis.com/vendor/laravel/framework/src/Illuminate/Foundation/Application.php(866): Illuminate\\Container\\Container->make()
#6 /home/mhash/Documents/Projects/agilizaimoveis.com/vendor/laravel/framework/src/Illuminate/Container/Container.php(1431): Illuminate\\Foundation\\Application->make()
#7 /home/mhash/Documents/Projects/agilizaimoveis.com/vendor/laravel/framework/src/Illuminate/View/ViewServiceProvider.php(164): Illuminate\\Container\\Container->offsetGet()
#8 [internal function]: Illuminate\\View\\ViewServiceProvider->{closure:Illuminate\\View\\ViewServiceProvider::registerBladeEngine():163}()
#9 /home/mhash/Documents/Projects/agilizaimoveis.com/vendor/laravel/framework/src/Illuminate/View/Engines/EngineResolver.php(55): call_user_func()
#10 /home/mhash/Documents/Projects/agilizaimoveis.com/vendor/laravel/framework/src/Illuminate/View/Factory.php(310): Illuminate\\View\\Engines\\EngineResolver->resolve()
#11 /home/mhash/Documents/Projects/agilizaimoveis.com/vendor/laravel/framework/src/Illuminate/View/Factory.php(274): Illuminate\\View\\Factory->getEngineFromPath()
#12 /home/mhash/Documents/Projects/agilizaimoveis.com/vendor/laravel/framework/src/Illuminate/View/Factory.php(146): Illuminate\\View\\Factory->viewInstance()
#13 /home/mhash/Documents/Projects/agilizaimoveis.com/vendor/laravel/framework/src/Illuminate/Routing/ResponseFactory.php(87): Illuminate\\View\\Factory->make()
#14 /home/mhash/Documents/Projects/agilizaimoveis.com/vendor/laravel/framework/src/Illuminate/Foundation/Exceptions/Handler.php(626): Illuminate\\Routing\\ResponseFactory->view()
#15 /home/mhash/Documents/Projects/agilizaimoveis.com/vendor/laravel/framework/src/Illuminate/Foundation/Exceptions/Handler.php(554): Illuminate\\Foundation\\Exceptions\\Handler->renderHttpException()
#16 /home/mhash/Documents/Projects/agilizaimoveis.com/vendor/laravel/framework/src/Illuminate/Foundation/Exceptions/Handler.php(460): Illuminate\\Foundation\\Exceptions\\Handler->prepareResponse()
#17 /home/mhash/Documents/Projects/agilizaimoveis.com/vendor/laravel/framework/src/Illuminate/Foundation/Exceptions/Handler.php(377): Illuminate\\Foundation\\Exceptions\\Handler->renderExceptionResponse()
#18 /home/mhash/Documents/Projects/agilizaimoveis.com/vendor/laravel/framework/src/Illuminate/Routing/Pipeline.php(51): Illuminate\\Foundation\\Exceptions\\Handler->render()
#19 /home/mhash/Documents/Projects/agilizaimoveis.com/vendor/laravel/framework/src/Illuminate/Pipeline/Pipeline.php(185): Illuminate\\Routing\\Pipeline->handleException()
#20 /home/mhash/Documents/Projects/agilizaimoveis.com/vendor/laravel/framework/src/Illuminate/Foundation/Http/Middleware/TransformsRequest.php(21): Illuminate\\Pipeline\\Pipeline->{closure:{closure:Illuminate\\Pipeline\\Pipeline::carry():155}:156}()
#21 /home/mhash/Documents/Projects/agilizaimoveis.com/vendor/laravel/framework/src/Illuminate/Foundation/Http/Middleware/TrimStrings.php(40): Illuminate\\Foundation\\Http\\Middleware\\TransformsRequest->handle()
#22 /home/mhash/Documents/Projects/agilizaimoveis.com/vendor/laravel/framework/src/Illuminate/Pipeline/Pipeline.php(180): Illuminate\\Foundation\\Http\\Middleware\\TrimStrings->handle()
#23 /home/mhash/Documents/Projects/agilizaimoveis.com/vendor/laravel/framework/src/Illuminate/Foundation/Http/Middleware/ValidatePostSize.php(27): Illuminate\\Pipeline\\Pipeline->{closure:{closure:Illuminate\\Pipeline\\Pipeline::carry():155}:156}()
#24 /home/mhash/Documents/Projects/agilizaimoveis.com/vendor/laravel/framework/src/Illuminate/Pipeline/Pipeline.php(180): Illuminate\\Foundation\\Http\\Middleware\\ValidatePostSize->handle()
#25 /home/mhash/Documents/Projects/agilizaimoveis.com/vendor/laravel/framework/src/Illuminate/Foundation/Http/Middleware/PreventRequestsDuringMaintenance.php(86): Illuminate\\Pipeline\\Pipeline->{closure:{closure:Illuminate\\Pipeline\\Pipeline::carry():155}:156}()
#26 /home/mhash/Documents/Projects/agilizaimoveis.com/vendor/laravel/framework/src/Illuminate/Pipeline/Pipeline.php(180): Illuminate\\Foundation\\Http\\Middleware\\PreventRequestsDuringMaintenance->handle()
#27 /home/mhash/Documents/Projects/agilizaimoveis.com/vendor/laravel/framework/src/Illuminate/Http/Middleware/HandleCors.php(49): Illuminate\\Pipeline\\Pipeline->{closure:{closure:Illuminate\\Pipeline\\Pipeline::carry():155}:156}()
#28 /home/mhash/Documents/Projects/agilizaimoveis.com/vendor/laravel/framework/src/Illuminate/Pipeline/Pipeline.php(180): Illuminate\\Http\\Middleware\\HandleCors->handle()
#29 /home/mhash/Documents/Projects/agilizaimoveis.com/vendor/laravel/framework/src/Illuminate/Http/Middleware/TrustProxies.php(39): Illuminate\\Pipeline\\Pipeline->{closure:{closure:Illuminate\\Pipeline\\Pipeline::carry():155}:156}()
#30 /home/mhash/Documents/Projects/agilizaimoveis.com/vendor/laravel/framework/src/Illuminate/Pipeline/Pipeline.php(180): Illuminate\\Http\\Middleware\\TrustProxies->handle()
#31 /home/mhash/Documents/Projects/agilizaimoveis.com/vendor/laravel/framework/src/Illuminate/Pipeline/Pipeline.php(116): Illuminate\\Pipeline\\Pipeline->{closure:{closure:Illuminate\\Pipeline\\Pipeline::carry():155}:156}()
#32 /home/mhash/Documents/Projects/agilizaimoveis.com/vendor/laravel/framework/src/Illuminate/Foundation/Http/Kernel.php(165): Illuminate\\Pipeline\\Pipeline->then()
#33 /home/mhash/Documents/Projects/agilizaimoveis.com/vendor/laravel/framework/src/Illuminate/Foundation/Http/Kernel.php(134): Illuminate\\Foundation\\Http\\Kernel->sendRequestThroughRouter()
#34 /home/mhash/Documents/Projects/agilizaimoveis.com/public/index.php(51): Illuminate\\Foundation\\Http\\Kernel->handle()
#35 /home/mhash/Documents/Projects/agilizaimoveis.com/vendor/laravel/framework/src/Illuminate/Foundation/resources/server.php(16): require_once('...')
#36 {main}
"} 
[2025-11-03 20:06:06] local.ERROR: Please provide a valid cache path. {"exception":"[object] (InvalidArgumentException(code: 0): Please provide a valid cache path. at /home/mhash/Documents/Projects/agilizaimoveis.com/vendor/laravel/framework/src/Illuminate/View/Compilers/Compiler.php:66)
[stacktrace]
#0 /home/mhash/Documents/Projects/agilizaimoveis.com/vendor/laravel/framework/src/Illuminate/View/ViewServiceProvider.php(96): Illuminate\\View\\Compilers\\Compiler->__construct()
#1 /home/mhash/Documents/Projects/agilizaimoveis.com/vendor/laravel/framework/src/Illuminate/Container/Container.php(885): Illuminate\\View\\ViewServiceProvider->{closure:Illuminate\\View\\ViewServiceProvider::registerBladeCompiler():95}()
#2 /home/mhash/Documents/Projects/agilizaimoveis.com/vendor/laravel/framework/src/Illuminate/Container/Container.php(770): Illuminate\\Container\\Container->build()
#3 /home/mhash/Documents/Projects/agilizaimoveis.com/vendor/laravel/framework/src/Illuminate/Foundation/Application.php(881): Illuminate\\Container\\Container->resolve()
#4 /home/mhash/Documents/Projects/agilizaimoveis.com/vendor/laravel/framework/src/Illuminate/Container/Container.php(706): Illuminate\\Foundation\\Application->resolve()
#5 /home/mhash/Documents/Projects/agilizaimoveis.com/vendor/laravel/framework/src/Illuminate/Foundation/Application.php(866): Illuminate\\Container\\Container->make()
#6 /home/mhash/Documents/Projects/agilizaimoveis.com/vendor/laravel/framework/src/Illuminate/Container/Container.php(1431): Illuminate\\Foundation\\Application->make()
#7 /home/mhash/Documents/Projects/agilizaimoveis.com/vendor/laravel/framework/src/Illuminate/View/ViewServiceProvider.php(164): Illuminate\\Container\\Container->offsetGet()
#8 [internal function]: Illuminate\\View\\ViewServiceProvider->{closure:Illuminate\\View\\ViewServiceProvider::registerBladeEngine():163}()
#9 /home/mhash/Documents/Projects/agilizaimoveis.com/vendor/laravel/framework/src/Illuminate/View/Engines/EngineResolver.php(55): call_user_func()
#10 /home/mhash/Documents/Projects/agilizaimoveis.com/vendor/laravel/framework/src/Illuminate/View/Factory.php(310): Illuminate\\View\\Engines\\EngineResolver->resolve()
#11 /home/mhash/Documents/Projects/agilizaimoveis.com/vendor/laravel/framework/src/Illuminate/View/Factory.php(274): Illuminate\\View\\Factory->getEngineFromPath()
#12 /home/mhash/Documents/Projects/agilizaimoveis.com/vendor/laravel/framework/src/Illuminate/View/Factory.php(146): Illuminate\\View\\Factory->viewInstance()
#13 /home/mhash/Documents/Projects/agilizaimoveis.com/vendor/laravel/framework/src/Illuminate/Routing/ResponseFactory.php(87): Illuminate\\View\\Factory->make()
#14 /home/mhash/Documents/Projects/agilizaimoveis.com/vendor/laravel/framework/src/Illuminate/Foundation/Exceptions/Handler.php(626): Illuminate\\Routing\\ResponseFactory->view()
#15 /home/mhash/Documents/Projects/agilizaimoveis.com/vendor/laravel/framework/src/Illuminate/Foundation/Exceptions/Handler.php(554): Illuminate\\Foundation\\Exceptions\\Handler->renderHttpException()
#16 /home/mhash/Documents/Projects/agilizaimoveis.com/vendor/laravel/framework/src/Illuminate/Foundation/Exceptions/Handler.php(460): Illuminate\\Foundation\\Exceptions\\Handler->prepareResponse()
#17 /home/mhash/Documents/Projects/agilizaimoveis.com/vendor/laravel/framework/src/Illuminate/Foundation/Exceptions/Handler.php(377): Illuminate\\Foundation\\Exceptions\\Handler->renderExceptionResponse()
#18 /home/mhash/Documents/Projects/agilizaimoveis.com/vendor/laravel/framework/src/Illuminate/Routing/Pipeline.php(51): Illuminate\\Foundation\\Exceptions\\Handler->render()
#19 /home/mhash/Documents/Projects/agilizaimoveis.com/vendor/laravel/framework/src/Illuminate/Pipeline/Pipeline.php(185): Illuminate\\Routing\\Pipeline->handleException()
#20 /home/mhash/Documents/Projects/agilizaimoveis.com/vendor/laravel/framework/src/Illuminate/Foundation/Http/Middleware/ValidatePostSize.php(27): Illuminate\\Pipeline\\Pipeline->{closure:{closure:Illuminate\\Pipeline\\Pipeline::carry():155}:156}()
#21 /home/mhash/Documents/Projects/agilizaimoveis.com/vendor/laravel/framework/src/Illuminate/Pipeline/Pipeline.php(180): Illuminate\\Foundation\\Http\\Middleware\\ValidatePostSize->handle()
#22 /home/mhash/Documents/Projects/agilizaimoveis.com/vendor/laravel/framework/src/Illuminate/Foundation/Http/Middleware/PreventRequestsDuringMaintenance.php(86): Illuminate\\Pipeline\\Pipeline->{closure:{closure:Illuminate\\Pipeline\\Pipeline::carry():155}:156}()
#23 /home/mhash/Documents/Projects/agilizaimoveis.com/vendor/laravel/framework/src/Illuminate/Pipeline/Pipeline.php(180): Illuminate\\Foundation\\Http\\Middleware\\PreventRequestsDuringMaintenance->handle()
#24 /home/mhash/Documents/Projects/agilizaimoveis.com/vendor/laravel/framework/src/Illuminate/Http/Middleware/HandleCors.php(49): Illuminate\\Pipeline\\Pipeline->{closure:{closure:Illuminate\\Pipeline\\Pipeline::carry():155}:156}()
#25 /home/mhash/Documents/Projects/agilizaimoveis.com/vendor/laravel/framework/src/Illuminate/Pipeline/Pipeline.php(180): Illuminate\\Http\\Middleware\\HandleCors->handle()
#26 /home/mhash/Documents/Projects/agilizaimoveis.com/vendor/laravel/framework/src/Illuminate/Http/Middleware/TrustProxies.php(39): Illuminate\\Pipeline\\Pipeline->{closure:{closure:Illuminate\\Pipeline\\Pipeline::carry():155}:156}()
#27 /home/mhash/Documents/Projects/agilizaimoveis.com/vendor/laravel/framework/src/Illuminate/Pipeline/Pipeline.php(180): Illuminate\\Http\\Middleware\\TrustProxies->handle()
#28 /home/mhash/Documents/Projects/agilizaimoveis.com/vendor/laravel/framework/src/Illuminate/Pipeline/Pipeline.php(116): Illuminate\\Pipeline\\Pipeline->{closure:{closure:Illuminate\\Pipeline\\Pipeline::carry():155}:156}()
#29 /home/mhash/Documents/Projects/agilizaimoveis.com/vendor/laravel/framework/src/Illuminate/Foundation/Http/Kernel.php(165): Illuminate\\Pipeline\\Pipeline->then()
#30 /home/mhash/Documents/Projects/agilizaimoveis.com/vendor/laravel/framework/src/Illuminate/Foundation/Http/Kernel.php(134): Illuminate\\Foundation\\Http\\Kernel->sendRequestThroughRouter()
#31 /home/mhash/Documents/Projects/agilizaimoveis.com/public/index.php(51): Illuminate\\Foundation\\Http\\Kernel->handle()
#32 /home/mhash/Documents/Projects/agilizaimoveis.com/vendor/laravel/framework/src/Illuminate/Foundation/resources/server.php(16): require_once('...')
#33 {main}
"} 
[2025-11-03 20:06:06] local.ERROR: Please provide a valid cache path. {"exception":"[object] (InvalidArgumentException(code: 0): Please provide a valid cache path. at /home/mhash/Documents/Projects/agilizaimoveis.com/vendor/laravel/framework/src/Illuminate/View/Compilers/Compiler.php:66)
[stacktrace]
#0 /home/mhash/Documents/Projects/agilizaimoveis.com/vendor/laravel/framework/src/Illuminate/View/ViewServiceProvider.php(96): Illuminate\\View\\Compilers\\Compiler->__construct()
#1 /home/mhash/Documents/Projects/agilizaimoveis.com/vendor/laravel/framework/src/Illuminate/Container/Container.php(885): Illuminate\\View\\ViewServiceProvider->{closure:Illuminate\\View\\ViewServiceProvider::registerBladeCompiler():95}()
#2 /home/mhash/Documents/Projects/agilizaimoveis.com/vendor/laravel/framework/src/Illuminate/Container/Container.php(770): Illuminate\\Container\\Container->build()
#3 /home/mhash/Documents/Projects/agilizaimoveis.com/vendor/laravel/framework/src/Illuminate/Foundation/Application.php(881): Illuminate\\Container\\Container->resolve()
#4 /home/mhash/Documents/Projects/agilizaimoveis.com/vendor/laravel/framework/src/Illuminate/Container/Container.php(706): Illuminate\\Foundation\\Application->resolve()
#5 /home/mhash/Documents/Projects/agilizaimoveis.com/vendor/laravel/framework/src/Illuminate/Foundation/Application.php(866): Illuminate\\Container\\Container->make()
#6 /home/mhash/Documents/Projects/agilizaimoveis.com/vendor/laravel/framework/src/Illuminate/Container/Container.php(1431): Illuminate\\Foundation\\Application->make()
#7 /home/mhash/Documents/Projects/agilizaimoveis.com/vendor/laravel/framework/src/Illuminate/View/ViewServiceProvider.php(164): Illuminate\\Container\\Container->offsetGet()
#8 [internal function]: Illuminate\\View\\ViewServiceProvider->{closure:Illuminate\\View\\ViewServiceProvider::registerBladeEngine():163}()
#9 /home/mhash/Documents/Projects/agilizaimoveis.com/vendor/laravel/framework/src/Illuminate/View/Engines/EngineResolver.php(55): call_user_func()
#10 /home/mhash/Documents/Projects/agilizaimoveis.com/vendor/laravel/framework/src/Illuminate/View/Factory.php(310): Illuminate\\View\\Engines\\EngineResolver->resolve()
#11 /home/mhash/Documents/Projects/agilizaimoveis.com/vendor/laravel/framework/src/Illuminate/View/Factory.php(274): Illuminate\\View\\Factory->getEngineFromPath()
#12 /home/mhash/Documents/Projects/agilizaimoveis.com/vendor/laravel/framework/src/Illuminate/View/Factory.php(146): Illuminate\\View\\Factory->viewInstance()
#13 /home/mhash/Documents/Projects/agilizaimoveis.com/vendor/laravel/framework/src/Illuminate/Routing/ResponseFactory.php(87): Illuminate\\View\\Factory->make()
#14 /home/mhash/Documents/Projects/agilizaimoveis.com/vendor/laravel/framework/src/Illuminate/Foundation/Exceptions/Handler.php(626): Illuminate\\Routing\\ResponseFactory->view()
#15 /home/mhash/Documents/Projects/agilizaimoveis.com/vendor/laravel/framework/src/Illuminate/Foundation/Exceptions/Handler.php(554): Illuminate\\Foundation\\Exceptions\\Handler->renderHttpException()
#16 /home/mhash/Documents/Projects/agilizaimoveis.com/vendor/laravel/framework/src/Illuminate/Foundation/Exceptions/Handler.php(460): Illuminate\\Foundation\\Exceptions\\Handler->prepareResponse()
#17 /home/mhash/Documents/Projects/agilizaimoveis.com/vendor/laravel/framework/src/Illuminate/Foundation/Exceptions/Handler.php(377): Illuminate\\Foundation\\Exceptions\\Handler->renderExceptionResponse()
#18 /home/mhash/Documents/Projects/agilizaimoveis.com/vendor/laravel/framework/src/Illuminate/Routing/Pipeline.php(51): Illuminate\\Foundation\\Exceptions\\Handler->render()
#19 /home/mhash/Documents/Projects/agilizaimoveis.com/vendor/laravel/framework/src/Illuminate/Pipeline/Pipeline.php(185): Illuminate\\Routing\\Pipeline->handleException()
#20 /home/mhash/Documents/Projects/agilizaimoveis.com/vendor/laravel/framework/src/Illuminate/Foundation/Http/Middleware/PreventRequestsDuringMaintenance.php(86): Illuminate\\Pipeline\\Pipeline->{closure:{closure:Illuminate\\Pipeline\\Pipeline::carry():155}:156}()
#21 /home/mhash/Documents/Projects/agilizaimoveis.com/vendor/laravel/framework/src/Illuminate/Pipeline/Pipeline.php(180): Illuminate\\Foundation\\Http\\Middleware\\PreventRequestsDuringMaintenance->handle()
#22 /home/mhash/Documents/Projects/agilizaimoveis.com/vendor/laravel/framework/src/Illuminate/Http/Middleware/HandleCors.php(49): Illuminate\\Pipeline\\Pipeline->{closure:{closure:Illuminate\\Pipeline\\Pipeline::carry():155}:156}()
#23 /home/mhash/Documents/Projects/agilizaimoveis.com/vendor/laravel/framework/src/Illuminate/Pipeline/Pipeline.php(180): Illuminate\\Http\\Middleware\\HandleCors->handle()
#24 /home/mhash/Documents/Projects/agilizaimoveis.com/vendor/laravel/framework/src/Illuminate/Http/Middleware/TrustProxies.php(39): Illuminate\\Pipeline\\Pipeline->{closure:{closure:Illuminate\\Pipeline\\Pipeline::carry():155}:156}()
#25 /home/mhash/Documents/Projects/agilizaimoveis.com/vendor/laravel/framework/src/Illuminate/Pipeline/Pipeline.php(180): Illuminate\\Http\\Middleware\\TrustProxies->handle()
#26 /home/mhash/Documents/Projects/agilizaimoveis.com/vendor/laravel/framework/src/Illuminate/Pipeline/Pipeline.php(116): Illuminate\\Pipeline\\Pipeline->{closure:{closure:Illuminate\\Pipeline\\Pipeline::carry():155}:156}()
#27 /home/mhash/Documents/Projects/agilizaimoveis.com/vendor/laravel/framework/src/Illuminate/Foundation/Http/Kernel.php(165): Illuminate\\Pipeline\\Pipeline->then()
#28 /home/mhash/Documents/Projects/agilizaimoveis.com/vendor/laravel/framework/src/Illuminate/Foundation/Http/Kernel.php(134): Illuminate\\Foundation\\Http\\Kernel->sendRequestThroughRouter()
#29 /home/mhash/Documents/Projects/agilizaimoveis.com/public/index.php(51): Illuminate\\Foundation\\Http\\Kernel->handle()
#30 /home/mhash/Documents/Projects/agilizaimoveis.com/vendor/laravel/framework/src/Illuminate/Foundation/resources/server.php(16): require_once('...')
#31 {main}
"} 
[2025-11-03 20:06:06] local.ERROR: Please provide a valid cache path. {"exception":"[object] (InvalidArgumentException(code: 0): Please provide a valid cache path. at /home/mhash/Documents/Projects/agilizaimoveis.com/vendor/laravel/framework/src/Illuminate/View/Compilers/Compiler.php:66)
[stacktrace]
#0 /home/mhash/Documents/Projects/agilizaimoveis.com/vendor/laravel/framework/src/Illuminate/View/ViewServiceProvider.php(96): Illuminate\\View\\Compilers\\Compiler->__construct()
#1 /home/mhash/Documents/Projects/agilizaimoveis.com/vendor/laravel/framework/src/Illuminate/Container/Container.php(885): Illuminate\\View\\ViewServiceProvider->{closure:Illuminate\\View\\ViewServiceProvider::registerBladeCompiler():95}()
#2 /home/mhash/Documents/Projects/agilizaimoveis.com/vendor/laravel/framework/src/Illuminate/Container/Container.php(770): Illuminate\\Container\\Container->build()
#3 /home/mhash/Documents/Projects/agilizaimoveis.com/vendor/laravel/framework/src/Illuminate/Foundation/Application.php(881): Illuminate\\Container\\Container->resolve()
#4 /home/mhash/Documents/Projects/agilizaimoveis.com/vendor/laravel/framework/src/Illuminate/Container/Container.php(706): Illuminate\\Foundation\\Application->resolve()
#5 /home/mhash/Documents/Projects/agilizaimoveis.com/vendor/laravel/framework/src/Illuminate/Foundation/Application.php(866): Illuminate\\Container\\Container->make()
#6 /home/mhash/Documents/Projects/agilizaimoveis.com/vendor/laravel/framework/src/Illuminate/Container/Container.php(1431): Illuminate\\Foundation\\Application->make()
#7 /home/mhash/Documents/Projects/agilizaimoveis.com/vendor/laravel/framework/src/Illuminate/View/ViewServiceProvider.php(164): Illuminate\\Container\\Container->offsetGet()
#8 [internal function]: Illuminate\\View\\ViewServiceProvider->{closure:Illuminate\\View\\ViewServiceProvider::registerBladeEngine():163}()
#9 /home/mhash/Documents/Projects/agilizaimoveis.com/vendor/laravel/framework/src/Illuminate/View/Engines/EngineResolver.php(55): call_user_func()
#10 /home/mhash/Documents/Projects/agilizaimoveis.com/vendor/laravel/framework/src/Illuminate/View/Factory.php(310): Illuminate\\View\\Engines\\EngineResolver->resolve()
#11 /home/mhash/Documents/Projects/agilizaimoveis.com/vendor/laravel/framework/src/Illuminate/View/Factory.php(274): Illuminate\\View\\Factory->getEngineFromPath()
#12 /home/mhash/Documents/Projects/agilizaimoveis.com/vendor/laravel/framework/src/Illuminate/View/Factory.php(146): Illuminate\\View\\Factory->viewInstance()
#13 /home/mhash/Documents/Projects/agilizaimoveis.com/vendor/laravel/framework/src/Illuminate/Routing/ResponseFactory.php(87): Illuminate\\View\\Factory->make()
#14 /home/mhash/Documents/Projects/agilizaimoveis.com/vendor/laravel/framework/src/Illuminate/Foundation/Exceptions/Handler.php(626): Illuminate\\Routing\\ResponseFactory->view()
#15 /home/mhash/Documents/Projects/agilizaimoveis.com/vendor/laravel/framework/src/Illuminate/Foundation/Exceptions/Handler.php(554): Illuminate\\Foundation\\Exceptions\\Handler->renderHttpException()
#16 /home/mhash/Documents/Projects/agilizaimoveis.com/vendor/laravel/framework/src/Illuminate/Foundation/Exceptions/Handler.php(460): Illuminate\\Foundation\\Exceptions\\Handler->prepareResponse()
#17 /home/mhash/Documents/Projects/agilizaimoveis.com/vendor/laravel/framework/src/Illuminate/Foundation/Exceptions/Handler.php(377): Illuminate\\Foundation\\Exceptions\\Handler->renderExceptionResponse()
#18 /home/mhash/Documents/Projects/agilizaimoveis.com/vendor/laravel/framework/src/Illuminate/Routing/Pipeline.php(51): Illuminate\\Foundation\\Exceptions\\Handler->render()
#19 /home/mhash/Documents/Projects/agilizaimoveis.com/vendor/laravel/framework/src/Illuminate/Pipeline/Pipeline.php(185): Illuminate\\Routing\\Pipeline->handleException()
#20 /home/mhash/Documents/Projects/agilizaimoveis.com/vendor/laravel/framework/src/Illuminate/Http/Middleware/HandleCors.php(49): Illuminate\\Pipeline\\Pipeline->{closure:{closure:Illuminate\\Pipeline\\Pipeline::carry():155}:156}()
#21 /home/mhash/Documents/Projects/agilizaimoveis.com/vendor/laravel/framework/src/Illuminate/Pipeline/Pipeline.php(180): Illuminate\\Http\\Middleware\\HandleCors->handle()
#22 /home/mhash/Documents/Projects/agilizaimoveis.com/vendor/laravel/framework/src/Illuminate/Http/Middleware/TrustProxies.php(39): Illuminate\\Pipeline\\Pipeline->{closure:{closure:Illuminate\\Pipeline\\Pipeline::carry():155}:156}()
#23 /home/mhash/Documents/Projects/agilizaimoveis.com/vendor/laravel/framework/src/Illuminate/Pipeline/Pipeline.php(180): Illuminate\\Http\\Middleware\\TrustProxies->handle()
#24 /home/mhash/Documents/Projects/agilizaimoveis.com/vendor/laravel/framework/src/Illuminate/Pipeline/Pipeline.php(116): Illuminate\\Pipeline\\Pipeline->{closure:{closure:Illuminate\\Pipeline\\Pipeline::carry():155}:156}()
#25 /home/mhash/Documents/Projects/agilizaimoveis.com/vendor/laravel/framework/src/Illuminate/Foundation/Http/Kernel.php(165): Illuminate\\Pipeline\\Pipeline->then()
#26 /home/mhash/Documents/Projects/agilizaimoveis.com/vendor/laravel/framework/src/Illuminate/Foundation/Http/Kernel.php(134): Illuminate\\Foundation\\Http\\Kernel->sendRequestThroughRouter()
#27 /home/mhash/Documents/Projects/agilizaimoveis.com/public/index.php(51): Illuminate\\Foundation\\Http\\Kernel->handle()
#28 /home/mhash/Documents/Projects/agilizaimoveis.com/vendor/laravel/framework/src/Illuminate/Foundation/resources/server.php(16): require_once('...')
#29 {main}
"} 
[2025-11-03 20:06:06] local.ERROR: Please provide a valid cache path. {"exception":"[object] (InvalidArgumentException(code: 0): Please provide a valid cache path. at /home/mhash/Documents/Projects/agilizaimoveis.com/vendor/laravel/framework/src/Illuminate/View/Compilers/Compiler.php:66)
[stacktrace]
#0 /home/mhash/Documents/Projects/agilizaimoveis.com/vendor/laravel/framework/src/Illuminate/View/ViewServiceProvider.php(96): Illuminate\\View\\Compilers\\Compiler->__construct()
#1 /home/mhash/Documents/Projects/agilizaimoveis.com/vendor/laravel/framework/src/Illuminate/Container/Container.php(885): Illuminate\\View\\ViewServiceProvider->{closure:Illuminate\\View\\ViewServiceProvider::registerBladeCompiler():95}()
#2 /home/mhash/Documents/Projects/agilizaimoveis.com/vendor/laravel/framework/src/Illuminate/Container/Container.php(770): Illuminate\\Container\\Container->build()
#3 /home/mhash/Documents/Projects/agilizaimoveis.com/vendor/laravel/framework/src/Illuminate/Foundation/Application.php(881): Illuminate\\Container\\Container->resolve()
#4 /home/mhash/Documents/Projects/agilizaimoveis.com/vendor/laravel/framework/src/Illuminate/Container/Container.php(706): Illuminate\\Foundation\\Application->resolve()
#5 /home/mhash/Documents/Projects/agilizaimoveis.com/vendor/laravel/framework/src/Illuminate/Foundation/Application.php(866): Illuminate\\Container\\Container->make()
#6 /home/mhash/Documents/Projects/agilizaimoveis.com/vendor/laravel/framework/src/Illuminate/Container/Container.php(1431): Illuminate\\Foundation\\Application->make()
#7 /home/mhash/Documents/Projects/agilizaimoveis.com/vendor/laravel/framework/src/Illuminate/View/ViewServiceProvider.php(164): Illuminate\\Container\\Container->offsetGet()
#8 [internal function]: Illuminate\\View\\ViewServiceProvider->{closure:Illuminate\\View\\ViewServiceProvider::registerBladeEngine():163}()
#9 /home/mhash/Documents/Projects/agilizaimoveis.com/vendor/laravel/framework/src/Illuminate/View/Engines/EngineResolver.php(55): call_user_func()
#10 /home/mhash/Documents/Projects/agilizaimoveis.com/vendor/laravel/framework/src/Illuminate/View/Factory.php(310): Illuminate\\View\\Engines\\EngineResolver->resolve()
#11 /home/mhash/Documents/Projects/agilizaimoveis.com/vendor/laravel/framework/src/Illuminate/View/Factory.php(274): Illuminate\\View\\Factory->getEngineFromPath()
#12 /home/mhash/Documents/Projects/agilizaimoveis.com/vendor/laravel/framework/src/Illuminate/View/Factory.php(146): Illuminate\\View\\Factory->viewInstance()
#13 /home/mhash/Documents/Projects/agilizaimoveis.com/vendor/laravel/framework/src/Illuminate/Routing/ResponseFactory.php(87): Illuminate\\View\\Factory->make()
#14 /home/mhash/Documents/Projects/agilizaimoveis.com/vendor/laravel/framework/src/Illuminate/Foundation/Exceptions/Handler.php(626): Illuminate\\Routing\\ResponseFactory->view()
#15 /home/mhash/Documents/Projects/agilizaimoveis.com/vendor/laravel/framework/src/Illuminate/Foundation/Exceptions/Handler.php(554): Illuminate\\Foundation\\Exceptions\\Handler->renderHttpException()
#16 /home/mhash/Documents/Projects/agilizaimoveis.com/vendor/laravel/framework/src/Illuminate/Foundation/Exceptions/Handler.php(460): Illuminate\\Foundation\\Exceptions\\Handler->prepareResponse()
#17 /home/mhash/Documents/Projects/agilizaimoveis.com/vendor/laravel/framework/src/Illuminate/Foundation/Exceptions/Handler.php(377): Illuminate\\Foundation\\Exceptions\\Handler->renderExceptionResponse()
#18 /home/mhash/Documents/Projects/agilizaimoveis.com/vendor/laravel/framework/src/Illuminate/Routing/Pipeline.php(51): Illuminate\\Foundation\\Exceptions\\Handler->render()
#19 /home/mhash/Documents/Projects/agilizaimoveis.com/vendor/laravel/framework/src/Illuminate/Pipeline/Pipeline.php(185): Illuminate\\Routing\\Pipeline->handleException()
#20 /home/mhash/Documents/Projects/agilizaimoveis.com/vendor/laravel/framework/src/Illuminate/Http/Middleware/TrustProxies.php(39): Illuminate\\Pipeline\\Pipeline->{closure:{closure:Illuminate\\Pipeline\\Pipeline::carry():155}:156}()
#21 /home/mhash/Documents/Projects/agilizaimoveis.com/vendor/laravel/framework/src/Illuminate/Pipeline/Pipeline.php(180): Illuminate\\Http\\Middleware\\TrustProxies->handle()
#22 /home/mhash/Documents/Projects/agilizaimoveis.com/vendor/laravel/framework/src/Illuminate/Pipeline/Pipeline.php(116): Illuminate\\Pipeline\\Pipeline->{closure:{closure:Illuminate\\Pipeline\\Pipeline::carry():155}:156}()
#23 /home/mhash/Documents/Projects/agilizaimoveis.com/vendor/laravel/framework/src/Illuminate/Foundation/Http/Kernel.php(165): Illuminate\\Pipeline\\Pipeline->then()
#24 /home/mhash/Documents/Projects/agilizaimoveis.com/vendor/laravel/framework/src/Illuminate/Foundation/Http/Kernel.php(134): Illuminate\\Foundation\\Http\\Kernel->sendRequestThroughRouter()
#25 /home/mhash/Documents/Projects/agilizaimoveis.com/public/index.php(51): Illuminate\\Foundation\\Http\\Kernel->handle()
#26 /home/mhash/Documents/Projects/agilizaimoveis.com/vendor/laravel/framework/src/Illuminate/Foundation/resources/server.php(16): require_once('...')
#27 {main}
"} 
[2025-11-03 20:06:06] local.ERROR: Please provide a valid cache path. {"exception":"[object] (InvalidArgumentException(code: 0): Please provide a valid cache path. at /home/mhash/Documents/Projects/agilizaimoveis.com/vendor/laravel/framework/src/Illuminate/View/Compilers/Compiler.php:66)
[stacktrace]
#0 /home/mhash/Documents/Projects/agilizaimoveis.com/vendor/laravel/framework/src/Illuminate/View/ViewServiceProvider.php(96): Illuminate\\View\\Compilers\\Compiler->__construct()
#1 /home/mhash/Documents/Projects/agilizaimoveis.com/vendor/laravel/framework/src/Illuminate/Container/Container.php(885): Illuminate\\View\\ViewServiceProvider->{closure:Illuminate\\View\\ViewServiceProvider::registerBladeCompiler():95}()
#2 /home/mhash/Documents/Projects/agilizaimoveis.com/vendor/laravel/framework/src/Illuminate/Container/Container.php(770): Illuminate\\Container\\Container->build()
#3 /home/mhash/Documents/Projects/agilizaimoveis.com/vendor/laravel/framework/src/Illuminate/Foundation/Application.php(881): Illuminate\\Container\\Container->resolve()
#4 /home/mhash/Documents/Projects/agilizaimoveis.com/vendor/laravel/framework/src/Illuminate/Container/Container.php(706): Illuminate\\Foundation\\Application->resolve()
#5 /home/mhash/Documents/Projects/agilizaimoveis.com/vendor/laravel/framework/src/Illuminate/Foundation/Application.php(866): Illuminate\\Container\\Container->make()
#6 /home/mhash/Documents/Projects/agilizaimoveis.com/vendor/laravel/framework/src/Illuminate/Container/Container.php(1431): Illuminate\\Foundation\\Application->make()
#7 /home/mhash/Documents/Projects/agilizaimoveis.com/vendor/laravel/framework/src/Illuminate/View/ViewServiceProvider.php(164): Illuminate\\Container\\Container->offsetGet()
#8 [internal function]: Illuminate\\View\\ViewServiceProvider->{closure:Illuminate\\View\\ViewServiceProvider::registerBladeEngine():163}()
#9 /home/mhash/Documents/Projects/agilizaimoveis.com/vendor/laravel/framework/src/Illuminate/View/Engines/EngineResolver.php(55): call_user_func()
#10 /home/mhash/Documents/Projects/agilizaimoveis.com/vendor/laravel/framework/src/Illuminate/View/Factory.php(310): Illuminate\\View\\Engines\\EngineResolver->resolve()
#11 /home/mhash/Documents/Projects/agilizaimoveis.com/vendor/laravel/framework/src/Illuminate/View/Factory.php(274): Illuminate\\View\\Factory->getEngineFromPath()
#12 /home/mhash/Documents/Projects/agilizaimoveis.com/vendor/laravel/framework/src/Illuminate/View/Factory.php(146): Illuminate\\View\\Factory->viewInstance()
#13 /home/mhash/Documents/Projects/agilizaimoveis.com/vendor/laravel/framework/src/Illuminate/Routing/ResponseFactory.php(87): Illuminate\\View\\Factory->make()
#14 /home/mhash/Documents/Projects/agilizaimoveis.com/vendor/laravel/framework/src/Illuminate/Foundation/Exceptions/Handler.php(626): Illuminate\\Routing\\ResponseFactory->view()
#15 /home/mhash/Documents/Projects/agilizaimoveis.com/vendor/laravel/framework/src/Illuminate/Foundation/Exceptions/Handler.php(554): Illuminate\\Foundation\\Exceptions\\Handler->renderHttpException()
#16 /home/mhash/Documents/Projects/agilizaimoveis.com/vendor/laravel/framework/src/Illuminate/Foundation/Exceptions/Handler.php(460): Illuminate\\Foundation\\Exceptions\\Handler->prepareResponse()
#17 /home/mhash/Documents/Projects/agilizaimoveis.com/vendor/laravel/framework/src/Illuminate/Foundation/Exceptions/Handler.php(377): Illuminate\\Foundation\\Exceptions\\Handler->renderExceptionResponse()
#18 /home/mhash/Documents/Projects/agilizaimoveis.com/vendor/laravel/framework/src/Illuminate/Routing/Pipeline.php(51): Illuminate\\Foundation\\Exceptions\\Handler->render()
#19 /home/mhash/Documents/Projects/agilizaimoveis.com/vendor/laravel/framework/src/Illuminate/Pipeline/Pipeline.php(185): Illuminate\\Routing\\Pipeline->handleException()
#20 /home/mhash/Documents/Projects/agilizaimoveis.com/vendor/laravel/framework/src/Illuminate/Pipeline/Pipeline.php(116): Illuminate\\Pipeline\\Pipeline->{closure:{closure:Illuminate\\Pipeline\\Pipeline::carry():155}:156}()
#21 /home/mhash/Documents/Projects/agilizaimoveis.com/vendor/laravel/framework/src/Illuminate/Foundation/Http/Kernel.php(165): Illuminate\\Pipeline\\Pipeline->then()
#22 /home/mhash/Documents/Projects/agilizaimoveis.com/vendor/laravel/framework/src/Illuminate/Foundation/Http/Kernel.php(134): Illuminate\\Foundation\\Http\\Kernel->sendRequestThroughRouter()
#23 /home/mhash/Documents/Projects/agilizaimoveis.com/public/index.php(51): Illuminate\\Foundation\\Http\\Kernel->handle()
#24 /home/mhash/Documents/Projects/agilizaimoveis.com/vendor/laravel/framework/src/Illuminate/Foundation/resources/server.php(16): require_once('...')
#25 {main}
"} 
[2025-11-03 20:06:06] local.ERROR: Please provide a valid cache path. {"exception":"[object] (InvalidArgumentException(code: 0): Please provide a valid cache path. at /home/mhash/Documents/Projects/agilizaimoveis.com/vendor/laravel/framework/src/Illuminate/View/Compilers/Compiler.php:66)
[stacktrace]
#0 /home/mhash/Documents/Projects/agilizaimoveis.com/vendor/laravel/framework/src/Illuminate/View/ViewServiceProvider.php(96): Illuminate\\View\\Compilers\\Compiler->__construct()
#1 /home/mhash/Documents/Projects/agilizaimoveis.com/vendor/laravel/framework/src/Illuminate/Container/Container.php(885): Illuminate\\View\\ViewServiceProvider->{closure:Illuminate\\View\\ViewServiceProvider::registerBladeCompiler():95}()
#2 /home/mhash/Documents/Projects/agilizaimoveis.com/vendor/laravel/framework/src/Illuminate/Container/Container.php(770): Illuminate\\Container\\Container->build()
#3 /home/mhash/Documents/Projects/agilizaimoveis.com/vendor/laravel/framework/src/Illuminate/Foundation/Application.php(881): Illuminate\\Container\\Container->resolve()
#4 /home/mhash/Documents/Projects/agilizaimoveis.com/vendor/laravel/framework/src/Illuminate/Container/Container.php(706): Illuminate\\Foundation\\Application->resolve()
#5 /home/mhash/Documents/Projects/agilizaimoveis.com/vendor/laravel/framework/src/Illuminate/Foundation/Application.php(866): Illuminate\\Container\\Container->make()
#6 /home/mhash/Documents/Projects/agilizaimoveis.com/vendor/laravel/framework/src/Illuminate/Container/Container.php(1431): Illuminate\\Foundation\\Application->make()
#7 /home/mhash/Documents/Projects/agilizaimoveis.com/vendor/laravel/framework/src/Illuminate/View/ViewServiceProvider.php(164): Illuminate\\Container\\Container->offsetGet()
#8 [internal function]: Illuminate\\View\\ViewServiceProvider->{closure:Illuminate\\View\\ViewServiceProvider::registerBladeEngine():163}()
#9 /home/mhash/Documents/Projects/agilizaimoveis.com/vendor/laravel/framework/src/Illuminate/View/Engines/EngineResolver.php(55): call_user_func()
#10 /home/mhash/Documents/Projects/agilizaimoveis.com/vendor/laravel/framework/src/Illuminate/View/Factory.php(310): Illuminate\\View\\Engines\\EngineResolver->resolve()
#11 /home/mhash/Documents/Projects/agilizaimoveis.com/vendor/laravel/framework/src/Illuminate/View/Factory.php(274): Illuminate\\View\\Factory->getEngineFromPath()
#12 /home/mhash/Documents/Projects/agilizaimoveis.com/vendor/laravel/framework/src/Illuminate/View/Factory.php(146): Illuminate\\View\\Factory->viewInstance()
#13 /home/mhash/Documents/Projects/agilizaimoveis.com/vendor/laravel/framework/src/Illuminate/Routing/ResponseFactory.php(87): Illuminate\\View\\Factory->make()
#14 /home/mhash/Documents/Projects/agilizaimoveis.com/vendor/laravel/framework/src/Illuminate/Foundation/Exceptions/Handler.php(626): Illuminate\\Routing\\ResponseFactory->view()
#15 /home/mhash/Documents/Projects/agilizaimoveis.com/vendor/laravel/framework/src/Illuminate/Foundation/Exceptions/Handler.php(554): Illuminate\\Foundation\\Exceptions\\Handler->renderHttpException()
#16 /home/mhash/Documents/Projects/agilizaimoveis.com/vendor/laravel/framework/src/Illuminate/Foundation/Exceptions/Handler.php(460): Illuminate\\Foundation\\Exceptions\\Handler->prepareResponse()
#17 /home/mhash/Documents/Projects/agilizaimoveis.com/vendor/laravel/framework/src/Illuminate/Foundation/Exceptions/Handler.php(377): Illuminate\\Foundation\\Exceptions\\Handler->renderExceptionResponse()
#18 /home/mhash/Documents/Projects/agilizaimoveis.com/vendor/laravel/framework/src/Illuminate/Foundation/Http/Kernel.php(493): Illuminate\\Foundation\\Exceptions\\Handler->render()
#19 /home/mhash/Documents/Projects/agilizaimoveis.com/vendor/laravel/framework/src/Illuminate/Foundation/Http/Kernel.php(138): Illuminate\\Foundation\\Http\\Kernel->renderException()
#20 /home/mhash/Documents/Projects/agilizaimoveis.com/public/index.php(51): Illuminate\\Foundation\\Http\\Kernel->handle()
#21 /home/mhash/Documents/Projects/agilizaimoveis.com/vendor/laravel/framework/src/Illuminate/Foundation/resources/server.php(16): require_once('...')
#22 {main}
"} 
[2025-11-03 20:06:06] local.ERROR: Uncaught InvalidArgumentException: Please provide a valid cache path. in /home/mhash/Documents/Projects/agilizaimoveis.com/vendor/laravel/framework/src/Illuminate/View/Compilers/Compiler.php:66
Stack trace:
#0 /home/mhash/Documents/Projects/agilizaimoveis.com/vendor/laravel/framework/src/Illuminate/View/ViewServiceProvider.php(96): Illuminate\View\Compilers\Compiler->__construct()
#1 /home/mhash/Documents/Projects/agilizaimoveis.com/vendor/laravel/framework/src/Illuminate/Container/Container.php(885): Illuminate\View\ViewServiceProvider->{closure:Illuminate\View\ViewServiceProvider::registerBladeCompiler():95}()
#2 /home/mhash/Documents/Projects/agilizaimoveis.com/vendor/laravel/framework/src/Illuminate/Container/Container.php(770): Illuminate\Container\Container->build()
#3 /home/mhash/Documents/Projects/agilizaimoveis.com/vendor/laravel/framework/src/Illuminate/Foundation/Application.php(881): Illuminate\Container\Container->resolve()
#4 /home/mhash/Documents/Projects/agilizaimoveis.com/vendor/laravel/framework/src/Illuminate/Container/Container.php(706): Illuminate\Foundation\Application->resolve()
#5 /home/mhash/Documents/Projects/agilizaimoveis.com/vendor/laravel/framework/src/Illuminate/Foundation/Application.php(866): Illuminate\Container\Container->make()
#6 /home/mhash/Documents/Projects/agilizaimoveis.com/vendor/laravel/framework/src/Illuminate/Container/Container.php(1431): Illuminate\Foundation\Application->make()
#7 /home/mhash/Documents/Projects/agilizaimoveis.com/vendor/laravel/framework/src/Illuminate/View/ViewServiceProvider.php(164): Illuminate\Container\Container->offsetGet()
#8 [internal function]: Illuminate\View\ViewServiceProvider->{closure:Illuminate\View\ViewServiceProvider::registerBladeEngine():163}()
#9 /home/mhash/Documents/Projects/agilizaimoveis.com/vendor/laravel/framework/src/Illuminate/View/Engines/EngineResolver.php(55): call_user_func()
#10 /home/mhash/Documents/Projects/agilizaimoveis.com/vendor/laravel/framework/src/Illuminate/View/Factory.php(310): Illuminate\View\Engines\EngineResolver->resolve()
#11 /home/mhash/Documents/Projects/agilizaimoveis.com/vendor/laravel/framework/src/Illuminate/View/Factory.php(274): Illuminate\View\Factory->getEngineFromPath()
#12 /home/mhash/Documents/Projects/agilizaimoveis.com/vendor/laravel/framework/src/Illuminate/View/Factory.php(146): Illuminate\View\Factory->viewInstance()
#13 /home/mhash/Documents/Projects/agilizaimoveis.com/vendor/laravel/framework/src/Illuminate/Routing/ResponseFactory.php(87): Illuminate\View\Factory->make()
#14 /home/mhash/Documents/Projects/agilizaimoveis.com/vendor/laravel/framework/src/Illuminate/Foundation/Exceptions/Handler.php(626): Illuminate\Routing\ResponseFactory->view()
#15 /home/mhash/Documents/Projects/agilizaimoveis.com/vendor/laravel/framework/src/Illuminate/Foundation/Exceptions/Handler.php(554): Illuminate\Foundation\Exceptions\Handler->renderHttpException()
#16 /home/mhash/Documents/Projects/agilizaimoveis.com/vendor/laravel/framework/src/Illuminate/Foundation/Exceptions/Handler.php(460): Illuminate\Foundation\Exceptions\Handler->prepareResponse()
#17 /home/mhash/Documents/Projects/agilizaimoveis.com/vendor/laravel/framework/src/Illuminate/Foundation/Exceptions/Handler.php(377): Illuminate\Foundation\Exceptions\Handler->renderExceptionResponse()
#18 /home/mhash/Documents/Projects/agilizaimoveis.com/vendor/laravel/framework/src/Illuminate/Foundation/Bootstrap/HandleExceptions.php(233): Illuminate\Foundation\Exceptions\Handler->render()
#19 /home/mhash/Documents/Projects/agilizaimoveis.com/vendor/laravel/framework/src/Illuminate/Foundation/Bootstrap/HandleExceptions.php(210): Illuminate\Foundation\Bootstrap\HandleExceptions->renderHttpResponse()
#20 /home/mhash/Documents/Projects/agilizaimoveis.com/vendor/laravel/framework/src/Illuminate/Foundation/Bootstrap/HandleExceptions.php(270): Illuminate\Foundation\Bootstrap\HandleExceptions->handleException()
#21 [internal function]: Illuminate\Foundation\Bootstrap\HandleExceptions->{closure:Illuminate\Foundation\Bootstrap\HandleExceptions::forwardsTo():269}()
#22 {main}
  thrown {"exception":"[object] (Symfony\\Component\\ErrorHandler\\Error\\FatalError(code: 0): Uncaught InvalidArgumentException: Please provide a valid cache path. in /home/mhash/Documents/Projects/agilizaimoveis.com/vendor/laravel/framework/src/Illuminate/View/Compilers/Compiler.php:66
Stack trace:
#0 /home/mhash/Documents/Projects/agilizaimoveis.com/vendor/laravel/framework/src/Illuminate/View/ViewServiceProvider.php(96): Illuminate\\View\\Compilers\\Compiler->__construct()
#1 /home/mhash/Documents/Projects/agilizaimoveis.com/vendor/laravel/framework/src/Illuminate/Container/Container.php(885): Illuminate\\View\\ViewServiceProvider->{closure:Illuminate\\View\\ViewServiceProvider::registerBladeCompiler():95}()
#2 /home/mhash/Documents/Projects/agilizaimoveis.com/vendor/laravel/framework/src/Illuminate/Container/Container.php(770): Illuminate\\Container\\Container->build()
#3 /home/mhash/Documents/Projects/agilizaimoveis.com/vendor/laravel/framework/src/Illuminate/Foundation/Application.php(881): Illuminate\\Container\\Container->resolve()
#4 /home/mhash/Documents/Projects/agilizaimoveis.com/vendor/laravel/framework/src/Illuminate/Container/Container.php(706): Illuminate\\Foundation\\Application->resolve()
#5 /home/mhash/Documents/Projects/agilizaimoveis.com/vendor/laravel/framework/src/Illuminate/Foundation/Application.php(866): Illuminate\\Container\\Container->make()
#6 /home/mhash/Documents/Projects/agilizaimoveis.com/vendor/laravel/framework/src/Illuminate/Container/Container.php(1431): Illuminate\\Foundation\\Application->make()
#7 /home/mhash/Documents/Projects/agilizaimoveis.com/vendor/laravel/framework/src/Illuminate/View/ViewServiceProvider.php(164): Illuminate\\Container\\Container->offsetGet()
#8 [internal function]: Illuminate\\View\\ViewServiceProvider->{closure:Illuminate\\View\\ViewServiceProvider::registerBladeEngine():163}()
#9 /home/mhash/Documents/Projects/agilizaimoveis.com/vendor/laravel/framework/src/Illuminate/View/Engines/EngineResolver.php(55): call_user_func()
#10 /home/mhash/Documents/Projects/agilizaimoveis.com/vendor/laravel/framework/src/Illuminate/View/Factory.php(310): Illuminate\\View\\Engines\\EngineResolver->resolve()
#11 /home/mhash/Documents/Projects/agilizaimoveis.com/vendor/laravel/framework/src/Illuminate/View/Factory.php(274): Illuminate\\View\\Factory->getEngineFromPath()
#12 /home/mhash/Documents/Projects/agilizaimoveis.com/vendor/laravel/framework/src/Illuminate/View/Factory.php(146): Illuminate\\View\\Factory->viewInstance()
#13 /home/mhash/Documents/Projects/agilizaimoveis.com/vendor/laravel/framework/src/Illuminate/Routing/ResponseFactory.php(87): Illuminate\\View\\Factory->make()
#14 /home/mhash/Documents/Projects/agilizaimoveis.com/vendor/laravel/framework/src/Illuminate/Foundation/Exceptions/Handler.php(626): Illuminate\\Routing\\ResponseFactory->view()
#15 /home/mhash/Documents/Projects/agilizaimoveis.com/vendor/laravel/framework/src/Illuminate/Foundation/Exceptions/Handler.php(554): Illuminate\\Foundation\\Exceptions\\Handler->renderHttpException()
#16 /home/mhash/Documents/Projects/agilizaimoveis.com/vendor/laravel/framework/src/Illuminate/Foundation/Exceptions/Handler.php(460): Illuminate\\Foundation\\Exceptions\\Handler->prepareResponse()
#17 /home/mhash/Documents/Projects/agilizaimoveis.com/vendor/laravel/framework/src/Illuminate/Foundation/Exceptions/Handler.php(377): Illuminate\\Foundation\\Exceptions\\Handler->renderExceptionResponse()
#18 /home/mhash/Documents/Projects/agilizaimoveis.com/vendor/laravel/framework/src/Illuminate/Foundation/Bootstrap/HandleExceptions.php(233): Illuminate\\Foundation\\Exceptions\\Handler->render()
#19 /home/mhash/Documents/Projects/agilizaimoveis.com/vendor/laravel/framework/src/Illuminate/Foundation/Bootstrap/HandleExceptions.php(210): Illuminate\\Foundation\\Bootstrap\\HandleExceptions->renderHttpResponse()
#20 /home/mhash/Documents/Projects/agilizaimoveis.com/vendor/laravel/framework/src/Illuminate/Foundation/Bootstrap/HandleExceptions.php(270): Illuminate\\Foundation\\Bootstrap\\HandleExceptions->handleException()
#21 [internal function]: Illuminate\\Foundation\\Bootstrap\\HandleExceptions->{closure:Illuminate\\Foundation\\Bootstrap\\HandleExceptions::forwardsTo():269}()
#22 {main}
  thrown at /home/mhash/Documents/Projects/agilizaimoveis.com/vendor/laravel/framework/src/Illuminate/View/Compilers/Compiler.php:66)
[stacktrace]
#0 {main}
"} 
[2025-11-03 20:08:40] local.ERROR: SQLSTATE[42S22]: Column not found: 1054 Unknown column 'lancamento' in 'where clause' (SQL: select * from `imoveis` where `visibility` = 1 and `lancamento` = 1) {"exception":"[object] (Illuminate\\Database\\QueryException(code: 42S22): SQLSTATE[42S22]: Column not found: 1054 Unknown column 'lancamento' in 'where clause' (SQL: select * from `imoveis` where `visibility` = 1 and `lancamento` = 1) at /home/mhash/Documents/Projects/agilizaimoveis.com/vendor/laravel/framework/src/Illuminate/Database/Connection.php:760)
[stacktrace]
#0 /home/mhash/Documents/Projects/agilizaimoveis.com/vendor/laravel/framework/src/Illuminate/Database/Connection.php(720): Illuminate\\Database\\Connection->runQueryCallback()
#1 /home/mhash/Documents/Projects/agilizaimoveis.com/vendor/laravel/framework/src/Illuminate/Database/Connection.php(405): Illuminate\\Database\\Connection->run()
#2 /home/mhash/Documents/Projects/agilizaimoveis.com/vendor/laravel/framework/src/Illuminate/Database/Query/Builder.php(2705): Illuminate\\Database\\Connection->select()
#3 /home/mhash/Documents/Projects/agilizaimoveis.com/vendor/laravel/framework/src/Illuminate/Database/Query/Builder.php(2694): Illuminate\\Database\\Query\\Builder->runSelect()
#4 /home/mhash/Documents/Projects/agilizaimoveis.com/vendor/laravel/framework/src/Illuminate/Database/Query/Builder.php(3230): Illuminate\\Database\\Query\\Builder->{closure:Illuminate\\Database\\Query\\Builder::get():2693}()
#5 /home/mhash/Documents/Projects/agilizaimoveis.com/vendor/laravel/framework/src/Illuminate/Database/Query/Builder.php(2693): Illuminate\\Database\\Query\\Builder->onceWithColumns()
#6 /home/mhash/Documents/Projects/agilizaimoveis.com/vendor/laravel/framework/src/Illuminate/Database/Eloquent/Builder.php(710): Illuminate\\Database\\Query\\Builder->get()
#7 /home/mhash/Documents/Projects/agilizaimoveis.com/vendor/laravel/framework/src/Illuminate/Database/Eloquent/Builder.php(694): Illuminate\\Database\\Eloquent\\Builder->getModels()
#8 /home/mhash/Documents/Projects/agilizaimoveis.com/app/Http/Controllers/HomeController.php(599): Illuminate\\Database\\Eloquent\\Builder->get()
#9 /home/mhash/Documents/Projects/agilizaimoveis.com/vendor/laravel/framework/src/Illuminate/Routing/Controller.php(54): App\\Http\\Controllers\\HomeController->lancamentos()
#10 /home/mhash/Documents/Projects/agilizaimoveis.com/vendor/laravel/framework/src/Illuminate/Routing/ControllerDispatcher.php(43): Illuminate\\Routing\\Controller->callAction()
#11 /home/mhash/Documents/Projects/agilizaimoveis.com/vendor/laravel/framework/src/Illuminate/Routing/Route.php(259): Illuminate\\Routing\\ControllerDispatcher->dispatch()
#12 /home/mhash/Documents/Projects/agilizaimoveis.com/vendor/laravel/framework/src/Illuminate/Routing/Route.php(205): Illuminate\\Routing\\Route->runController()
#13 /home/mhash/Documents/Projects/agilizaimoveis.com/vendor/laravel/framework/src/Illuminate/Routing/Router.php(798): Illuminate\\Routing\\Route->run()
#14 /home/mhash/Documents/Projects/agilizaimoveis.com/vendor/laravel/framework/src/Illuminate/Pipeline/Pipeline.php(141): Illuminate\\Routing\\Router->{closure:Illuminate\\Routing\\Router::runRouteWithinStack():797}()
#15 /home/mhash/Documents/Projects/agilizaimoveis.com/vendor/laravel/framework/src/Illuminate/Routing/Middleware/SubstituteBindings.php(50): Illuminate\\Pipeline\\Pipeline->{closure:Illuminate\\Pipeline\\Pipeline::prepareDestination():139}()
#16 /home/mhash/Documents/Projects/agilizaimoveis.com/vendor/laravel/framework/src/Illuminate/Pipeline/Pipeline.php(180): Illuminate\\Routing\\Middleware\\SubstituteBindings->handle()
#17 /home/mhash/Documents/Projects/agilizaimoveis.com/vendor/laravel/framework/src/Illuminate/Foundation/Http/Middleware/VerifyCsrfToken.php(78): Illuminate\\Pipeline\\Pipeline->{closure:{closure:Illuminate\\Pipeline\\Pipeline::carry():155}:156}()
#18 /home/mhash/Documents/Projects/agilizaimoveis.com/vendor/laravel/framework/src/Illuminate/Pipeline/Pipeline.php(180): Illuminate\\Foundation\\Http\\Middleware\\VerifyCsrfToken->handle()
#19 /home/mhash/Documents/Projects/agilizaimoveis.com/vendor/laravel/framework/src/Illuminate/View/Middleware/ShareErrorsFromSession.php(49): Illuminate\\Pipeline\\Pipeline->{closure:{closure:Illuminate\\Pipeline\\Pipeline::carry():155}:156}()
#20 /home/mhash/Documents/Projects/agilizaimoveis.com/vendor/laravel/framework/src/Illuminate/Pipeline/Pipeline.php(180): Illuminate\\View\\Middleware\\ShareErrorsFromSession->handle()
#21 /home/mhash/Documents/Projects/agilizaimoveis.com/vendor/laravel/framework/src/Illuminate/Session/Middleware/StartSession.php(121): Illuminate\\Pipeline\\Pipeline->{closure:{closure:Illuminate\\Pipeline\\Pipeline::carry():155}:156}()
#22 /home/mhash/Documents/Projects/agilizaimoveis.com/vendor/laravel/framework/src/Illuminate/Session/Middleware/StartSession.php(64): Illuminate\\Session\\Middleware\\StartSession->handleStatefulRequest()
#23 /home/mhash/Documents/Projects/agilizaimoveis.com/vendor/laravel/framework/src/Illuminate/Pipeline/Pipeline.php(180): Illuminate\\Session\\Middleware\\StartSession->handle()
#24 /home/mhash/Documents/Projects/agilizaimoveis.com/vendor/laravel/framework/src/Illuminate/Cookie/Middleware/AddQueuedCookiesToResponse.php(37): Illuminate\\Pipeline\\Pipeline->{closure:{closure:Illuminate\\Pipeline\\Pipeline::carry():155}:156}()
#25 /home/mhash/Documents/Projects/agilizaimoveis.com/vendor/laravel/framework/src/Illuminate/Pipeline/Pipeline.php(180): Illuminate\\Cookie\\Middleware\\AddQueuedCookiesToResponse->handle()
#26 /home/mhash/Documents/Projects/agilizaimoveis.com/vendor/laravel/framework/src/Illuminate/Cookie/Middleware/EncryptCookies.php(67): Illuminate\\Pipeline\\Pipeline->{closure:{closure:Illuminate\\Pipeline\\Pipeline::carry():155}:156}()
#27 /home/mhash/Documents/Projects/agilizaimoveis.com/vendor/laravel/framework/src/Illuminate/Pipeline/Pipeline.php(180): Illuminate\\Cookie\\Middleware\\EncryptCookies->handle()
#28 /home/mhash/Documents/Projects/agilizaimoveis.com/vendor/laravel/framework/src/Illuminate/Pipeline/Pipeline.php(116): Illuminate\\Pipeline\\Pipeline->{closure:{closure:Illuminate\\Pipeline\\Pipeline::carry():155}:156}()
#29 /home/mhash/Documents/Projects/agilizaimoveis.com/vendor/laravel/framework/src/Illuminate/Routing/Router.php(797): Illuminate\\Pipeline\\Pipeline->then()
#30 /home/mhash/Documents/Projects/agilizaimoveis.com/vendor/laravel/framework/src/Illuminate/Routing/Router.php(776): Illuminate\\Routing\\Router->runRouteWithinStack()
#31 /home/mhash/Documents/Projects/agilizaimoveis.com/vendor/laravel/framework/src/Illuminate/Routing/Router.php(740): Illuminate\\Routing\\Router->runRoute()
#32 /home/mhash/Documents/Projects/agilizaimoveis.com/vendor/laravel/framework/src/Illuminate/Routing/Router.php(729): Illuminate\\Routing\\Router->dispatchToRoute()
#33 /home/mhash/Documents/Projects/agilizaimoveis.com/vendor/laravel/framework/src/Illuminate/Foundation/Http/Kernel.php(190): Illuminate\\Routing\\Router->dispatch()
#34 /home/mhash/Documents/Projects/agilizaimoveis.com/vendor/laravel/framework/src/Illuminate/Pipeline/Pipeline.php(141): Illuminate\\Foundation\\Http\\Kernel->{closure:Illuminate\\Foundation\\Http\\Kernel::dispatchToRouter():187}()
#35 /home/mhash/Documents/Projects/agilizaimoveis.com/vendor/laravel/framework/src/Illuminate/Foundation/Http/Middleware/TransformsRequest.php(21): Illuminate\\Pipeline\\Pipeline->{closure:Illuminate\\Pipeline\\Pipeline::prepareDestination():139}()
#36 /home/mhash/Documents/Projects/agilizaimoveis.com/vendor/laravel/framework/src/Illuminate/Foundation/Http/Middleware/ConvertEmptyStringsToNull.php(31): Illuminate\\Foundation\\Http\\Middleware\\TransformsRequest->handle()
#37 /home/mhash/Documents/Projects/agilizaimoveis.com/vendor/laravel/framework/src/Illuminate/Pipeline/Pipeline.php(180): Illuminate\\Foundation\\Http\\Middleware\\ConvertEmptyStringsToNull->handle()
#38 /home/mhash/Documents/Projects/agilizaimoveis.com/vendor/laravel/framework/src/Illuminate/Foundation/Http/Middleware/TransformsRequest.php(21): Illuminate\\Pipeline\\Pipeline->{closure:{closure:Illuminate\\Pipeline\\Pipeline::carry():155}:156}()
#39 /home/mhash/Documents/Projects/agilizaimoveis.com/vendor/laravel/framework/src/Illuminate/Foundation/Http/Middleware/TrimStrings.php(40): Illuminate\\Foundation\\Http\\Middleware\\TransformsRequest->handle()
#40 /home/mhash/Documents/Projects/agilizaimoveis.com/vendor/laravel/framework/src/Illuminate/Pipeline/Pipeline.php(180): Illuminate\\Foundation\\Http\\Middleware\\TrimStrings->handle()
#41 /home/mhash/Documents/Projects/agilizaimoveis.com/vendor/laravel/framework/src/Illuminate/Foundation/Http/Middleware/ValidatePostSize.php(27): Illuminate\\Pipeline\\Pipeline->{closure:{closure:Illuminate\\Pipeline\\Pipeline::carry():155}:156}()
#42 /home/mhash/Documents/Projects/agilizaimoveis.com/vendor/laravel/framework/src/Illuminate/Pipeline/Pipeline.php(180): Illuminate\\Foundation\\Http\\Middleware\\ValidatePostSize->handle()
#43 /home/mhash/Documents/Projects/agilizaimoveis.com/vendor/laravel/framework/src/Illuminate/Foundation/Http/Middleware/PreventRequestsDuringMaintenance.php(86): Illuminate\\Pipeline\\Pipeline->{closure:{closure:Illuminate\\Pipeline\\Pipeline::carry():155}:156}()
#44 /home/mhash/Documents/Projects/agilizaimoveis.com/vendor/laravel/framework/src/Illuminate/Pipeline/Pipeline.php(180): Illuminate\\Foundation\\Http\\Middleware\\PreventRequestsDuringMaintenance->handle()
#45 /home/mhash/Documents/Projects/agilizaimoveis.com/vendor/laravel/framework/src/Illuminate/Http/Middleware/HandleCors.php(49): Illuminate\\Pipeline\\Pipeline->{closure:{closure:Illuminate\\Pipeline\\Pipeline::carry():155}:156}()
#46 /home/mhash/Documents/Projects/agilizaimoveis.com/vendor/laravel/framework/src/Illuminate/Pipeline/Pipeline.php(180): Illuminate\\Http\\Middleware\\HandleCors->handle()
#47 /home/mhash/Documents/Projects/agilizaimoveis.com/vendor/laravel/framework/src/Illuminate/Http/Middleware/TrustProxies.php(39): Illuminate\\Pipeline\\Pipeline->{closure:{closure:Illuminate\\Pipeline\\Pipeline::carry():155}:156}()
#48 /home/mhash/Documents/Projects/agilizaimoveis.com/vendor/laravel/framework/src/Illuminate/Pipeline/Pipeline.php(180): Illuminate\\Http\\Middleware\\TrustProxies->handle()
#49 /home/mhash/Documents/Projects/agilizaimoveis.com/vendor/laravel/framework/src/Illuminate/Pipeline/Pipeline.php(116): Illuminate\\Pipeline\\Pipeline->{closure:{closure:Illuminate\\Pipeline\\Pipeline::carry():155}:156}()
#50 /home/mhash/Documents/Projects/agilizaimoveis.com/vendor/laravel/framework/src/Illuminate/Foundation/Http/Kernel.php(165): Illuminate\\Pipeline\\Pipeline->then()
#51 /home/mhash/Documents/Projects/agilizaimoveis.com/vendor/laravel/framework/src/Illuminate/Foundation/Http/Kernel.php(134): Illuminate\\Foundation\\Http\\Kernel->sendRequestThroughRouter()
#52 /home/mhash/Documents/Projects/agilizaimoveis.com/public/index.php(51): Illuminate\\Foundation\\Http\\Kernel->handle()
#53 /home/mhash/Documents/Projects/agilizaimoveis.com/vendor/laravel/framework/src/Illuminate/Foundation/resources/server.php(16): require_once('...')
#54 {main}

[previous exception] [object] (PDOException(code: 42S22): SQLSTATE[42S22]: Column not found: 1054 Unknown column 'lancamento' in 'where clause' at /home/mhash/Documents/Projects/agilizaimoveis.com/vendor/laravel/framework/src/Illuminate/Database/Connection.php:414)
[stacktrace]
#0 /home/mhash/Documents/Projects/agilizaimoveis.com/vendor/laravel/framework/src/Illuminate/Database/Connection.php(414): PDO->prepare()
#1 /home/mhash/Documents/Projects/agilizaimoveis.com/vendor/laravel/framework/src/Illuminate/Database/Connection.php(753): Illuminate\\Database\\Connection->{closure:Illuminate\\Database\\Connection::select():405}()
#2 /home/mhash/Documents/Projects/agilizaimoveis.com/vendor/laravel/framework/src/Illuminate/Database/Connection.php(720): Illuminate\\Database\\Connection->runQueryCallback()
#3 /home/mhash/Documents/Projects/agilizaimoveis.com/vendor/laravel/framework/src/Illuminate/Database/Connection.php(405): Illuminate\\Database\\Connection->run()
#4 /home/mhash/Documents/Projects/agilizaimoveis.com/vendor/laravel/framework/src/Illuminate/Database/Query/Builder.php(2705): Illuminate\\Database\\Connection->select()
#5 /home/mhash/Documents/Projects/agilizaimoveis.com/vendor/laravel/framework/src/Illuminate/Database/Query/Builder.php(2694): Illuminate\\Database\\Query\\Builder->runSelect()
#6 /home/mhash/Documents/Projects/agilizaimoveis.com/vendor/laravel/framework/src/Illuminate/Database/Query/Builder.php(3230): Illuminate\\Database\\Query\\Builder->{closure:Illuminate\\Database\\Query\\Builder::get():2693}()
#7 /home/mhash/Documents/Projects/agilizaimoveis.com/vendor/laravel/framework/src/Illuminate/Database/Query/Builder.php(2693): Illuminate\\Database\\Query\\Builder->onceWithColumns()
#8 /home/mhash/Documents/Projects/agilizaimoveis.com/vendor/laravel/framework/src/Illuminate/Database/Eloquent/Builder.php(710): Illuminate\\Database\\Query\\Builder->get()
#9 /home/mhash/Documents/Projects/agilizaimoveis.com/vendor/laravel/framework/src/Illuminate/Database/Eloquent/Builder.php(694): Illuminate\\Database\\Eloquent\\Builder->getModels()
#10 /home/mhash/Documents/Projects/agilizaimoveis.com/app/Http/Controllers/HomeController.php(599): Illuminate\\Database\\Eloquent\\Builder->get()
#11 /home/mhash/Documents/Projects/agilizaimoveis.com/vendor/laravel/framework/src/Illuminate/Routing/Controller.php(54): App\\Http\\Controllers\\HomeController->lancamentos()
#12 /home/mhash/Documents/Projects/agilizaimoveis.com/vendor/laravel/framework/src/Illuminate/Routing/ControllerDispatcher.php(43): Illuminate\\Routing\\Controller->callAction()
#13 /home/mhash/Documents/Projects/agilizaimoveis.com/vendor/laravel/framework/src/Illuminate/Routing/Route.php(259): Illuminate\\Routing\\ControllerDispatcher->dispatch()
#14 /home/mhash/Documents/Projects/agilizaimoveis.com/vendor/laravel/framework/src/Illuminate/Routing/Route.php(205): Illuminate\\Routing\\Route->runController()
#15 /home/mhash/Documents/Projects/agilizaimoveis.com/vendor/laravel/framework/src/Illuminate/Routing/Router.php(798): Illuminate\\Routing\\Route->run()
#16 /home/mhash/Documents/Projects/agilizaimoveis.com/vendor/laravel/framework/src/Illuminate/Pipeline/Pipeline.php(141): Illuminate\\Routing\\Router->{closure:Illuminate\\Routing\\Router::runRouteWithinStack():797}()
#17 /home/mhash/Documents/Projects/agilizaimoveis.com/vendor/laravel/framework/src/Illuminate/Routing/Middleware/SubstituteBindings.php(50): Illuminate\\Pipeline\\Pipeline->{closure:Illuminate\\Pipeline\\Pipeline::prepareDestination():139}()
#18 /home/mhash/Documents/Projects/agilizaimoveis.com/vendor/laravel/framework/src/Illuminate/Pipeline/Pipeline.php(180): Illuminate\\Routing\\Middleware\\SubstituteBindings->handle()
#19 /home/mhash/Documents/Projects/agilizaimoveis.com/vendor/laravel/framework/src/Illuminate/Foundation/Http/Middleware/VerifyCsrfToken.php(78): Illuminate\\Pipeline\\Pipeline->{closure:{closure:Illuminate\\Pipeline\\Pipeline::carry():155}:156}()
#20 /home/mhash/Documents/Projects/agilizaimoveis.com/vendor/laravel/framework/src/Illuminate/Pipeline/Pipeline.php(180): Illuminate\\Foundation\\Http\\Middleware\\VerifyCsrfToken->handle()
#21 /home/mhash/Documents/Projects/agilizaimoveis.com/vendor/laravel/framework/src/Illuminate/View/Middleware/ShareErrorsFromSession.php(49): Illuminate\\Pipeline\\Pipeline->{closure:{closure:Illuminate\\Pipeline\\Pipeline::carry():155}:156}()
#22 /home/mhash/Documents/Projects/agilizaimoveis.com/vendor/laravel/framework/src/Illuminate/Pipeline/Pipeline.php(180): Illuminate\\View\\Middleware\\ShareErrorsFromSession->handle()
#23 /home/mhash/Documents/Projects/agilizaimoveis.com/vendor/laravel/framework/src/Illuminate/Session/Middleware/StartSession.php(121): Illuminate\\Pipeline\\Pipeline->{closure:{closure:Illuminate\\Pipeline\\Pipeline::carry():155}:156}()
#24 /home/mhash/Documents/Projects/agilizaimoveis.com/vendor/laravel/framework/src/Illuminate/Session/Middleware/StartSession.php(64): Illuminate\\Session\\Middleware\\StartSession->handleStatefulRequest()
#25 /home/mhash/Documents/Projects/agilizaimoveis.com/vendor/laravel/framework/src/Illuminate/Pipeline/Pipeline.php(180): Illuminate\\Session\\Middleware\\StartSession->handle()
#26 /home/mhash/Documents/Projects/agilizaimoveis.com/vendor/laravel/framework/src/Illuminate/Cookie/Middleware/AddQueuedCookiesToResponse.php(37): Illuminate\\Pipeline\\Pipeline->{closure:{closure:Illuminate\\Pipeline\\Pipeline::carry():155}:156}()
#27 /home/mhash/Documents/Projects/agilizaimoveis.com/vendor/laravel/framework/src/Illuminate/Pipeline/Pipeline.php(180): Illuminate\\Cookie\\Middleware\\AddQueuedCookiesToResponse->handle()
#28 /home/mhash/Documents/Projects/agilizaimoveis.com/vendor/laravel/framework/src/Illuminate/Cookie/Middleware/EncryptCookies.php(67): Illuminate\\Pipeline\\Pipeline->{closure:{closure:Illuminate\\Pipeline\\Pipeline::carry():155}:156}()
#29 /home/mhash/Documents/Projects/agilizaimoveis.com/vendor/laravel/framework/src/Illuminate/Pipeline/Pipeline.php(180): Illuminate\\Cookie\\Middleware\\EncryptCookies->handle()
#30 /home/mhash/Documents/Projects/agilizaimoveis.com/vendor/laravel/framework/src/Illuminate/Pipeline/Pipeline.php(116): Illuminate\\Pipeline\\Pipeline->{closure:{closure:Illuminate\\Pipeline\\Pipeline::carry():155}:156}()
#31 /home/mhash/Documents/Projects/agilizaimoveis.com/vendor/laravel/framework/src/Illuminate/Routing/Router.php(797): Illuminate\\Pipeline\\Pipeline->then()
#32 /home/mhash/Documents/Projects/agilizaimoveis.com/vendor/laravel/framework/src/Illuminate/Routing/Router.php(776): Illuminate\\Routing\\Router->runRouteWithinStack()
#33 /home/mhash/Documents/Projects/agilizaimoveis.com/vendor/laravel/framework/src/Illuminate/Routing/Router.php(740): Illuminate\\Routing\\Router->runRoute()
#34 /home/mhash/Documents/Projects/agilizaimoveis.com/vendor/laravel/framework/src/Illuminate/Routing/Router.php(729): Illuminate\\Routing\\Router->dispatchToRoute()
#35 /home/mhash/Documents/Projects/agilizaimoveis.com/vendor/laravel/framework/src/Illuminate/Foundation/Http/Kernel.php(190): Illuminate\\Routing\\Router->dispatch()
#36 /home/mhash/Documents/Projects/agilizaimoveis.com/vendor/laravel/framework/src/Illuminate/Pipeline/Pipeline.php(141): Illuminate\\Foundation\\Http\\Kernel->{closure:Illuminate\\Foundation\\Http\\Kernel::dispatchToRouter():187}()
#37 /home/mhash/Documents/Projects/agilizaimoveis.com/vendor/laravel/framework/src/Illuminate/Foundation/Http/Middleware/TransformsRequest.php(21): Illuminate\\Pipeline\\Pipeline->{closure:Illuminate\\Pipeline\\Pipeline::prepareDestination():139}()
#38 /home/mhash/Documents/Projects/agilizaimoveis.com/vendor/laravel/framework/src/Illuminate/Foundation/Http/Middleware/ConvertEmptyStringsToNull.php(31): Illuminate\\Foundation\\Http\\Middleware\\TransformsRequest->handle()
#39 /home/mhash/Documents/Projects/agilizaimoveis.com/vendor/laravel/framework/src/Illuminate/Pipeline/Pipeline.php(180): Illuminate\\Foundation\\Http\\Middleware\\ConvertEmptyStringsToNull->handle()
#40 /home/mhash/Documents/Projects/agilizaimoveis.com/vendor/laravel/framework/src/Illuminate/Foundation/Http/Middleware/TransformsRequest.php(21): Illuminate\\Pipeline\\Pipeline->{closure:{closure:Illuminate\\Pipeline\\Pipeline::carry():155}:156}()
#41 /home/mhash/Documents/Projects/agilizaimoveis.com/vendor/laravel/framework/src/Illuminate/Foundation/Http/Middleware/TrimStrings.php(40): Illuminate\\Foundation\\Http\\Middleware\\TransformsRequest->handle()
#42 /home/mhash/Documents/Projects/agilizaimoveis.com/vendor/laravel/framework/src/Illuminate/Pipeline/Pipeline.php(180): Illuminate\\Foundation\\Http\\Middleware\\TrimStrings->handle()
#43 /home/mhash/Documents/Projects/agilizaimoveis.com/vendor/laravel/framework/src/Illuminate/Foundation/Http/Middleware/ValidatePostSize.php(27): Illuminate\\Pipeline\\Pipeline->{closure:{closure:Illuminate\\Pipeline\\Pipeline::carry():155}:156}()
#44 /home/mhash/Documents/Projects/agilizaimoveis.com/vendor/laravel/framework/src/Illuminate/Pipeline/Pipeline.php(180): Illuminate\\Foundation\\Http\\Middleware\\ValidatePostSize->handle()
#45 /home/mhash/Documents/Projects/agilizaimoveis.com/vendor/laravel/framework/src/Illuminate/Foundation/Http/Middleware/PreventRequestsDuringMaintenance.php(86): Illuminate\\Pipeline\\Pipeline->{closure:{closure:Illuminate\\Pipeline\\Pipeline::carry():155}:156}()
#46 /home/mhash/Documents/Projects/agilizaimoveis.com/vendor/laravel/framework/src/Illuminate/Pipeline/Pipeline.php(180): Illuminate\\Foundation\\Http\\Middleware\\PreventRequestsDuringMaintenance->handle()
#47 /home/mhash/Documents/Projects/agilizaimoveis.com/vendor/laravel/framework/src/Illuminate/Http/Middleware/HandleCors.php(49): Illuminate\\Pipeline\\Pipeline->{closure:{closure:Illuminate\\Pipeline\\Pipeline::carry():155}:156}()
#48 /home/mhash/Documents/Projects/agilizaimoveis.com/vendor/laravel/framework/src/Illuminate/Pipeline/Pipeline.php(180): Illuminate\\Http\\Middleware\\HandleCors->handle()
#49 /home/mhash/Documents/Projects/agilizaimoveis.com/vendor/laravel/framework/src/Illuminate/Http/Middleware/TrustProxies.php(39): Illuminate\\Pipeline\\Pipeline->{closure:{closure:Illuminate\\Pipeline\\Pipeline::carry():155}:156}()
#50 /home/mhash/Documents/Projects/agilizaimoveis.com/vendor/laravel/framework/src/Illuminate/Pipeline/Pipeline.php(180): Illuminate\\Http\\Middleware\\TrustProxies->handle()
#51 /home/mhash/Documents/Projects/agilizaimoveis.com/vendor/laravel/framework/src/Illuminate/Pipeline/Pipeline.php(116): Illuminate\\Pipeline\\Pipeline->{closure:{closure:Illuminate\\Pipeline\\Pipeline::carry():155}:156}()
#52 /home/mhash/Documents/Projects/agilizaimoveis.com/vendor/laravel/framework/src/Illuminate/Foundation/Http/Kernel.php(165): Illuminate\\Pipeline\\Pipeline->then()
#53 /home/mhash/Documents/Projects/agilizaimoveis.com/vendor/laravel/framework/src/Illuminate/Foundation/Http/Kernel.php(134): Illuminate\\Foundation\\Http\\Kernel->sendRequestThroughRouter()
#54 /home/mhash/Documents/Projects/agilizaimoveis.com/public/index.php(51): Illuminate\\Foundation\\Http\\Kernel->handle()
#55 /home/mhash/Documents/Projects/agilizaimoveis.com/vendor/laravel/framework/src/Illuminate/Foundation/resources/server.php(16): require_once('...')
#56 {main}
"} 
[2025-11-03 20:08:49] local.ERROR: SQLSTATE[42S22]: Column not found: 1054 Unknown column 'lancamento' in 'where clause' (SQL: select * from `imoveis` where `visibility` = 1 and `lancamento` = 1) {"exception":"[object] (Illuminate\\Database\\QueryException(code: 42S22): SQLSTATE[42S22]: Column not found: 1054 Unknown column 'lancamento' in 'where clause' (SQL: select * from `imoveis` where `visibility` = 1 and `lancamento` = 1) at /home/mhash/Documents/Projects/agilizaimoveis.com/vendor/laravel/framework/src/Illuminate/Database/Connection.php:760)
[stacktrace]
#0 /home/mhash/Documents/Projects/agilizaimoveis.com/vendor/laravel/framework/src/Illuminate/Database/Connection.php(720): Illuminate\\Database\\Connection->runQueryCallback()
#1 /home/mhash/Documents/Projects/agilizaimoveis.com/vendor/laravel/framework/src/Illuminate/Database/Connection.php(405): Illuminate\\Database\\Connection->run()
#2 /home/mhash/Documents/Projects/agilizaimoveis.com/vendor/laravel/framework/src/Illuminate/Database/Query/Builder.php(2705): Illuminate\\Database\\Connection->select()
#3 /home/mhash/Documents/Projects/agilizaimoveis.com/vendor/laravel/framework/src/Illuminate/Database/Query/Builder.php(2694): Illuminate\\Database\\Query\\Builder->runSelect()
#4 /home/mhash/Documents/Projects/agilizaimoveis.com/vendor/laravel/framework/src/Illuminate/Database/Query/Builder.php(3230): Illuminate\\Database\\Query\\Builder->{closure:Illuminate\\Database\\Query\\Builder::get():2693}()
#5 /home/mhash/Documents/Projects/agilizaimoveis.com/vendor/laravel/framework/src/Illuminate/Database/Query/Builder.php(2693): Illuminate\\Database\\Query\\Builder->onceWithColumns()
#6 /home/mhash/Documents/Projects/agilizaimoveis.com/vendor/laravel/framework/src/Illuminate/Database/Eloquent/Builder.php(710): Illuminate\\Database\\Query\\Builder->get()
#7 /home/mhash/Documents/Projects/agilizaimoveis.com/vendor/laravel/framework/src/Illuminate/Database/Eloquent/Builder.php(694): Illuminate\\Database\\Eloquent\\Builder->getModels()
#8 /home/mhash/Documents/Projects/agilizaimoveis.com/app/Http/Controllers/HomeController.php(599): Illuminate\\Database\\Eloquent\\Builder->get()
#9 /home/mhash/Documents/Projects/agilizaimoveis.com/vendor/laravel/framework/src/Illuminate/Routing/Controller.php(54): App\\Http\\Controllers\\HomeController->lancamentos()
#10 /home/mhash/Documents/Projects/agilizaimoveis.com/vendor/laravel/framework/src/Illuminate/Routing/ControllerDispatcher.php(43): Illuminate\\Routing\\Controller->callAction()
#11 /home/mhash/Documents/Projects/agilizaimoveis.com/vendor/laravel/framework/src/Illuminate/Routing/Route.php(259): Illuminate\\Routing\\ControllerDispatcher->dispatch()
#12 /home/mhash/Documents/Projects/agilizaimoveis.com/vendor/laravel/framework/src/Illuminate/Routing/Route.php(205): Illuminate\\Routing\\Route->runController()
#13 /home/mhash/Documents/Projects/agilizaimoveis.com/vendor/laravel/framework/src/Illuminate/Routing/Router.php(798): Illuminate\\Routing\\Route->run()
#14 /home/mhash/Documents/Projects/agilizaimoveis.com/vendor/laravel/framework/src/Illuminate/Pipeline/Pipeline.php(141): Illuminate\\Routing\\Router->{closure:Illuminate\\Routing\\Router::runRouteWithinStack():797}()
#15 /home/mhash/Documents/Projects/agilizaimoveis.com/vendor/laravel/framework/src/Illuminate/Routing/Middleware/SubstituteBindings.php(50): Illuminate\\Pipeline\\Pipeline->{closure:Illuminate\\Pipeline\\Pipeline::prepareDestination():139}()
#16 /home/mhash/Documents/Projects/agilizaimoveis.com/vendor/laravel/framework/src/Illuminate/Pipeline/Pipeline.php(180): Illuminate\\Routing\\Middleware\\SubstituteBindings->handle()
#17 /home/mhash/Documents/Projects/agilizaimoveis.com/vendor/laravel/framework/src/Illuminate/Foundation/Http/Middleware/VerifyCsrfToken.php(78): Illuminate\\Pipeline\\Pipeline->{closure:{closure:Illuminate\\Pipeline\\Pipeline::carry():155}:156}()
#18 /home/mhash/Documents/Projects/agilizaimoveis.com/vendor/laravel/framework/src/Illuminate/Pipeline/Pipeline.php(180): Illuminate\\Foundation\\Http\\Middleware\\VerifyCsrfToken->handle()
#19 /home/mhash/Documents/Projects/agilizaimoveis.com/vendor/laravel/framework/src/Illuminate/View/Middleware/ShareErrorsFromSession.php(49): Illuminate\\Pipeline\\Pipeline->{closure:{closure:Illuminate\\Pipeline\\Pipeline::carry():155}:156}()
#20 /home/mhash/Documents/Projects/agilizaimoveis.com/vendor/laravel/framework/src/Illuminate/Pipeline/Pipeline.php(180): Illuminate\\View\\Middleware\\ShareErrorsFromSession->handle()
#21 /home/mhash/Documents/Projects/agilizaimoveis.com/vendor/laravel/framework/src/Illuminate/Session/Middleware/StartSession.php(121): Illuminate\\Pipeline\\Pipeline->{closure:{closure:Illuminate\\Pipeline\\Pipeline::carry():155}:156}()
#22 /home/mhash/Documents/Projects/agilizaimoveis.com/vendor/laravel/framework/src/Illuminate/Session/Middleware/StartSession.php(64): Illuminate\\Session\\Middleware\\StartSession->handleStatefulRequest()
#23 /home/mhash/Documents/Projects/agilizaimoveis.com/vendor/laravel/framework/src/Illuminate/Pipeline/Pipeline.php(180): Illuminate\\Session\\Middleware\\StartSession->handle()
#24 /home/mhash/Documents/Projects/agilizaimoveis.com/vendor/laravel/framework/src/Illuminate/Cookie/Middleware/AddQueuedCookiesToResponse.php(37): Illuminate\\Pipeline\\Pipeline->{closure:{closure:Illuminate\\Pipeline\\Pipeline::carry():155}:156}()
#25 /home/mhash/Documents/Projects/agilizaimoveis.com/vendor/laravel/framework/src/Illuminate/Pipeline/Pipeline.php(180): Illuminate\\Cookie\\Middleware\\AddQueuedCookiesToResponse->handle()
#26 /home/mhash/Documents/Projects/agilizaimoveis.com/vendor/laravel/framework/src/Illuminate/Cookie/Middleware/EncryptCookies.php(67): Illuminate\\Pipeline\\Pipeline->{closure:{closure:Illuminate\\Pipeline\\Pipeline::carry():155}:156}()
#27 /home/mhash/Documents/Projects/agilizaimoveis.com/vendor/laravel/framework/src/Illuminate/Pipeline/Pipeline.php(180): Illuminate\\Cookie\\Middleware\\EncryptCookies->handle()
#28 /home/mhash/Documents/Projects/agilizaimoveis.com/vendor/laravel/framework/src/Illuminate/Pipeline/Pipeline.php(116): Illuminate\\Pipeline\\Pipeline->{closure:{closure:Illuminate\\Pipeline\\Pipeline::carry():155}:156}()
#29 /home/mhash/Documents/Projects/agilizaimoveis.com/vendor/laravel/framework/src/Illuminate/Routing/Router.php(797): Illuminate\\Pipeline\\Pipeline->then()
#30 /home/mhash/Documents/Projects/agilizaimoveis.com/vendor/laravel/framework/src/Illuminate/Routing/Router.php(776): Illuminate\\Routing\\Router->runRouteWithinStack()
#31 /home/mhash/Documents/Projects/agilizaimoveis.com/vendor/laravel/framework/src/Illuminate/Routing/Router.php(740): Illuminate\\Routing\\Router->runRoute()
#32 /home/mhash/Documents/Projects/agilizaimoveis.com/vendor/laravel/framework/src/Illuminate/Routing/Router.php(729): Illuminate\\Routing\\Router->dispatchToRoute()
#33 /home/mhash/Documents/Projects/agilizaimoveis.com/vendor/laravel/framework/src/Illuminate/Foundation/Http/Kernel.php(190): Illuminate\\Routing\\Router->dispatch()
#34 /home/mhash/Documents/Projects/agilizaimoveis.com/vendor/laravel/framework/src/Illuminate/Pipeline/Pipeline.php(141): Illuminate\\Foundation\\Http\\Kernel->{closure:Illuminate\\Foundation\\Http\\Kernel::dispatchToRouter():187}()
#35 /home/mhash/Documents/Projects/agilizaimoveis.com/vendor/laravel/framework/src/Illuminate/Foundation/Http/Middleware/TransformsRequest.php(21): Illuminate\\Pipeline\\Pipeline->{closure:Illuminate\\Pipeline\\Pipeline::prepareDestination():139}()
#36 /home/mhash/Documents/Projects/agilizaimoveis.com/vendor/laravel/framework/src/Illuminate/Foundation/Http/Middleware/ConvertEmptyStringsToNull.php(31): Illuminate\\Foundation\\Http\\Middleware\\TransformsRequest->handle()
#37 /home/mhash/Documents/Projects/agilizaimoveis.com/vendor/laravel/framework/src/Illuminate/Pipeline/Pipeline.php(180): Illuminate\\Foundation\\Http\\Middleware\\ConvertEmptyStringsToNull->handle()
#38 /home/mhash/Documents/Projects/agilizaimoveis.com/vendor/laravel/framework/src/Illuminate/Foundation/Http/Middleware/TransformsRequest.php(21): Illuminate\\Pipeline\\Pipeline->{closure:{closure:Illuminate\\Pipeline\\Pipeline::carry():155}:156}()
#39 /home/mhash/Documents/Projects/agilizaimoveis.com/vendor/laravel/framework/src/Illuminate/Foundation/Http/Middleware/TrimStrings.php(40): Illuminate\\Foundation\\Http\\Middleware\\TransformsRequest->handle()
#40 /home/mhash/Documents/Projects/agilizaimoveis.com/vendor/laravel/framework/src/Illuminate/Pipeline/Pipeline.php(180): Illuminate\\Foundation\\Http\\Middleware\\TrimStrings->handle()
#41 /home/mhash/Documents/Projects/agilizaimoveis.com/vendor/laravel/framework/src/Illuminate/Foundation/Http/Middleware/ValidatePostSize.php(27): Illuminate\\Pipeline\\Pipeline->{closure:{closure:Illuminate\\Pipeline\\Pipeline::carry():155}:156}()
#42 /home/mhash/Documents/Projects/agilizaimoveis.com/vendor/laravel/framework/src/Illuminate/Pipeline/Pipeline.php(180): Illuminate\\Foundation\\Http\\Middleware\\ValidatePostSize->handle()
#43 /home/mhash/Documents/Projects/agilizaimoveis.com/vendor/laravel/framework/src/Illuminate/Foundation/Http/Middleware/PreventRequestsDuringMaintenance.php(86): Illuminate\\Pipeline\\Pipeline->{closure:{closure:Illuminate\\Pipeline\\Pipeline::carry():155}:156}()
#44 /home/mhash/Documents/Projects/agilizaimoveis.com/vendor/laravel/framework/src/Illuminate/Pipeline/Pipeline.php(180): Illuminate\\Foundation\\Http\\Middleware\\PreventRequestsDuringMaintenance->handle()
#45 /home/mhash/Documents/Projects/agilizaimoveis.com/vendor/laravel/framework/src/Illuminate/Http/Middleware/HandleCors.php(49): Illuminate\\Pipeline\\Pipeline->{closure:{closure:Illuminate\\Pipeline\\Pipeline::carry():155}:156}()
#46 /home/mhash/Documents/Projects/agilizaimoveis.com/vendor/laravel/framework/src/Illuminate/Pipeline/Pipeline.php(180): Illuminate\\Http\\Middleware\\HandleCors->handle()
#47 /home/mhash/Documents/Projects/agilizaimoveis.com/vendor/laravel/framework/src/Illuminate/Http/Middleware/TrustProxies.php(39): Illuminate\\Pipeline\\Pipeline->{closure:{closure:Illuminate\\Pipeline\\Pipeline::carry():155}:156}()
#48 /home/mhash/Documents/Projects/agilizaimoveis.com/vendor/laravel/framework/src/Illuminate/Pipeline/Pipeline.php(180): Illuminate\\Http\\Middleware\\TrustProxies->handle()
#49 /home/mhash/Documents/Projects/agilizaimoveis.com/vendor/laravel/framework/src/Illuminate/Pipeline/Pipeline.php(116): Illuminate\\Pipeline\\Pipeline->{closure:{closure:Illuminate\\Pipeline\\Pipeline::carry():155}:156}()
#50 /home/mhash/Documents/Projects/agilizaimoveis.com/vendor/laravel/framework/src/Illuminate/Foundation/Http/Kernel.php(165): Illuminate\\Pipeline\\Pipeline->then()
#51 /home/mhash/Documents/Projects/agilizaimoveis.com/vendor/laravel/framework/src/Illuminate/Foundation/Http/Kernel.php(134): Illuminate\\Foundation\\Http\\Kernel->sendRequestThroughRouter()
#52 /home/mhash/Documents/Projects/agilizaimoveis.com/public/index.php(51): Illuminate\\Foundation\\Http\\Kernel->handle()
#53 /home/mhash/Documents/Projects/agilizaimoveis.com/vendor/laravel/framework/src/Illuminate/Foundation/resources/server.php(16): require_once('...')
#54 {main}

[previous exception] [object] (PDOException(code: 42S22): SQLSTATE[42S22]: Column not found: 1054 Unknown column 'lancamento' in 'where clause' at /home/mhash/Documents/Projects/agilizaimoveis.com/vendor/laravel/framework/src/Illuminate/Database/Connection.php:414)
[stacktrace]
#0 /home/mhash/Documents/Projects/agilizaimoveis.com/vendor/laravel/framework/src/Illuminate/Database/Connection.php(414): PDO->prepare()
#1 /home/mhash/Documents/Projects/agilizaimoveis.com/vendor/laravel/framework/src/Illuminate/Database/Connection.php(753): Illuminate\\Database\\Connection->{closure:Illuminate\\Database\\Connection::select():405}()
#2 /home/mhash/Documents/Projects/agilizaimoveis.com/vendor/laravel/framework/src/Illuminate/Database/Connection.php(720): Illuminate\\Database\\Connection->runQueryCallback()
#3 /home/mhash/Documents/Projects/agilizaimoveis.com/vendor/laravel/framework/src/Illuminate/Database/Connection.php(405): Illuminate\\Database\\Connection->run()
#4 /home/mhash/Documents/Projects/agilizaimoveis.com/vendor/laravel/framework/src/Illuminate/Database/Query/Builder.php(2705): Illuminate\\Database\\Connection->select()
#5 /home/mhash/Documents/Projects/agilizaimoveis.com/vendor/laravel/framework/src/Illuminate/Database/Query/Builder.php(2694): Illuminate\\Database\\Query\\Builder->runSelect()
#6 /home/mhash/Documents/Projects/agilizaimoveis.com/vendor/laravel/framework/src/Illuminate/Database/Query/Builder.php(3230): Illuminate\\Database\\Query\\Builder->{closure:Illuminate\\Database\\Query\\Builder::get():2693}()
#7 /home/mhash/Documents/Projects/agilizaimoveis.com/vendor/laravel/framework/src/Illuminate/Database/Query/Builder.php(2693): Illuminate\\Database\\Query\\Builder->onceWithColumns()
#8 /home/mhash/Documents/Projects/agilizaimoveis.com/vendor/laravel/framework/src/Illuminate/Database/Eloquent/Builder.php(710): Illuminate\\Database\\Query\\Builder->get()
#9 /home/mhash/Documents/Projects/agilizaimoveis.com/vendor/laravel/framework/src/Illuminate/Database/Eloquent/Builder.php(694): Illuminate\\Database\\Eloquent\\Builder->getModels()
#10 /home/mhash/Documents/Projects/agilizaimoveis.com/app/Http/Controllers/HomeController.php(599): Illuminate\\Database\\Eloquent\\Builder->get()
#11 /home/mhash/Documents/Projects/agilizaimoveis.com/vendor/laravel/framework/src/Illuminate/Routing/Controller.php(54): App\\Http\\Controllers\\HomeController->lancamentos()
#12 /home/mhash/Documents/Projects/agilizaimoveis.com/vendor/laravel/framework/src/Illuminate/Routing/ControllerDispatcher.php(43): Illuminate\\Routing\\Controller->callAction()
#13 /home/mhash/Documents/Projects/agilizaimoveis.com/vendor/laravel/framework/src/Illuminate/Routing/Route.php(259): Illuminate\\Routing\\ControllerDispatcher->dispatch()
#14 /home/mhash/Documents/Projects/agilizaimoveis.com/vendor/laravel/framework/src/Illuminate/Routing/Route.php(205): Illuminate\\Routing\\Route->runController()
#15 /home/mhash/Documents/Projects/agilizaimoveis.com/vendor/laravel/framework/src/Illuminate/Routing/Router.php(798): Illuminate\\Routing\\Route->run()
#16 /home/mhash/Documents/Projects/agilizaimoveis.com/vendor/laravel/framework/src/Illuminate/Pipeline/Pipeline.php(141): Illuminate\\Routing\\Router->{closure:Illuminate\\Routing\\Router::runRouteWithinStack():797}()
#17 /home/mhash/Documents/Projects/agilizaimoveis.com/vendor/laravel/framework/src/Illuminate/Routing/Middleware/SubstituteBindings.php(50): Illuminate\\Pipeline\\Pipeline->{closure:Illuminate\\Pipeline\\Pipeline::prepareDestination():139}()
#18 /home/mhash/Documents/Projects/agilizaimoveis.com/vendor/laravel/framework/src/Illuminate/Pipeline/Pipeline.php(180): Illuminate\\Routing\\Middleware\\SubstituteBindings->handle()
#19 /home/mhash/Documents/Projects/agilizaimoveis.com/vendor/laravel/framework/src/Illuminate/Foundation/Http/Middleware/VerifyCsrfToken.php(78): Illuminate\\Pipeline\\Pipeline->{closure:{closure:Illuminate\\Pipeline\\Pipeline::carry():155}:156}()
#20 /home/mhash/Documents/Projects/agilizaimoveis.com/vendor/laravel/framework/src/Illuminate/Pipeline/Pipeline.php(180): Illuminate\\Foundation\\Http\\Middleware\\VerifyCsrfToken->handle()
#21 /home/mhash/Documents/Projects/agilizaimoveis.com/vendor/laravel/framework/src/Illuminate/View/Middleware/ShareErrorsFromSession.php(49): Illuminate\\Pipeline\\Pipeline->{closure:{closure:Illuminate\\Pipeline\\Pipeline::carry():155}:156}()
#22 /home/mhash/Documents/Projects/agilizaimoveis.com/vendor/laravel/framework/src/Illuminate/Pipeline/Pipeline.php(180): Illuminate\\View\\Middleware\\ShareErrorsFromSession->handle()
#23 /home/mhash/Documents/Projects/agilizaimoveis.com/vendor/laravel/framework/src/Illuminate/Session/Middleware/StartSession.php(121): Illuminate\\Pipeline\\Pipeline->{closure:{closure:Illuminate\\Pipeline\\Pipeline::carry():155}:156}()
#24 /home/mhash/Documents/Projects/agilizaimoveis.com/vendor/laravel/framework/src/Illuminate/Session/Middleware/StartSession.php(64): Illuminate\\Session\\Middleware\\StartSession->handleStatefulRequest()
#25 /home/mhash/Documents/Projects/agilizaimoveis.com/vendor/laravel/framework/src/Illuminate/Pipeline/Pipeline.php(180): Illuminate\\Session\\Middleware\\StartSession->handle()
#26 /home/mhash/Documents/Projects/agilizaimoveis.com/vendor/laravel/framework/src/Illuminate/Cookie/Middleware/AddQueuedCookiesToResponse.php(37): Illuminate\\Pipeline\\Pipeline->{closure:{closure:Illuminate\\Pipeline\\Pipeline::carry():155}:156}()
#27 /home/mhash/Documents/Projects/agilizaimoveis.com/vendor/laravel/framework/src/Illuminate/Pipeline/Pipeline.php(180): Illuminate\\Cookie\\Middleware\\AddQueuedCookiesToResponse->handle()
#28 /home/mhash/Documents/Projects/agilizaimoveis.com/vendor/laravel/framework/src/Illuminate/Cookie/Middleware/EncryptCookies.php(67): Illuminate\\Pipeline\\Pipeline->{closure:{closure:Illuminate\\Pipeline\\Pipeline::carry():155}:156}()
#29 /home/mhash/Documents/Projects/agilizaimoveis.com/vendor/laravel/framework/src/Illuminate/Pipeline/Pipeline.php(180): Illuminate\\Cookie\\Middleware\\EncryptCookies->handle()
#30 /home/mhash/Documents/Projects/agilizaimoveis.com/vendor/laravel/framework/src/Illuminate/Pipeline/Pipeline.php(116): Illuminate\\Pipeline\\Pipeline->{closure:{closure:Illuminate\\Pipeline\\Pipeline::carry():155}:156}()
#31 /home/mhash/Documents/Projects/agilizaimoveis.com/vendor/laravel/framework/src/Illuminate/Routing/Router.php(797): Illuminate\\Pipeline\\Pipeline->then()
#32 /home/mhash/Documents/Projects/agilizaimoveis.com/vendor/laravel/framework/src/Illuminate/Routing/Router.php(776): Illuminate\\Routing\\Router->runRouteWithinStack()
#33 /home/mhash/Documents/Projects/agilizaimoveis.com/vendor/laravel/framework/src/Illuminate/Routing/Router.php(740): Illuminate\\Routing\\Router->runRoute()
#34 /home/mhash/Documents/Projects/agilizaimoveis.com/vendor/laravel/framework/src/Illuminate/Routing/Router.php(729): Illuminate\\Routing\\Router->dispatchToRoute()
#35 /home/mhash/Documents/Projects/agilizaimoveis.com/vendor/laravel/framework/src/Illuminate/Foundation/Http/Kernel.php(190): Illuminate\\Routing\\Router->dispatch()
#36 /home/mhash/Documents/Projects/agilizaimoveis.com/vendor/laravel/framework/src/Illuminate/Pipeline/Pipeline.php(141): Illuminate\\Foundation\\Http\\Kernel->{closure:Illuminate\\Foundation\\Http\\Kernel::dispatchToRouter():187}()
#37 /home/mhash/Documents/Projects/agilizaimoveis.com/vendor/laravel/framework/src/Illuminate/Foundation/Http/Middleware/TransformsRequest.php(21): Illuminate\\Pipeline\\Pipeline->{closure:Illuminate\\Pipeline\\Pipeline::prepareDestination():139}()
#38 /home/mhash/Documents/Projects/agilizaimoveis.com/vendor/laravel/framework/src/Illuminate/Foundation/Http/Middleware/ConvertEmptyStringsToNull.php(31): Illuminate\\Foundation\\Http\\Middleware\\TransformsRequest->handle()
#39 /home/mhash/Documents/Projects/agilizaimoveis.com/vendor/laravel/framework/src/Illuminate/Pipeline/Pipeline.php(180): Illuminate\\Foundation\\Http\\Middleware\\ConvertEmptyStringsToNull->handle()
#40 /home/mhash/Documents/Projects/agilizaimoveis.com/vendor/laravel/framework/src/Illuminate/Foundation/Http/Middleware/TransformsRequest.php(21): Illuminate\\Pipeline\\Pipeline->{closure:{closure:Illuminate\\Pipeline\\Pipeline::carry():155}:156}()
#41 /home/mhash/Documents/Projects/agilizaimoveis.com/vendor/laravel/framework/src/Illuminate/Foundation/Http/Middleware/TrimStrings.php(40): Illuminate\\Foundation\\Http\\Middleware\\TransformsRequest->handle()
#42 /home/mhash/Documents/Projects/agilizaimoveis.com/vendor/laravel/framework/src/Illuminate/Pipeline/Pipeline.php(180): Illuminate\\Foundation\\Http\\Middleware\\TrimStrings->handle()
#43 /home/mhash/Documents/Projects/agilizaimoveis.com/vendor/laravel/framework/src/Illuminate/Foundation/Http/Middleware/ValidatePostSize.php(27): Illuminate\\Pipeline\\Pipeline->{closure:{closure:Illuminate\\Pipeline\\Pipeline::carry():155}:156}()
#44 /home/mhash/Documents/Projects/agilizaimoveis.com/vendor/laravel/framework/src/Illuminate/Pipeline/Pipeline.php(180): Illuminate\\Foundation\\Http\\Middleware\\ValidatePostSize->handle()
#45 /home/mhash/Documents/Projects/agilizaimoveis.com/vendor/laravel/framework/src/Illuminate/Foundation/Http/Middleware/PreventRequestsDuringMaintenance.php(86): Illuminate\\Pipeline\\Pipeline->{closure:{closure:Illuminate\\Pipeline\\Pipeline::carry():155}:156}()
#46 /home/mhash/Documents/Projects/agilizaimoveis.com/vendor/laravel/framework/src/Illuminate/Pipeline/Pipeline.php(180): Illuminate\\Foundation\\Http\\Middleware\\PreventRequestsDuringMaintenance->handle()
#47 /home/mhash/Documents/Projects/agilizaimoveis.com/vendor/laravel/framework/src/Illuminate/Http/Middleware/HandleCors.php(49): Illuminate\\Pipeline\\Pipeline->{closure:{closure:Illuminate\\Pipeline\\Pipeline::carry():155}:156}()
#48 /home/mhash/Documents/Projects/agilizaimoveis.com/vendor/laravel/framework/src/Illuminate/Pipeline/Pipeline.php(180): Illuminate\\Http\\Middleware\\HandleCors->handle()
#49 /home/mhash/Documents/Projects/agilizaimoveis.com/vendor/laravel/framework/src/Illuminate/Http/Middleware/TrustProxies.php(39): Illuminate\\Pipeline\\Pipeline->{closure:{closure:Illuminate\\Pipeline\\Pipeline::carry():155}:156}()
#50 /home/mhash/Documents/Projects/agilizaimoveis.com/vendor/laravel/framework/src/Illuminate/Pipeline/Pipeline.php(180): Illuminate\\Http\\Middleware\\TrustProxies->handle()
#51 /home/mhash/Documents/Projects/agilizaimoveis.com/vendor/laravel/framework/src/Illuminate/Pipeline/Pipeline.php(116): Illuminate\\Pipeline\\Pipeline->{closure:{closure:Illuminate\\Pipeline\\Pipeline::carry():155}:156}()
#52 /home/mhash/Documents/Projects/agilizaimoveis.com/vendor/laravel/framework/src/Illuminate/Foundation/Http/Kernel.php(165): Illuminate\\Pipeline\\Pipeline->then()
#53 /home/mhash/Documents/Projects/agilizaimoveis.com/vendor/laravel/framework/src/Illuminate/Foundation/Http/Kernel.php(134): Illuminate\\Foundation\\Http\\Kernel->sendRequestThroughRouter()
#54 /home/mhash/Documents/Projects/agilizaimoveis.com/public/index.php(51): Illuminate\\Foundation\\Http\\Kernel->handle()
#55 /home/mhash/Documents/Projects/agilizaimoveis.com/vendor/laravel/framework/src/Illuminate/Foundation/resources/server.php(16): require_once('...')
#56 {main}
"} 
[2025-11-03 20:09:05] local.ERROR: SQLSTATE[42S22]: Column not found: 1054 Unknown column 'lancamento' in 'where clause' (SQL: select * from `imoveis` where `visibility` = 1 and `lancamento` = 1) {"exception":"[object] (Illuminate\\Database\\QueryException(code: 42S22): SQLSTATE[42S22]: Column not found: 1054 Unknown column 'lancamento' in 'where clause' (SQL: select * from `imoveis` where `visibility` = 1 and `lancamento` = 1) at /home/mhash/Documents/Projects/agilizaimoveis.com/vendor/laravel/framework/src/Illuminate/Database/Connection.php:760)
[stacktrace]
#0 /home/mhash/Documents/Projects/agilizaimoveis.com/vendor/laravel/framework/src/Illuminate/Database/Connection.php(720): Illuminate\\Database\\Connection->runQueryCallback()
#1 /home/mhash/Documents/Projects/agilizaimoveis.com/vendor/laravel/framework/src/Illuminate/Database/Connection.php(405): Illuminate\\Database\\Connection->run()
#2 /home/mhash/Documents/Projects/agilizaimoveis.com/vendor/laravel/framework/src/Illuminate/Database/Query/Builder.php(2705): Illuminate\\Database\\Connection->select()
#3 /home/mhash/Documents/Projects/agilizaimoveis.com/vendor/laravel/framework/src/Illuminate/Database/Query/Builder.php(2694): Illuminate\\Database\\Query\\Builder->runSelect()
#4 /home/mhash/Documents/Projects/agilizaimoveis.com/vendor/laravel/framework/src/Illuminate/Database/Query/Builder.php(3230): Illuminate\\Database\\Query\\Builder->{closure:Illuminate\\Database\\Query\\Builder::get():2693}()
#5 /home/mhash/Documents/Projects/agilizaimoveis.com/vendor/laravel/framework/src/Illuminate/Database/Query/Builder.php(2693): Illuminate\\Database\\Query\\Builder->onceWithColumns()
#6 /home/mhash/Documents/Projects/agilizaimoveis.com/vendor/laravel/framework/src/Illuminate/Database/Eloquent/Builder.php(710): Illuminate\\Database\\Query\\Builder->get()
#7 /home/mhash/Documents/Projects/agilizaimoveis.com/vendor/laravel/framework/src/Illuminate/Database/Eloquent/Builder.php(694): Illuminate\\Database\\Eloquent\\Builder->getModels()
#8 /home/mhash/Documents/Projects/agilizaimoveis.com/app/Http/Controllers/HomeController.php(599): Illuminate\\Database\\Eloquent\\Builder->get()
#9 /home/mhash/Documents/Projects/agilizaimoveis.com/vendor/laravel/framework/src/Illuminate/Routing/Controller.php(54): App\\Http\\Controllers\\HomeController->lancamentos()
#10 /home/mhash/Documents/Projects/agilizaimoveis.com/vendor/laravel/framework/src/Illuminate/Routing/ControllerDispatcher.php(43): Illuminate\\Routing\\Controller->callAction()
#11 /home/mhash/Documents/Projects/agilizaimoveis.com/vendor/laravel/framework/src/Illuminate/Routing/Route.php(259): Illuminate\\Routing\\ControllerDispatcher->dispatch()
#12 /home/mhash/Documents/Projects/agilizaimoveis.com/vendor/laravel/framework/src/Illuminate/Routing/Route.php(205): Illuminate\\Routing\\Route->runController()
#13 /home/mhash/Documents/Projects/agilizaimoveis.com/vendor/laravel/framework/src/Illuminate/Routing/Router.php(798): Illuminate\\Routing\\Route->run()
#14 /home/mhash/Documents/Projects/agilizaimoveis.com/vendor/laravel/framework/src/Illuminate/Pipeline/Pipeline.php(141): Illuminate\\Routing\\Router->{closure:Illuminate\\Routing\\Router::runRouteWithinStack():797}()
#15 /home/mhash/Documents/Projects/agilizaimoveis.com/vendor/laravel/framework/src/Illuminate/Routing/Middleware/SubstituteBindings.php(50): Illuminate\\Pipeline\\Pipeline->{closure:Illuminate\\Pipeline\\Pipeline::prepareDestination():139}()
#16 /home/mhash/Documents/Projects/agilizaimoveis.com/vendor/laravel/framework/src/Illuminate/Pipeline/Pipeline.php(180): Illuminate\\Routing\\Middleware\\SubstituteBindings->handle()
#17 /home/mhash/Documents/Projects/agilizaimoveis.com/vendor/laravel/framework/src/Illuminate/Foundation/Http/Middleware/VerifyCsrfToken.php(78): Illuminate\\Pipeline\\Pipeline->{closure:{closure:Illuminate\\Pipeline\\Pipeline::carry():155}:156}()
#18 /home/mhash/Documents/Projects/agilizaimoveis.com/vendor/laravel/framework/src/Illuminate/Pipeline/Pipeline.php(180): Illuminate\\Foundation\\Http\\Middleware\\VerifyCsrfToken->handle()
#19 /home/mhash/Documents/Projects/agilizaimoveis.com/vendor/laravel/framework/src/Illuminate/View/Middleware/ShareErrorsFromSession.php(49): Illuminate\\Pipeline\\Pipeline->{closure:{closure:Illuminate\\Pipeline\\Pipeline::carry():155}:156}()
#20 /home/mhash/Documents/Projects/agilizaimoveis.com/vendor/laravel/framework/src/Illuminate/Pipeline/Pipeline.php(180): Illuminate\\View\\Middleware\\ShareErrorsFromSession->handle()
#21 /home/mhash/Documents/Projects/agilizaimoveis.com/vendor/laravel/framework/src/Illuminate/Session/Middleware/StartSession.php(121): Illuminate\\Pipeline\\Pipeline->{closure:{closure:Illuminate\\Pipeline\\Pipeline::carry():155}:156}()
#22 /home/mhash/Documents/Projects/agilizaimoveis.com/vendor/laravel/framework/src/Illuminate/Session/Middleware/StartSession.php(64): Illuminate\\Session\\Middleware\\StartSession->handleStatefulRequest()
#23 /home/mhash/Documents/Projects/agilizaimoveis.com/vendor/laravel/framework/src/Illuminate/Pipeline/Pipeline.php(180): Illuminate\\Session\\Middleware\\StartSession->handle()
#24 /home/mhash/Documents/Projects/agilizaimoveis.com/vendor/laravel/framework/src/Illuminate/Cookie/Middleware/AddQueuedCookiesToResponse.php(37): Illuminate\\Pipeline\\Pipeline->{closure:{closure:Illuminate\\Pipeline\\Pipeline::carry():155}:156}()
#25 /home/mhash/Documents/Projects/agilizaimoveis.com/vendor/laravel/framework/src/Illuminate/Pipeline/Pipeline.php(180): Illuminate\\Cookie\\Middleware\\AddQueuedCookiesToResponse->handle()
#26 /home/mhash/Documents/Projects/agilizaimoveis.com/vendor/laravel/framework/src/Illuminate/Cookie/Middleware/EncryptCookies.php(67): Illuminate\\Pipeline\\Pipeline->{closure:{closure:Illuminate\\Pipeline\\Pipeline::carry():155}:156}()
#27 /home/mhash/Documents/Projects/agilizaimoveis.com/vendor/laravel/framework/src/Illuminate/Pipeline/Pipeline.php(180): Illuminate\\Cookie\\Middleware\\EncryptCookies->handle()
#28 /home/mhash/Documents/Projects/agilizaimoveis.com/vendor/laravel/framework/src/Illuminate/Pipeline/Pipeline.php(116): Illuminate\\Pipeline\\Pipeline->{closure:{closure:Illuminate\\Pipeline\\Pipeline::carry():155}:156}()
#29 /home/mhash/Documents/Projects/agilizaimoveis.com/vendor/laravel/framework/src/Illuminate/Routing/Router.php(797): Illuminate\\Pipeline\\Pipeline->then()
#30 /home/mhash/Documents/Projects/agilizaimoveis.com/vendor/laravel/framework/src/Illuminate/Routing/Router.php(776): Illuminate\\Routing\\Router->runRouteWithinStack()
#31 /home/mhash/Documents/Projects/agilizaimoveis.com/vendor/laravel/framework/src/Illuminate/Routing/Router.php(740): Illuminate\\Routing\\Router->runRoute()
#32 /home/mhash/Documents/Projects/agilizaimoveis.com/vendor/laravel/framework/src/Illuminate/Routing/Router.php(729): Illuminate\\Routing\\Router->dispatchToRoute()
#33 /home/mhash/Documents/Projects/agilizaimoveis.com/vendor/laravel/framework/src/Illuminate/Foundation/Http/Kernel.php(190): Illuminate\\Routing\\Router->dispatch()
#34 /home/mhash/Documents/Projects/agilizaimoveis.com/vendor/laravel/framework/src/Illuminate/Pipeline/Pipeline.php(141): Illuminate\\Foundation\\Http\\Kernel->{closure:Illuminate\\Foundation\\Http\\Kernel::dispatchToRouter():187}()
#35 /home/mhash/Documents/Projects/agilizaimoveis.com/vendor/laravel/framework/src/Illuminate/Foundation/Http/Middleware/TransformsRequest.php(21): Illuminate\\Pipeline\\Pipeline->{closure:Illuminate\\Pipeline\\Pipeline::prepareDestination():139}()
#36 /home/mhash/Documents/Projects/agilizaimoveis.com/vendor/laravel/framework/src/Illuminate/Foundation/Http/Middleware/ConvertEmptyStringsToNull.php(31): Illuminate\\Foundation\\Http\\Middleware\\TransformsRequest->handle()
#37 /home/mhash/Documents/Projects/agilizaimoveis.com/vendor/laravel/framework/src/Illuminate/Pipeline/Pipeline.php(180): Illuminate\\Foundation\\Http\\Middleware\\ConvertEmptyStringsToNull->handle()
#38 /home/mhash/Documents/Projects/agilizaimoveis.com/vendor/laravel/framework/src/Illuminate/Foundation/Http/Middleware/TransformsRequest.php(21): Illuminate\\Pipeline\\Pipeline->{closure:{closure:Illuminate\\Pipeline\\Pipeline::carry():155}:156}()
#39 /home/mhash/Documents/Projects/agilizaimoveis.com/vendor/laravel/framework/src/Illuminate/Foundation/Http/Middleware/TrimStrings.php(40): Illuminate\\Foundation\\Http\\Middleware\\TransformsRequest->handle()
#40 /home/mhash/Documents/Projects/agilizaimoveis.com/vendor/laravel/framework/src/Illuminate/Pipeline/Pipeline.php(180): Illuminate\\Foundation\\Http\\Middleware\\TrimStrings->handle()
#41 /home/mhash/Documents/Projects/agilizaimoveis.com/vendor/laravel/framework/src/Illuminate/Foundation/Http/Middleware/ValidatePostSize.php(27): Illuminate\\Pipeline\\Pipeline->{closure:{closure:Illuminate\\Pipeline\\Pipeline::carry():155}:156}()
#42 /home/mhash/Documents/Projects/agilizaimoveis.com/vendor/laravel/framework/src/Illuminate/Pipeline/Pipeline.php(180): Illuminate\\Foundation\\Http\\Middleware\\ValidatePostSize->handle()
#43 /home/mhash/Documents/Projects/agilizaimoveis.com/vendor/laravel/framework/src/Illuminate/Foundation/Http/Middleware/PreventRequestsDuringMaintenance.php(86): Illuminate\\Pipeline\\Pipeline->{closure:{closure:Illuminate\\Pipeline\\Pipeline::carry():155}:156}()
#44 /home/mhash/Documents/Projects/agilizaimoveis.com/vendor/laravel/framework/src/Illuminate/Pipeline/Pipeline.php(180): Illuminate\\Foundation\\Http\\Middleware\\PreventRequestsDuringMaintenance->handle()
#45 /home/mhash/Documents/Projects/agilizaimoveis.com/vendor/laravel/framework/src/Illuminate/Http/Middleware/HandleCors.php(49): Illuminate\\Pipeline\\Pipeline->{closure:{closure:Illuminate\\Pipeline\\Pipeline::carry():155}:156}()
#46 /home/mhash/Documents/Projects/agilizaimoveis.com/vendor/laravel/framework/src/Illuminate/Pipeline/Pipeline.php(180): Illuminate\\Http\\Middleware\\HandleCors->handle()
#47 /home/mhash/Documents/Projects/agilizaimoveis.com/vendor/laravel/framework/src/Illuminate/Http/Middleware/TrustProxies.php(39): Illuminate\\Pipeline\\Pipeline->{closure:{closure:Illuminate\\Pipeline\\Pipeline::carry():155}:156}()
#48 /home/mhash/Documents/Projects/agilizaimoveis.com/vendor/laravel/framework/src/Illuminate/Pipeline/Pipeline.php(180): Illuminate\\Http\\Middleware\\TrustProxies->handle()
#49 /home/mhash/Documents/Projects/agilizaimoveis.com/vendor/laravel/framework/src/Illuminate/Pipeline/Pipeline.php(116): Illuminate\\Pipeline\\Pipeline->{closure:{closure:Illuminate\\Pipeline\\Pipeline::carry():155}:156}()
#50 /home/mhash/Documents/Projects/agilizaimoveis.com/vendor/laravel/framework/src/Illuminate/Foundation/Http/Kernel.php(165): Illuminate\\Pipeline\\Pipeline->then()
#51 /home/mhash/Documents/Projects/agilizaimoveis.com/vendor/laravel/framework/src/Illuminate/Foundation/Http/Kernel.php(134): Illuminate\\Foundation\\Http\\Kernel->sendRequestThroughRouter()
#52 /home/mhash/Documents/Projects/agilizaimoveis.com/public/index.php(51): Illuminate\\Foundation\\Http\\Kernel->handle()
#53 /home/mhash/Documents/Projects/agilizaimoveis.com/vendor/laravel/framework/src/Illuminate/Foundation/resources/server.php(16): require_once('...')
#54 {main}

[previous exception] [object] (PDOException(code: 42S22): SQLSTATE[42S22]: Column not found: 1054 Unknown column 'lancamento' in 'where clause' at /home/mhash/Documents/Projects/agilizaimoveis.com/vendor/laravel/framework/src/Illuminate/Database/Connection.php:414)
[stacktrace]
#0 /home/mhash/Documents/Projects/agilizaimoveis.com/vendor/laravel/framework/src/Illuminate/Database/Connection.php(414): PDO->prepare()
#1 /home/mhash/Documents/Projects/agilizaimoveis.com/vendor/laravel/framework/src/Illuminate/Database/Connection.php(753): Illuminate\\Database\\Connection->{closure:Illuminate\\Database\\Connection::select():405}()
#2 /home/mhash/Documents/Projects/agilizaimoveis.com/vendor/laravel/framework/src/Illuminate/Database/Connection.php(720): Illuminate\\Database\\Connection->runQueryCallback()
#3 /home/mhash/Documents/Projects/agilizaimoveis.com/vendor/laravel/framework/src/Illuminate/Database/Connection.php(405): Illuminate\\Database\\Connection->run()
#4 /home/mhash/Documents/Projects/agilizaimoveis.com/vendor/laravel/framework/src/Illuminate/Database/Query/Builder.php(2705): Illuminate\\Database\\Connection->select()
#5 /home/mhash/Documents/Projects/agilizaimoveis.com/vendor/laravel/framework/src/Illuminate/Database/Query/Builder.php(2694): Illuminate\\Database\\Query\\Builder->runSelect()
#6 /home/mhash/Documents/Projects/agilizaimoveis.com/vendor/laravel/framework/src/Illuminate/Database/Query/Builder.php(3230): Illuminate\\Database\\Query\\Builder->{closure:Illuminate\\Database\\Query\\Builder::get():2693}()
#7 /home/mhash/Documents/Projects/agilizaimoveis.com/vendor/laravel/framework/src/Illuminate/Database/Query/Builder.php(2693): Illuminate\\Database\\Query\\Builder->onceWithColumns()
#8 /home/mhash/Documents/Projects/agilizaimoveis.com/vendor/laravel/framework/src/Illuminate/Database/Eloquent/Builder.php(710): Illuminate\\Database\\Query\\Builder->get()
#9 /home/mhash/Documents/Projects/agilizaimoveis.com/vendor/laravel/framework/src/Illuminate/Database/Eloquent/Builder.php(694): Illuminate\\Database\\Eloquent\\Builder->getModels()
#10 /home/mhash/Documents/Projects/agilizaimoveis.com/app/Http/Controllers/HomeController.php(599): Illuminate\\Database\\Eloquent\\Builder->get()
#11 /home/mhash/Documents/Projects/agilizaimoveis.com/vendor/laravel/framework/src/Illuminate/Routing/Controller.php(54): App\\Http\\Controllers\\HomeController->lancamentos()
#12 /home/mhash/Documents/Projects/agilizaimoveis.com/vendor/laravel/framework/src/Illuminate/Routing/ControllerDispatcher.php(43): Illuminate\\Routing\\Controller->callAction()
#13 /home/mhash/Documents/Projects/agilizaimoveis.com/vendor/laravel/framework/src/Illuminate/Routing/Route.php(259): Illuminate\\Routing\\ControllerDispatcher->dispatch()
#14 /home/mhash/Documents/Projects/agilizaimoveis.com/vendor/laravel/framework/src/Illuminate/Routing/Route.php(205): Illuminate\\Routing\\Route->runController()
#15 /home/mhash/Documents/Projects/agilizaimoveis.com/vendor/laravel/framework/src/Illuminate/Routing/Router.php(798): Illuminate\\Routing\\Route->run()
#16 /home/mhash/Documents/Projects/agilizaimoveis.com/vendor/laravel/framework/src/Illuminate/Pipeline/Pipeline.php(141): Illuminate\\Routing\\Router->{closure:Illuminate\\Routing\\Router::runRouteWithinStack():797}()
#17 /home/mhash/Documents/Projects/agilizaimoveis.com/vendor/laravel/framework/src/Illuminate/Routing/Middleware/SubstituteBindings.php(50): Illuminate\\Pipeline\\Pipeline->{closure:Illuminate\\Pipeline\\Pipeline::prepareDestination():139}()
#18 /home/mhash/Documents/Projects/agilizaimoveis.com/vendor/laravel/framework/src/Illuminate/Pipeline/Pipeline.php(180): Illuminate\\Routing\\Middleware\\SubstituteBindings->handle()
#19 /home/mhash/Documents/Projects/agilizaimoveis.com/vendor/laravel/framework/src/Illuminate/Foundation/Http/Middleware/VerifyCsrfToken.php(78): Illuminate\\Pipeline\\Pipeline->{closure:{closure:Illuminate\\Pipeline\\Pipeline::carry():155}:156}()
#20 /home/mhash/Documents/Projects/agilizaimoveis.com/vendor/laravel/framework/src/Illuminate/Pipeline/Pipeline.php(180): Illuminate\\Foundation\\Http\\Middleware\\VerifyCsrfToken->handle()
#21 /home/mhash/Documents/Projects/agilizaimoveis.com/vendor/laravel/framework/src/Illuminate/View/Middleware/ShareErrorsFromSession.php(49): Illuminate\\Pipeline\\Pipeline->{closure:{closure:Illuminate\\Pipeline\\Pipeline::carry():155}:156}()
#22 /home/mhash/Documents/Projects/agilizaimoveis.com/vendor/laravel/framework/src/Illuminate/Pipeline/Pipeline.php(180): Illuminate\\View\\Middleware\\ShareErrorsFromSession->handle()
#23 /home/mhash/Documents/Projects/agilizaimoveis.com/vendor/laravel/framework/src/Illuminate/Session/Middleware/StartSession.php(121): Illuminate\\Pipeline\\Pipeline->{closure:{closure:Illuminate\\Pipeline\\Pipeline::carry():155}:156}()
#24 /home/mhash/Documents/Projects/agilizaimoveis.com/vendor/laravel/framework/src/Illuminate/Session/Middleware/StartSession.php(64): Illuminate\\Session\\Middleware\\StartSession->handleStatefulRequest()
#25 /home/mhash/Documents/Projects/agilizaimoveis.com/vendor/laravel/framework/src/Illuminate/Pipeline/Pipeline.php(180): Illuminate\\Session\\Middleware\\StartSession->handle()
#26 /home/mhash/Documents/Projects/agilizaimoveis.com/vendor/laravel/framework/src/Illuminate/Cookie/Middleware/AddQueuedCookiesToResponse.php(37): Illuminate\\Pipeline\\Pipeline->{closure:{closure:Illuminate\\Pipeline\\Pipeline::carry():155}:156}()
#27 /home/mhash/Documents/Projects/agilizaimoveis.com/vendor/laravel/framework/src/Illuminate/Pipeline/Pipeline.php(180): Illuminate\\Cookie\\Middleware\\AddQueuedCookiesToResponse->handle()
#28 /home/mhash/Documents/Projects/agilizaimoveis.com/vendor/laravel/framework/src/Illuminate/Cookie/Middleware/EncryptCookies.php(67): Illuminate\\Pipeline\\Pipeline->{closure:{closure:Illuminate\\Pipeline\\Pipeline::carry():155}:156}()
#29 /home/mhash/Documents/Projects/agilizaimoveis.com/vendor/laravel/framework/src/Illuminate/Pipeline/Pipeline.php(180): Illuminate\\Cookie\\Middleware\\EncryptCookies->handle()
#30 /home/mhash/Documents/Projects/agilizaimoveis.com/vendor/laravel/framework/src/Illuminate/Pipeline/Pipeline.php(116): Illuminate\\Pipeline\\Pipeline->{closure:{closure:Illuminate\\Pipeline\\Pipeline::carry():155}:156}()
#31 /home/mhash/Documents/Projects/agilizaimoveis.com/vendor/laravel/framework/src/Illuminate/Routing/Router.php(797): Illuminate\\Pipeline\\Pipeline->then()
#32 /home/mhash/Documents/Projects/agilizaimoveis.com/vendor/laravel/framework/src/Illuminate/Routing/Router.php(776): Illuminate\\Routing\\Router->runRouteWithinStack()
#33 /home/mhash/Documents/Projects/agilizaimoveis.com/vendor/laravel/framework/src/Illuminate/Routing/Router.php(740): Illuminate\\Routing\\Router->runRoute()
#34 /home/mhash/Documents/Projects/agilizaimoveis.com/vendor/laravel/framework/src/Illuminate/Routing/Router.php(729): Illuminate\\Routing\\Router->dispatchToRoute()
#35 /home/mhash/Documents/Projects/agilizaimoveis.com/vendor/laravel/framework/src/Illuminate/Foundation/Http/Kernel.php(190): Illuminate\\Routing\\Router->dispatch()
#36 /home/mhash/Documents/Projects/agilizaimoveis.com/vendor/laravel/framework/src/Illuminate/Pipeline/Pipeline.php(141): Illuminate\\Foundation\\Http\\Kernel->{closure:Illuminate\\Foundation\\Http\\Kernel::dispatchToRouter():187}()
#37 /home/mhash/Documents/Projects/agilizaimoveis.com/vendor/laravel/framework/src/Illuminate/Foundation/Http/Middleware/TransformsRequest.php(21): Illuminate\\Pipeline\\Pipeline->{closure:Illuminate\\Pipeline\\Pipeline::prepareDestination():139}()
#38 /home/mhash/Documents/Projects/agilizaimoveis.com/vendor/laravel/framework/src/Illuminate/Foundation/Http/Middleware/ConvertEmptyStringsToNull.php(31): Illuminate\\Foundation\\Http\\Middleware\\TransformsRequest->handle()
#39 /home/mhash/Documents/Projects/agilizaimoveis.com/vendor/laravel/framework/src/Illuminate/Pipeline/Pipeline.php(180): Illuminate\\Foundation\\Http\\Middleware\\ConvertEmptyStringsToNull->handle()
#40 /home/mhash/Documents/Projects/agilizaimoveis.com/vendor/laravel/framework/src/Illuminate/Foundation/Http/Middleware/TransformsRequest.php(21): Illuminate\\Pipeline\\Pipeline->{closure:{closure:Illuminate\\Pipeline\\Pipeline::carry():155}:156}()
#41 /home/mhash/Documents/Projects/agilizaimoveis.com/vendor/laravel/framework/src/Illuminate/Foundation/Http/Middleware/TrimStrings.php(40): Illuminate\\Foundation\\Http\\Middleware\\TransformsRequest->handle()
#42 /home/mhash/Documents/Projects/agilizaimoveis.com/vendor/laravel/framework/src/Illuminate/Pipeline/Pipeline.php(180): Illuminate\\Foundation\\Http\\Middleware\\TrimStrings->handle()
#43 /home/mhash/Documents/Projects/agilizaimoveis.com/vendor/laravel/framework/src/Illuminate/Foundation/Http/Middleware/ValidatePostSize.php(27): Illuminate\\Pipeline\\Pipeline->{closure:{closure:Illuminate\\Pipeline\\Pipeline::carry():155}:156}()
#44 /home/mhash/Documents/Projects/agilizaimoveis.com/vendor/laravel/framework/src/Illuminate/Pipeline/Pipeline.php(180): Illuminate\\Foundation\\Http\\Middleware\\ValidatePostSize->handle()
#45 /home/mhash/Documents/Projects/agilizaimoveis.com/vendor/laravel/framework/src/Illuminate/Foundation/Http/Middleware/PreventRequestsDuringMaintenance.php(86): Illuminate\\Pipeline\\Pipeline->{closure:{closure:Illuminate\\Pipeline\\Pipeline::carry():155}:156}()
#46 /home/mhash/Documents/Projects/agilizaimoveis.com/vendor/laravel/framework/src/Illuminate/Pipeline/Pipeline.php(180): Illuminate\\Foundation\\Http\\Middleware\\PreventRequestsDuringMaintenance->handle()
#47 /home/mhash/Documents/Projects/agilizaimoveis.com/vendor/laravel/framework/src/Illuminate/Http/Middleware/HandleCors.php(49): Illuminate\\Pipeline\\Pipeline->{closure:{closure:Illuminate\\Pipeline\\Pipeline::carry():155}:156}()
#48 /home/mhash/Documents/Projects/agilizaimoveis.com/vendor/laravel/framework/src/Illuminate/Pipeline/Pipeline.php(180): Illuminate\\Http\\Middleware\\HandleCors->handle()
#49 /home/mhash/Documents/Projects/agilizaimoveis.com/vendor/laravel/framework/src/Illuminate/Http/Middleware/TrustProxies.php(39): Illuminate\\Pipeline\\Pipeline->{closure:{closure:Illuminate\\Pipeline\\Pipeline::carry():155}:156}()
#50 /home/mhash/Documents/Projects/agilizaimoveis.com/vendor/laravel/framework/src/Illuminate/Pipeline/Pipeline.php(180): Illuminate\\Http\\Middleware\\TrustProxies->handle()
#51 /home/mhash/Documents/Projects/agilizaimoveis.com/vendor/laravel/framework/src/Illuminate/Pipeline/Pipeline.php(116): Illuminate\\Pipeline\\Pipeline->{closure:{closure:Illuminate\\Pipeline\\Pipeline::carry():155}:156}()
#52 /home/mhash/Documents/Projects/agilizaimoveis.com/vendor/laravel/framework/src/Illuminate/Foundation/Http/Kernel.php(165): Illuminate\\Pipeline\\Pipeline->then()
#53 /home/mhash/Documents/Projects/agilizaimoveis.com/vendor/laravel/framework/src/Illuminate/Foundation/Http/Kernel.php(134): Illuminate\\Foundation\\Http\\Kernel->sendRequestThroughRouter()
#54 /home/mhash/Documents/Projects/agilizaimoveis.com/public/index.php(51): Illuminate\\Foundation\\Http\\Kernel->handle()
#55 /home/mhash/Documents/Projects/agilizaimoveis.com/vendor/laravel/framework/src/Illuminate/Foundation/resources/server.php(16): require_once('...')
#56 {main}
"} 
[2025-11-03 20:09:28] local.ERROR: SQLSTATE[42S22]: Column not found: 1054 Unknown column 'lancamento' in 'where clause' (SQL: select * from `imoveis` where `visibility` = 1 and `lancamento` = 1) {"exception":"[object] (Illuminate\\Database\\QueryException(code: 42S22): SQLSTATE[42S22]: Column not found: 1054 Unknown column 'lancamento' in 'where clause' (SQL: select * from `imoveis` where `visibility` = 1 and `lancamento` = 1) at /home/mhash/Documents/Projects/agilizaimoveis.com/vendor/laravel/framework/src/Illuminate/Database/Connection.php:760)
[stacktrace]
#0 /home/mhash/Documents/Projects/agilizaimoveis.com/vendor/laravel/framework/src/Illuminate/Database/Connection.php(720): Illuminate\\Database\\Connection->runQueryCallback()
#1 /home/mhash/Documents/Projects/agilizaimoveis.com/vendor/laravel/framework/src/Illuminate/Database/Connection.php(405): Illuminate\\Database\\Connection->run()
#2 /home/mhash/Documents/Projects/agilizaimoveis.com/vendor/laravel/framework/src/Illuminate/Database/Query/Builder.php(2705): Illuminate\\Database\\Connection->select()
#3 /home/mhash/Documents/Projects/agilizaimoveis.com/vendor/laravel/framework/src/Illuminate/Database/Query/Builder.php(2694): Illuminate\\Database\\Query\\Builder->runSelect()
#4 /home/mhash/Documents/Projects/agilizaimoveis.com/vendor/laravel/framework/src/Illuminate/Database/Query/Builder.php(3230): Illuminate\\Database\\Query\\Builder->{closure:Illuminate\\Database\\Query\\Builder::get():2693}()
#5 /home/mhash/Documents/Projects/agilizaimoveis.com/vendor/laravel/framework/src/Illuminate/Database/Query/Builder.php(2693): Illuminate\\Database\\Query\\Builder->onceWithColumns()
#6 /home/mhash/Documents/Projects/agilizaimoveis.com/vendor/laravel/framework/src/Illuminate/Database/Eloquent/Builder.php(710): Illuminate\\Database\\Query\\Builder->get()
#7 /home/mhash/Documents/Projects/agilizaimoveis.com/vendor/laravel/framework/src/Illuminate/Database/Eloquent/Builder.php(694): Illuminate\\Database\\Eloquent\\Builder->getModels()
#8 /home/mhash/Documents/Projects/agilizaimoveis.com/app/Http/Controllers/HomeController.php(599): Illuminate\\Database\\Eloquent\\Builder->get()
#9 /home/mhash/Documents/Projects/agilizaimoveis.com/vendor/laravel/framework/src/Illuminate/Routing/Controller.php(54): App\\Http\\Controllers\\HomeController->lancamentos()
#10 /home/mhash/Documents/Projects/agilizaimoveis.com/vendor/laravel/framework/src/Illuminate/Routing/ControllerDispatcher.php(43): Illuminate\\Routing\\Controller->callAction()
#11 /home/mhash/Documents/Projects/agilizaimoveis.com/vendor/laravel/framework/src/Illuminate/Routing/Route.php(259): Illuminate\\Routing\\ControllerDispatcher->dispatch()
#12 /home/mhash/Documents/Projects/agilizaimoveis.com/vendor/laravel/framework/src/Illuminate/Routing/Route.php(205): Illuminate\\Routing\\Route->runController()
#13 /home/mhash/Documents/Projects/agilizaimoveis.com/vendor/laravel/framework/src/Illuminate/Routing/Router.php(798): Illuminate\\Routing\\Route->run()
#14 /home/mhash/Documents/Projects/agilizaimoveis.com/vendor/laravel/framework/src/Illuminate/Pipeline/Pipeline.php(141): Illuminate\\Routing\\Router->{closure:Illuminate\\Routing\\Router::runRouteWithinStack():797}()
#15 /home/mhash/Documents/Projects/agilizaimoveis.com/vendor/laravel/framework/src/Illuminate/Routing/Middleware/SubstituteBindings.php(50): Illuminate\\Pipeline\\Pipeline->{closure:Illuminate\\Pipeline\\Pipeline::prepareDestination():139}()
#16 /home/mhash/Documents/Projects/agilizaimoveis.com/vendor/laravel/framework/src/Illuminate/Pipeline/Pipeline.php(180): Illuminate\\Routing\\Middleware\\SubstituteBindings->handle()
#17 /home/mhash/Documents/Projects/agilizaimoveis.com/vendor/laravel/framework/src/Illuminate/Foundation/Http/Middleware/VerifyCsrfToken.php(78): Illuminate\\Pipeline\\Pipeline->{closure:{closure:Illuminate\\Pipeline\\Pipeline::carry():155}:156}()
#18 /home/mhash/Documents/Projects/agilizaimoveis.com/vendor/laravel/framework/src/Illuminate/Pipeline/Pipeline.php(180): Illuminate\\Foundation\\Http\\Middleware\\VerifyCsrfToken->handle()
#19 /home/mhash/Documents/Projects/agilizaimoveis.com/vendor/laravel/framework/src/Illuminate/View/Middleware/ShareErrorsFromSession.php(49): Illuminate\\Pipeline\\Pipeline->{closure:{closure:Illuminate\\Pipeline\\Pipeline::carry():155}:156}()
#20 /home/mhash/Documents/Projects/agilizaimoveis.com/vendor/laravel/framework/src/Illuminate/Pipeline/Pipeline.php(180): Illuminate\\View\\Middleware\\ShareErrorsFromSession->handle()
#21 /home/mhash/Documents/Projects/agilizaimoveis.com/vendor/laravel/framework/src/Illuminate/Session/Middleware/StartSession.php(121): Illuminate\\Pipeline\\Pipeline->{closure:{closure:Illuminate\\Pipeline\\Pipeline::carry():155}:156}()
#22 /home/mhash/Documents/Projects/agilizaimoveis.com/vendor/laravel/framework/src/Illuminate/Session/Middleware/StartSession.php(64): Illuminate\\Session\\Middleware\\StartSession->handleStatefulRequest()
#23 /home/mhash/Documents/Projects/agilizaimoveis.com/vendor/laravel/framework/src/Illuminate/Pipeline/Pipeline.php(180): Illuminate\\Session\\Middleware\\StartSession->handle()
#24 /home/mhash/Documents/Projects/agilizaimoveis.com/vendor/laravel/framework/src/Illuminate/Cookie/Middleware/AddQueuedCookiesToResponse.php(37): Illuminate\\Pipeline\\Pipeline->{closure:{closure:Illuminate\\Pipeline\\Pipeline::carry():155}:156}()
#25 /home/mhash/Documents/Projects/agilizaimoveis.com/vendor/laravel/framework/src/Illuminate/Pipeline/Pipeline.php(180): Illuminate\\Cookie\\Middleware\\AddQueuedCookiesToResponse->handle()
#26 /home/mhash/Documents/Projects/agilizaimoveis.com/vendor/laravel/framework/src/Illuminate/Cookie/Middleware/EncryptCookies.php(67): Illuminate\\Pipeline\\Pipeline->{closure:{closure:Illuminate\\Pipeline\\Pipeline::carry():155}:156}()
#27 /home/mhash/Documents/Projects/agilizaimoveis.com/vendor/laravel/framework/src/Illuminate/Pipeline/Pipeline.php(180): Illuminate\\Cookie\\Middleware\\EncryptCookies->handle()
#28 /home/mhash/Documents/Projects/agilizaimoveis.com/vendor/laravel/framework/src/Illuminate/Pipeline/Pipeline.php(116): Illuminate\\Pipeline\\Pipeline->{closure:{closure:Illuminate\\Pipeline\\Pipeline::carry():155}:156}()
#29 /home/mhash/Documents/Projects/agilizaimoveis.com/vendor/laravel/framework/src/Illuminate/Routing/Router.php(797): Illuminate\\Pipeline\\Pipeline->then()
#30 /home/mhash/Documents/Projects/agilizaimoveis.com/vendor/laravel/framework/src/Illuminate/Routing/Router.php(776): Illuminate\\Routing\\Router->runRouteWithinStack()
#31 /home/mhash/Documents/Projects/agilizaimoveis.com/vendor/laravel/framework/src/Illuminate/Routing/Router.php(740): Illuminate\\Routing\\Router->runRoute()
#32 /home/mhash/Documents/Projects/agilizaimoveis.com/vendor/laravel/framework/src/Illuminate/Routing/Router.php(729): Illuminate\\Routing\\Router->dispatchToRoute()
#33 /home/mhash/Documents/Projects/agilizaimoveis.com/vendor/laravel/framework/src/Illuminate/Foundation/Http/Kernel.php(190): Illuminate\\Routing\\Router->dispatch()
#34 /home/mhash/Documents/Projects/agilizaimoveis.com/vendor/laravel/framework/src/Illuminate/Pipeline/Pipeline.php(141): Illuminate\\Foundation\\Http\\Kernel->{closure:Illuminate\\Foundation\\Http\\Kernel::dispatchToRouter():187}()
#35 /home/mhash/Documents/Projects/agilizaimoveis.com/vendor/laravel/framework/src/Illuminate/Foundation/Http/Middleware/TransformsRequest.php(21): Illuminate\\Pipeline\\Pipeline->{closure:Illuminate\\Pipeline\\Pipeline::prepareDestination():139}()
#36 /home/mhash/Documents/Projects/agilizaimoveis.com/vendor/laravel/framework/src/Illuminate/Foundation/Http/Middleware/ConvertEmptyStringsToNull.php(31): Illuminate\\Foundation\\Http\\Middleware\\TransformsRequest->handle()
#37 /home/mhash/Documents/Projects/agilizaimoveis.com/vendor/laravel/framework/src/Illuminate/Pipeline/Pipeline.php(180): Illuminate\\Foundation\\Http\\Middleware\\ConvertEmptyStringsToNull->handle()
#38 /home/mhash/Documents/Projects/agilizaimoveis.com/vendor/laravel/framework/src/Illuminate/Foundation/Http/Middleware/TransformsRequest.php(21): Illuminate\\Pipeline\\Pipeline->{closure:{closure:Illuminate\\Pipeline\\Pipeline::carry():155}:156}()
#39 /home/mhash/Documents/Projects/agilizaimoveis.com/vendor/laravel/framework/src/Illuminate/Foundation/Http/Middleware/TrimStrings.php(40): Illuminate\\Foundation\\Http\\Middleware\\TransformsRequest->handle()
#40 /home/mhash/Documents/Projects/agilizaimoveis.com/vendor/laravel/framework/src/Illuminate/Pipeline/Pipeline.php(180): Illuminate\\Foundation\\Http\\Middleware\\TrimStrings->handle()
#41 /home/mhash/Documents/Projects/agilizaimoveis.com/vendor/laravel/framework/src/Illuminate/Foundation/Http/Middleware/ValidatePostSize.php(27): Illuminate\\Pipeline\\Pipeline->{closure:{closure:Illuminate\\Pipeline\\Pipeline::carry():155}:156}()
#42 /home/mhash/Documents/Projects/agilizaimoveis.com/vendor/laravel/framework/src/Illuminate/Pipeline/Pipeline.php(180): Illuminate\\Foundation\\Http\\Middleware\\ValidatePostSize->handle()
#43 /home/mhash/Documents/Projects/agilizaimoveis.com/vendor/laravel/framework/src/Illuminate/Foundation/Http/Middleware/PreventRequestsDuringMaintenance.php(86): Illuminate\\Pipeline\\Pipeline->{closure:{closure:Illuminate\\Pipeline\\Pipeline::carry():155}:156}()
#44 /home/mhash/Documents/Projects/agilizaimoveis.com/vendor/laravel/framework/src/Illuminate/Pipeline/Pipeline.php(180): Illuminate\\Foundation\\Http\\Middleware\\PreventRequestsDuringMaintenance->handle()
#45 /home/mhash/Documents/Projects/agilizaimoveis.com/vendor/laravel/framework/src/Illuminate/Http/Middleware/HandleCors.php(49): Illuminate\\Pipeline\\Pipeline->{closure:{closure:Illuminate\\Pipeline\\Pipeline::carry():155}:156}()
#46 /home/mhash/Documents/Projects/agilizaimoveis.com/vendor/laravel/framework/src/Illuminate/Pipeline/Pipeline.php(180): Illuminate\\Http\\Middleware\\HandleCors->handle()
#47 /home/mhash/Documents/Projects/agilizaimoveis.com/vendor/laravel/framework/src/Illuminate/Http/Middleware/TrustProxies.php(39): Illuminate\\Pipeline\\Pipeline->{closure:{closure:Illuminate\\Pipeline\\Pipeline::carry():155}:156}()
#48 /home/mhash/Documents/Projects/agilizaimoveis.com/vendor/laravel/framework/src/Illuminate/Pipeline/Pipeline.php(180): Illuminate\\Http\\Middleware\\TrustProxies->handle()
#49 /home/mhash/Documents/Projects/agilizaimoveis.com/vendor/laravel/framework/src/Illuminate/Pipeline/Pipeline.php(116): Illuminate\\Pipeline\\Pipeline->{closure:{closure:Illuminate\\Pipeline\\Pipeline::carry():155}:156}()
#50 /home/mhash/Documents/Projects/agilizaimoveis.com/vendor/laravel/framework/src/Illuminate/Foundation/Http/Kernel.php(165): Illuminate\\Pipeline\\Pipeline->then()
#51 /home/mhash/Documents/Projects/agilizaimoveis.com/vendor/laravel/framework/src/Illuminate/Foundation/Http/Kernel.php(134): Illuminate\\Foundation\\Http\\Kernel->sendRequestThroughRouter()
#52 /home/mhash/Documents/Projects/agilizaimoveis.com/public/index.php(51): Illuminate\\Foundation\\Http\\Kernel->handle()
#53 /home/mhash/Documents/Projects/agilizaimoveis.com/vendor/laravel/framework/src/Illuminate/Foundation/resources/server.php(16): require_once('...')
#54 {main}

[previous exception] [object] (PDOException(code: 42S22): SQLSTATE[42S22]: Column not found: 1054 Unknown column 'lancamento' in 'where clause' at /home/mhash/Documents/Projects/agilizaimoveis.com/vendor/laravel/framework/src/Illuminate/Database/Connection.php:414)
[stacktrace]
#0 /home/mhash/Documents/Projects/agilizaimoveis.com/vendor/laravel/framework/src/Illuminate/Database/Connection.php(414): PDO->prepare()
#1 /home/mhash/Documents/Projects/agilizaimoveis.com/vendor/laravel/framework/src/Illuminate/Database/Connection.php(753): Illuminate\\Database\\Connection->{closure:Illuminate\\Database\\Connection::select():405}()
#2 /home/mhash/Documents/Projects/agilizaimoveis.com/vendor/laravel/framework/src/Illuminate/Database/Connection.php(720): Illuminate\\Database\\Connection->runQueryCallback()
#3 /home/mhash/Documents/Projects/agilizaimoveis.com/vendor/laravel/framework/src/Illuminate/Database/Connection.php(405): Illuminate\\Database\\Connection->run()
#4 /home/mhash/Documents/Projects/agilizaimoveis.com/vendor/laravel/framework/src/Illuminate/Database/Query/Builder.php(2705): Illuminate\\Database\\Connection->select()
#5 /home/mhash/Documents/Projects/agilizaimoveis.com/vendor/laravel/framework/src/Illuminate/Database/Query/Builder.php(2694): Illuminate\\Database\\Query\\Builder->runSelect()
#6 /home/mhash/Documents/Projects/agilizaimoveis.com/vendor/laravel/framework/src/Illuminate/Database/Query/Builder.php(3230): Illuminate\\Database\\Query\\Builder->{closure:Illuminate\\Database\\Query\\Builder::get():2693}()
#7 /home/mhash/Documents/Projects/agilizaimoveis.com/vendor/laravel/framework/src/Illuminate/Database/Query/Builder.php(2693): Illuminate\\Database\\Query\\Builder->onceWithColumns()
#8 /home/mhash/Documents/Projects/agilizaimoveis.com/vendor/laravel/framework/src/Illuminate/Database/Eloquent/Builder.php(710): Illuminate\\Database\\Query\\Builder->get()
#9 /home/mhash/Documents/Projects/agilizaimoveis.com/vendor/laravel/framework/src/Illuminate/Database/Eloquent/Builder.php(694): Illuminate\\Database\\Eloquent\\Builder->getModels()
#10 /home/mhash/Documents/Projects/agilizaimoveis.com/app/Http/Controllers/HomeController.php(599): Illuminate\\Database\\Eloquent\\Builder->get()
#11 /home/mhash/Documents/Projects/agilizaimoveis.com/vendor/laravel/framework/src/Illuminate/Routing/Controller.php(54): App\\Http\\Controllers\\HomeController->lancamentos()
#12 /home/mhash/Documents/Projects/agilizaimoveis.com/vendor/laravel/framework/src/Illuminate/Routing/ControllerDispatcher.php(43): Illuminate\\Routing\\Controller->callAction()
#13 /home/mhash/Documents/Projects/agilizaimoveis.com/vendor/laravel/framework/src/Illuminate/Routing/Route.php(259): Illuminate\\Routing\\ControllerDispatcher->dispatch()
#14 /home/mhash/Documents/Projects/agilizaimoveis.com/vendor/laravel/framework/src/Illuminate/Routing/Route.php(205): Illuminate\\Routing\\Route->runController()
#15 /home/mhash/Documents/Projects/agilizaimoveis.com/vendor/laravel/framework/src/Illuminate/Routing/Router.php(798): Illuminate\\Routing\\Route->run()
#16 /home/mhash/Documents/Projects/agilizaimoveis.com/vendor/laravel/framework/src/Illuminate/Pipeline/Pipeline.php(141): Illuminate\\Routing\\Router->{closure:Illuminate\\Routing\\Router::runRouteWithinStack():797}()
#17 /home/mhash/Documents/Projects/agilizaimoveis.com/vendor/laravel/framework/src/Illuminate/Routing/Middleware/SubstituteBindings.php(50): Illuminate\\Pipeline\\Pipeline->{closure:Illuminate\\Pipeline\\Pipeline::prepareDestination():139}()
#18 /home/mhash/Documents/Projects/agilizaimoveis.com/vendor/laravel/framework/src/Illuminate/Pipeline/Pipeline.php(180): Illuminate\\Routing\\Middleware\\SubstituteBindings->handle()
#19 /home/mhash/Documents/Projects/agilizaimoveis.com/vendor/laravel/framework/src/Illuminate/Foundation/Http/Middleware/VerifyCsrfToken.php(78): Illuminate\\Pipeline\\Pipeline->{closure:{closure:Illuminate\\Pipeline\\Pipeline::carry():155}:156}()
#20 /home/mhash/Documents/Projects/agilizaimoveis.com/vendor/laravel/framework/src/Illuminate/Pipeline/Pipeline.php(180): Illuminate\\Foundation\\Http\\Middleware\\VerifyCsrfToken->handle()
#21 /home/mhash/Documents/Projects/agilizaimoveis.com/vendor/laravel/framework/src/Illuminate/View/Middleware/ShareErrorsFromSession.php(49): Illuminate\\Pipeline\\Pipeline->{closure:{closure:Illuminate\\Pipeline\\Pipeline::carry():155}:156}()
#22 /home/mhash/Documents/Projects/agilizaimoveis.com/vendor/laravel/framework/src/Illuminate/Pipeline/Pipeline.php(180): Illuminate\\View\\Middleware\\ShareErrorsFromSession->handle()
#23 /home/mhash/Documents/Projects/agilizaimoveis.com/vendor/laravel/framework/src/Illuminate/Session/Middleware/StartSession.php(121): Illuminate\\Pipeline\\Pipeline->{closure:{closure:Illuminate\\Pipeline\\Pipeline::carry():155}:156}()
#24 /home/mhash/Documents/Projects/agilizaimoveis.com/vendor/laravel/framework/src/Illuminate/Session/Middleware/StartSession.php(64): Illuminate\\Session\\Middleware\\StartSession->handleStatefulRequest()
#25 /home/mhash/Documents/Projects/agilizaimoveis.com/vendor/laravel/framework/src/Illuminate/Pipeline/Pipeline.php(180): Illuminate\\Session\\Middleware\\StartSession->handle()
#26 /home/mhash/Documents/Projects/agilizaimoveis.com/vendor/laravel/framework/src/Illuminate/Cookie/Middleware/AddQueuedCookiesToResponse.php(37): Illuminate\\Pipeline\\Pipeline->{closure:{closure:Illuminate\\Pipeline\\Pipeline::carry():155}:156}()
#27 /home/mhash/Documents/Projects/agilizaimoveis.com/vendor/laravel/framework/src/Illuminate/Pipeline/Pipeline.php(180): Illuminate\\Cookie\\Middleware\\AddQueuedCookiesToResponse->handle()
#28 /home/mhash/Documents/Projects/agilizaimoveis.com/vendor/laravel/framework/src/Illuminate/Cookie/Middleware/EncryptCookies.php(67): Illuminate\\Pipeline\\Pipeline->{closure:{closure:Illuminate\\Pipeline\\Pipeline::carry():155}:156}()
#29 /home/mhash/Documents/Projects/agilizaimoveis.com/vendor/laravel/framework/src/Illuminate/Pipeline/Pipeline.php(180): Illuminate\\Cookie\\Middleware\\EncryptCookies->handle()
#30 /home/mhash/Documents/Projects/agilizaimoveis.com/vendor/laravel/framework/src/Illuminate/Pipeline/Pipeline.php(116): Illuminate\\Pipeline\\Pipeline->{closure:{closure:Illuminate\\Pipeline\\Pipeline::carry():155}:156}()
#31 /home/mhash/Documents/Projects/agilizaimoveis.com/vendor/laravel/framework/src/Illuminate/Routing/Router.php(797): Illuminate\\Pipeline\\Pipeline->then()
#32 /home/mhash/Documents/Projects/agilizaimoveis.com/vendor/laravel/framework/src/Illuminate/Routing/Router.php(776): Illuminate\\Routing\\Router->runRouteWithinStack()
#33 /home/mhash/Documents/Projects/agilizaimoveis.com/vendor/laravel/framework/src/Illuminate/Routing/Router.php(740): Illuminate\\Routing\\Router->runRoute()
#34 /home/mhash/Documents/Projects/agilizaimoveis.com/vendor/laravel/framework/src/Illuminate/Routing/Router.php(729): Illuminate\\Routing\\Router->dispatchToRoute()
#35 /home/mhash/Documents/Projects/agilizaimoveis.com/vendor/laravel/framework/src/Illuminate/Foundation/Http/Kernel.php(190): Illuminate\\Routing\\Router->dispatch()
#36 /home/mhash/Documents/Projects/agilizaimoveis.com/vendor/laravel/framework/src/Illuminate/Pipeline/Pipeline.php(141): Illuminate\\Foundation\\Http\\Kernel->{closure:Illuminate\\Foundation\\Http\\Kernel::dispatchToRouter():187}()
#37 /home/mhash/Documents/Projects/agilizaimoveis.com/vendor/laravel/framework/src/Illuminate/Foundation/Http/Middleware/TransformsRequest.php(21): Illuminate\\Pipeline\\Pipeline->{closure:Illuminate\\Pipeline\\Pipeline::prepareDestination():139}()
#38 /home/mhash/Documents/Projects/agilizaimoveis.com/vendor/laravel/framework/src/Illuminate/Foundation/Http/Middleware/ConvertEmptyStringsToNull.php(31): Illuminate\\Foundation\\Http\\Middleware\\TransformsRequest->handle()
#39 /home/mhash/Documents/Projects/agilizaimoveis.com/vendor/laravel/framework/src/Illuminate/Pipeline/Pipeline.php(180): Illuminate\\Foundation\\Http\\Middleware\\ConvertEmptyStringsToNull->handle()
#40 /home/mhash/Documents/Projects/agilizaimoveis.com/vendor/laravel/framework/src/Illuminate/Foundation/Http/Middleware/TransformsRequest.php(21): Illuminate\\Pipeline\\Pipeline->{closure:{closure:Illuminate\\Pipeline\\Pipeline::carry():155}:156}()
#41 /home/mhash/Documents/Projects/agilizaimoveis.com/vendor/laravel/framework/src/Illuminate/Foundation/Http/Middleware/TrimStrings.php(40): Illuminate\\Foundation\\Http\\Middleware\\TransformsRequest->handle()
#42 /home/mhash/Documents/Projects/agilizaimoveis.com/vendor/laravel/framework/src/Illuminate/Pipeline/Pipeline.php(180): Illuminate\\Foundation\\Http\\Middleware\\TrimStrings->handle()
#43 /home/mhash/Documents/Projects/agilizaimoveis.com/vendor/laravel/framework/src/Illuminate/Foundation/Http/Middleware/ValidatePostSize.php(27): Illuminate\\Pipeline\\Pipeline->{closure:{closure:Illuminate\\Pipeline\\Pipeline::carry():155}:156}()
#44 /home/mhash/Documents/Projects/agilizaimoveis.com/vendor/laravel/framework/src/Illuminate/Pipeline/Pipeline.php(180): Illuminate\\Foundation\\Http\\Middleware\\ValidatePostSize->handle()
#45 /home/mhash/Documents/Projects/agilizaimoveis.com/vendor/laravel/framework/src/Illuminate/Foundation/Http/Middleware/PreventRequestsDuringMaintenance.php(86): Illuminate\\Pipeline\\Pipeline->{closure:{closure:Illuminate\\Pipeline\\Pipeline::carry():155}:156}()
#46 /home/mhash/Documents/Projects/agilizaimoveis.com/vendor/laravel/framework/src/Illuminate/Pipeline/Pipeline.php(180): Illuminate\\Foundation\\Http\\Middleware\\PreventRequestsDuringMaintenance->handle()
#47 /home/mhash/Documents/Projects/agilizaimoveis.com/vendor/laravel/framework/src/Illuminate/Http/Middleware/HandleCors.php(49): Illuminate\\Pipeline\\Pipeline->{closure:{closure:Illuminate\\Pipeline\\Pipeline::carry():155}:156}()
#48 /home/mhash/Documents/Projects/agilizaimoveis.com/vendor/laravel/framework/src/Illuminate/Pipeline/Pipeline.php(180): Illuminate\\Http\\Middleware\\HandleCors->handle()
#49 /home/mhash/Documents/Projects/agilizaimoveis.com/vendor/laravel/framework/src/Illuminate/Http/Middleware/TrustProxies.php(39): Illuminate\\Pipeline\\Pipeline->{closure:{closure:Illuminate\\Pipeline\\Pipeline::carry():155}:156}()
#50 /home/mhash/Documents/Projects/agilizaimoveis.com/vendor/laravel/framework/src/Illuminate/Pipeline/Pipeline.php(180): Illuminate\\Http\\Middleware\\TrustProxies->handle()
#51 /home/mhash/Documents/Projects/agilizaimoveis.com/vendor/laravel/framework/src/Illuminate/Pipeline/Pipeline.php(116): Illuminate\\Pipeline\\Pipeline->{closure:{closure:Illuminate\\Pipeline\\Pipeline::carry():155}:156}()
#52 /home/mhash/Documents/Projects/agilizaimoveis.com/vendor/laravel/framework/src/Illuminate/Foundation/Http/Kernel.php(165): Illuminate\\Pipeline\\Pipeline->then()
#53 /home/mhash/Documents/Projects/agilizaimoveis.com/vendor/laravel/framework/src/Illuminate/Foundation/Http/Kernel.php(134): Illuminate\\Foundation\\Http\\Kernel->sendRequestThroughRouter()
#54 /home/mhash/Documents/Projects/agilizaimoveis.com/public/index.php(51): Illuminate\\Foundation\\Http\\Kernel->handle()
#55 /home/mhash/Documents/Projects/agilizaimoveis.com/vendor/laravel/framework/src/Illuminate/Foundation/resources/server.php(16): require_once('...')
#56 {main}
"} 
[2025-11-03 20:18:28] local.ERROR: SQLSTATE[42S22]: Column not found: 1054 Unknown column 'lancamento' in 'where clause' (SQL: select * from `imoveis` where `visibility` = 1 and `lancamento` = 1) {"exception":"[object] (Illuminate\\Database\\QueryException(code: 42S22): SQLSTATE[42S22]: Column not found: 1054 Unknown column 'lancamento' in 'where clause' (SQL: select * from `imoveis` where `visibility` = 1 and `lancamento` = 1) at /home/mhash/Documents/Projects/agilizaimoveis.com/vendor/laravel/framework/src/Illuminate/Database/Connection.php:760)
[stacktrace]
#0 /home/mhash/Documents/Projects/agilizaimoveis.com/vendor/laravel/framework/src/Illuminate/Database/Connection.php(720): Illuminate\\Database\\Connection->runQueryCallback()
#1 /home/mhash/Documents/Projects/agilizaimoveis.com/vendor/laravel/framework/src/Illuminate/Database/Connection.php(405): Illuminate\\Database\\Connection->run()
#2 /home/mhash/Documents/Projects/agilizaimoveis.com/vendor/laravel/framework/src/Illuminate/Database/Query/Builder.php(2705): Illuminate\\Database\\Connection->select()
#3 /home/mhash/Documents/Projects/agilizaimoveis.com/vendor/laravel/framework/src/Illuminate/Database/Query/Builder.php(2694): Illuminate\\Database\\Query\\Builder->runSelect()
#4 /home/mhash/Documents/Projects/agilizaimoveis.com/vendor/laravel/framework/src/Illuminate/Database/Query/Builder.php(3230): Illuminate\\Database\\Query\\Builder->{closure:Illuminate\\Database\\Query\\Builder::get():2693}()
#5 /home/mhash/Documents/Projects/agilizaimoveis.com/vendor/laravel/framework/src/Illuminate/Database/Query/Builder.php(2693): Illuminate\\Database\\Query\\Builder->onceWithColumns()
#6 /home/mhash/Documents/Projects/agilizaimoveis.com/vendor/laravel/framework/src/Illuminate/Database/Eloquent/Builder.php(710): Illuminate\\Database\\Query\\Builder->get()
#7 /home/mhash/Documents/Projects/agilizaimoveis.com/vendor/laravel/framework/src/Illuminate/Database/Eloquent/Builder.php(694): Illuminate\\Database\\Eloquent\\Builder->getModels()
#8 /home/mhash/Documents/Projects/agilizaimoveis.com/app/Http/Controllers/HomeController.php(599): Illuminate\\Database\\Eloquent\\Builder->get()
#9 /home/mhash/Documents/Projects/agilizaimoveis.com/vendor/laravel/framework/src/Illuminate/Routing/Controller.php(54): App\\Http\\Controllers\\HomeController->lancamentos()
#10 /home/mhash/Documents/Projects/agilizaimoveis.com/vendor/laravel/framework/src/Illuminate/Routing/ControllerDispatcher.php(43): Illuminate\\Routing\\Controller->callAction()
#11 /home/mhash/Documents/Projects/agilizaimoveis.com/vendor/laravel/framework/src/Illuminate/Routing/Route.php(259): Illuminate\\Routing\\ControllerDispatcher->dispatch()
#12 /home/mhash/Documents/Projects/agilizaimoveis.com/vendor/laravel/framework/src/Illuminate/Routing/Route.php(205): Illuminate\\Routing\\Route->runController()
#13 /home/mhash/Documents/Projects/agilizaimoveis.com/vendor/laravel/framework/src/Illuminate/Routing/Router.php(798): Illuminate\\Routing\\Route->run()
#14 /home/mhash/Documents/Projects/agilizaimoveis.com/vendor/laravel/framework/src/Illuminate/Pipeline/Pipeline.php(141): Illuminate\\Routing\\Router->{closure:Illuminate\\Routing\\Router::runRouteWithinStack():797}()
#15 /home/mhash/Documents/Projects/agilizaimoveis.com/vendor/laravel/framework/src/Illuminate/Routing/Middleware/SubstituteBindings.php(50): Illuminate\\Pipeline\\Pipeline->{closure:Illuminate\\Pipeline\\Pipeline::prepareDestination():139}()
#16 /home/mhash/Documents/Projects/agilizaimoveis.com/vendor/laravel/framework/src/Illuminate/Pipeline/Pipeline.php(180): Illuminate\\Routing\\Middleware\\SubstituteBindings->handle()
#17 /home/mhash/Documents/Projects/agilizaimoveis.com/vendor/laravel/framework/src/Illuminate/Foundation/Http/Middleware/VerifyCsrfToken.php(78): Illuminate\\Pipeline\\Pipeline->{closure:{closure:Illuminate\\Pipeline\\Pipeline::carry():155}:156}()
#18 /home/mhash/Documents/Projects/agilizaimoveis.com/vendor/laravel/framework/src/Illuminate/Pipeline/Pipeline.php(180): Illuminate\\Foundation\\Http\\Middleware\\VerifyCsrfToken->handle()
#19 /home/mhash/Documents/Projects/agilizaimoveis.com/vendor/laravel/framework/src/Illuminate/View/Middleware/ShareErrorsFromSession.php(49): Illuminate\\Pipeline\\Pipeline->{closure:{closure:Illuminate\\Pipeline\\Pipeline::carry():155}:156}()
#20 /home/mhash/Documents/Projects/agilizaimoveis.com/vendor/laravel/framework/src/Illuminate/Pipeline/Pipeline.php(180): Illuminate\\View\\Middleware\\ShareErrorsFromSession->handle()
#21 /home/mhash/Documents/Projects/agilizaimoveis.com/vendor/laravel/framework/src/Illuminate/Session/Middleware/StartSession.php(121): Illuminate\\Pipeline\\Pipeline->{closure:{closure:Illuminate\\Pipeline\\Pipeline::carry():155}:156}()
#22 /home/mhash/Documents/Projects/agilizaimoveis.com/vendor/laravel/framework/src/Illuminate/Session/Middleware/StartSession.php(64): Illuminate\\Session\\Middleware\\StartSession->handleStatefulRequest()
#23 /home/mhash/Documents/Projects/agilizaimoveis.com/vendor/laravel/framework/src/Illuminate/Pipeline/Pipeline.php(180): Illuminate\\Session\\Middleware\\StartSession->handle()
#24 /home/mhash/Documents/Projects/agilizaimoveis.com/vendor/laravel/framework/src/Illuminate/Cookie/Middleware/AddQueuedCookiesToResponse.php(37): Illuminate\\Pipeline\\Pipeline->{closure:{closure:Illuminate\\Pipeline\\Pipeline::carry():155}:156}()
#25 /home/mhash/Documents/Projects/agilizaimoveis.com/vendor/laravel/framework/src/Illuminate/Pipeline/Pipeline.php(180): Illuminate\\Cookie\\Middleware\\AddQueuedCookiesToResponse->handle()
#26 /home/mhash/Documents/Projects/agilizaimoveis.com/vendor/laravel/framework/src/Illuminate/Cookie/Middleware/EncryptCookies.php(67): Illuminate\\Pipeline\\Pipeline->{closure:{closure:Illuminate\\Pipeline\\Pipeline::carry():155}:156}()
#27 /home/mhash/Documents/Projects/agilizaimoveis.com/vendor/laravel/framework/src/Illuminate/Pipeline/Pipeline.php(180): Illuminate\\Cookie\\Middleware\\EncryptCookies->handle()
#28 /home/mhash/Documents/Projects/agilizaimoveis.com/vendor/laravel/framework/src/Illuminate/Pipeline/Pipeline.php(116): Illuminate\\Pipeline\\Pipeline->{closure:{closure:Illuminate\\Pipeline\\Pipeline::carry():155}:156}()
#29 /home/mhash/Documents/Projects/agilizaimoveis.com/vendor/laravel/framework/src/Illuminate/Routing/Router.php(797): Illuminate\\Pipeline\\Pipeline->then()
#30 /home/mhash/Documents/Projects/agilizaimoveis.com/vendor/laravel/framework/src/Illuminate/Routing/Router.php(776): Illuminate\\Routing\\Router->runRouteWithinStack()
#31 /home/mhash/Documents/Projects/agilizaimoveis.com/vendor/laravel/framework/src/Illuminate/Routing/Router.php(740): Illuminate\\Routing\\Router->runRoute()
#32 /home/mhash/Documents/Projects/agilizaimoveis.com/vendor/laravel/framework/src/Illuminate/Routing/Router.php(729): Illuminate\\Routing\\Router->dispatchToRoute()
#33 /home/mhash/Documents/Projects/agilizaimoveis.com/vendor/laravel/framework/src/Illuminate/Foundation/Http/Kernel.php(190): Illuminate\\Routing\\Router->dispatch()
#34 /home/mhash/Documents/Projects/agilizaimoveis.com/vendor/laravel/framework/src/Illuminate/Pipeline/Pipeline.php(141): Illuminate\\Foundation\\Http\\Kernel->{closure:Illuminate\\Foundation\\Http\\Kernel::dispatchToRouter():187}()
#35 /home/mhash/Documents/Projects/agilizaimoveis.com/vendor/laravel/framework/src/Illuminate/Foundation/Http/Middleware/TransformsRequest.php(21): Illuminate\\Pipeline\\Pipeline->{closure:Illuminate\\Pipeline\\Pipeline::prepareDestination():139}()
#36 /home/mhash/Documents/Projects/agilizaimoveis.com/vendor/laravel/framework/src/Illuminate/Foundation/Http/Middleware/ConvertEmptyStringsToNull.php(31): Illuminate\\Foundation\\Http\\Middleware\\TransformsRequest->handle()
#37 /home/mhash/Documents/Projects/agilizaimoveis.com/vendor/laravel/framework/src/Illuminate/Pipeline/Pipeline.php(180): Illuminate\\Foundation\\Http\\Middleware\\ConvertEmptyStringsToNull->handle()
#38 /home/mhash/Documents/Projects/agilizaimoveis.com/vendor/laravel/framework/src/Illuminate/Foundation/Http/Middleware/TransformsRequest.php(21): Illuminate\\Pipeline\\Pipeline->{closure:{closure:Illuminate\\Pipeline\\Pipeline::carry():155}:156}()
#39 /home/mhash/Documents/Projects/agilizaimoveis.com/vendor/laravel/framework/src/Illuminate/Foundation/Http/Middleware/TrimStrings.php(40): Illuminate\\Foundation\\Http\\Middleware\\TransformsRequest->handle()
#40 /home/mhash/Documents/Projects/agilizaimoveis.com/vendor/laravel/framework/src/Illuminate/Pipeline/Pipeline.php(180): Illuminate\\Foundation\\Http\\Middleware\\TrimStrings->handle()
#41 /home/mhash/Documents/Projects/agilizaimoveis.com/vendor/laravel/framework/src/Illuminate/Foundation/Http/Middleware/ValidatePostSize.php(27): Illuminate\\Pipeline\\Pipeline->{closure:{closure:Illuminate\\Pipeline\\Pipeline::carry():155}:156}()
#42 /home/mhash/Documents/Projects/agilizaimoveis.com/vendor/laravel/framework/src/Illuminate/Pipeline/Pipeline.php(180): Illuminate\\Foundation\\Http\\Middleware\\ValidatePostSize->handle()
#43 /home/mhash/Documents/Projects/agilizaimoveis.com/vendor/laravel/framework/src/Illuminate/Foundation/Http/Middleware/PreventRequestsDuringMaintenance.php(86): Illuminate\\Pipeline\\Pipeline->{closure:{closure:Illuminate\\Pipeline\\Pipeline::carry():155}:156}()
#44 /home/mhash/Documents/Projects/agilizaimoveis.com/vendor/laravel/framework/src/Illuminate/Pipeline/Pipeline.php(180): Illuminate\\Foundation\\Http\\Middleware\\PreventRequestsDuringMaintenance->handle()
#45 /home/mhash/Documents/Projects/agilizaimoveis.com/vendor/laravel/framework/src/Illuminate/Http/Middleware/HandleCors.php(49): Illuminate\\Pipeline\\Pipeline->{closure:{closure:Illuminate\\Pipeline\\Pipeline::carry():155}:156}()
#46 /home/mhash/Documents/Projects/agilizaimoveis.com/vendor/laravel/framework/src/Illuminate/Pipeline/Pipeline.php(180): Illuminate\\Http\\Middleware\\HandleCors->handle()
#47 /home/mhash/Documents/Projects/agilizaimoveis.com/vendor/laravel/framework/src/Illuminate/Http/Middleware/TrustProxies.php(39): Illuminate\\Pipeline\\Pipeline->{closure:{closure:Illuminate\\Pipeline\\Pipeline::carry():155}:156}()
#48 /home/mhash/Documents/Projects/agilizaimoveis.com/vendor/laravel/framework/src/Illuminate/Pipeline/Pipeline.php(180): Illuminate\\Http\\Middleware\\TrustProxies->handle()
#49 /home/mhash/Documents/Projects/agilizaimoveis.com/vendor/laravel/framework/src/Illuminate/Pipeline/Pipeline.php(116): Illuminate\\Pipeline\\Pipeline->{closure:{closure:Illuminate\\Pipeline\\Pipeline::carry():155}:156}()
#50 /home/mhash/Documents/Projects/agilizaimoveis.com/vendor/laravel/framework/src/Illuminate/Foundation/Http/Kernel.php(165): Illuminate\\Pipeline\\Pipeline->then()
#51 /home/mhash/Documents/Projects/agilizaimoveis.com/vendor/laravel/framework/src/Illuminate/Foundation/Http/Kernel.php(134): Illuminate\\Foundation\\Http\\Kernel->sendRequestThroughRouter()
#52 /home/mhash/Documents/Projects/agilizaimoveis.com/public/index.php(51): Illuminate\\Foundation\\Http\\Kernel->handle()
#53 /home/mhash/Documents/Projects/agilizaimoveis.com/vendor/laravel/framework/src/Illuminate/Foundation/resources/server.php(16): require_once('...')
#54 {main}

[previous exception] [object] (PDOException(code: 42S22): SQLSTATE[42S22]: Column not found: 1054 Unknown column 'lancamento' in 'where clause' at /home/mhash/Documents/Projects/agilizaimoveis.com/vendor/laravel/framework/src/Illuminate/Database/Connection.php:414)
[stacktrace]
#0 /home/mhash/Documents/Projects/agilizaimoveis.com/vendor/laravel/framework/src/Illuminate/Database/Connection.php(414): PDO->prepare()
#1 /home/mhash/Documents/Projects/agilizaimoveis.com/vendor/laravel/framework/src/Illuminate/Database/Connection.php(753): Illuminate\\Database\\Connection->{closure:Illuminate\\Database\\Connection::select():405}()
#2 /home/mhash/Documents/Projects/agilizaimoveis.com/vendor/laravel/framework/src/Illuminate/Database/Connection.php(720): Illuminate\\Database\\Connection->runQueryCallback()
#3 /home/mhash/Documents/Projects/agilizaimoveis.com/vendor/laravel/framework/src/Illuminate/Database/Connection.php(405): Illuminate\\Database\\Connection->run()
#4 /home/mhash/Documents/Projects/agilizaimoveis.com/vendor/laravel/framework/src/Illuminate/Database/Query/Builder.php(2705): Illuminate\\Database\\Connection->select()
#5 /home/mhash/Documents/Projects/agilizaimoveis.com/vendor/laravel/framework/src/Illuminate/Database/Query/Builder.php(2694): Illuminate\\Database\\Query\\Builder->runSelect()
#6 /home/mhash/Documents/Projects/agilizaimoveis.com/vendor/laravel/framework/src/Illuminate/Database/Query/Builder.php(3230): Illuminate\\Database\\Query\\Builder->{closure:Illuminate\\Database\\Query\\Builder::get():2693}()
#7 /home/mhash/Documents/Projects/agilizaimoveis.com/vendor/laravel/framework/src/Illuminate/Database/Query/Builder.php(2693): Illuminate\\Database\\Query\\Builder->onceWithColumns()
#8 /home/mhash/Documents/Projects/agilizaimoveis.com/vendor/laravel/framework/src/Illuminate/Database/Eloquent/Builder.php(710): Illuminate\\Database\\Query\\Builder->get()
#9 /home/mhash/Documents/Projects/agilizaimoveis.com/vendor/laravel/framework/src/Illuminate/Database/Eloquent/Builder.php(694): Illuminate\\Database\\Eloquent\\Builder->getModels()
#10 /home/mhash/Documents/Projects/agilizaimoveis.com/app/Http/Controllers/HomeController.php(599): Illuminate\\Database\\Eloquent\\Builder->get()
#11 /home/mhash/Documents/Projects/agilizaimoveis.com/vendor/laravel/framework/src/Illuminate/Routing/Controller.php(54): App\\Http\\Controllers\\HomeController->lancamentos()
#12 /home/mhash/Documents/Projects/agilizaimoveis.com/vendor/laravel/framework/src/Illuminate/Routing/ControllerDispatcher.php(43): Illuminate\\Routing\\Controller->callAction()
#13 /home/mhash/Documents/Projects/agilizaimoveis.com/vendor/laravel/framework/src/Illuminate/Routing/Route.php(259): Illuminate\\Routing\\ControllerDispatcher->dispatch()
#14 /home/mhash/Documents/Projects/agilizaimoveis.com/vendor/laravel/framework/src/Illuminate/Routing/Route.php(205): Illuminate\\Routing\\Route->runController()
#15 /home/mhash/Documents/Projects/agilizaimoveis.com/vendor/laravel/framework/src/Illuminate/Routing/Router.php(798): Illuminate\\Routing\\Route->run()
#16 /home/mhash/Documents/Projects/agilizaimoveis.com/vendor/laravel/framework/src/Illuminate/Pipeline/Pipeline.php(141): Illuminate\\Routing\\Router->{closure:Illuminate\\Routing\\Router::runRouteWithinStack():797}()
#17 /home/mhash/Documents/Projects/agilizaimoveis.com/vendor/laravel/framework/src/Illuminate/Routing/Middleware/SubstituteBindings.php(50): Illuminate\\Pipeline\\Pipeline->{closure:Illuminate\\Pipeline\\Pipeline::prepareDestination():139}()
#18 /home/mhash/Documents/Projects/agilizaimoveis.com/vendor/laravel/framework/src/Illuminate/Pipeline/Pipeline.php(180): Illuminate\\Routing\\Middleware\\SubstituteBindings->handle()
#19 /home/mhash/Documents/Projects/agilizaimoveis.com/vendor/laravel/framework/src/Illuminate/Foundation/Http/Middleware/VerifyCsrfToken.php(78): Illuminate\\Pipeline\\Pipeline->{closure:{closure:Illuminate\\Pipeline\\Pipeline::carry():155}:156}()
#20 /home/mhash/Documents/Projects/agilizaimoveis.com/vendor/laravel/framework/src/Illuminate/Pipeline/Pipeline.php(180): Illuminate\\Foundation\\Http\\Middleware\\VerifyCsrfToken->handle()
#21 /home/mhash/Documents/Projects/agilizaimoveis.com/vendor/laravel/framework/src/Illuminate/View/Middleware/ShareErrorsFromSession.php(49): Illuminate\\Pipeline\\Pipeline->{closure:{closure:Illuminate\\Pipeline\\Pipeline::carry():155}:156}()
#22 /home/mhash/Documents/Projects/agilizaimoveis.com/vendor/laravel/framework/src/Illuminate/Pipeline/Pipeline.php(180): Illuminate\\View\\Middleware\\ShareErrorsFromSession->handle()
#23 /home/mhash/Documents/Projects/agilizaimoveis.com/vendor/laravel/framework/src/Illuminate/Session/Middleware/StartSession.php(121): Illuminate\\Pipeline\\Pipeline->{closure:{closure:Illuminate\\Pipeline\\Pipeline::carry():155}:156}()
#24 /home/mhash/Documents/Projects/agilizaimoveis.com/vendor/laravel/framework/src/Illuminate/Session/Middleware/StartSession.php(64): Illuminate\\Session\\Middleware\\StartSession->handleStatefulRequest()
#25 /home/mhash/Documents/Projects/agilizaimoveis.com/vendor/laravel/framework/src/Illuminate/Pipeline/Pipeline.php(180): Illuminate\\Session\\Middleware\\StartSession->handle()
#26 /home/mhash/Documents/Projects/agilizaimoveis.com/vendor/laravel/framework/src/Illuminate/Cookie/Middleware/AddQueuedCookiesToResponse.php(37): Illuminate\\Pipeline\\Pipeline->{closure:{closure:Illuminate\\Pipeline\\Pipeline::carry():155}:156}()
#27 /home/mhash/Documents/Projects/agilizaimoveis.com/vendor/laravel/framework/src/Illuminate/Pipeline/Pipeline.php(180): Illuminate\\Cookie\\Middleware\\AddQueuedCookiesToResponse->handle()
#28 /home/mhash/Documents/Projects/agilizaimoveis.com/vendor/laravel/framework/src/Illuminate/Cookie/Middleware/EncryptCookies.php(67): Illuminate\\Pipeline\\Pipeline->{closure:{closure:Illuminate\\Pipeline\\Pipeline::carry():155}:156}()
#29 /home/mhash/Documents/Projects/agilizaimoveis.com/vendor/laravel/framework/src/Illuminate/Pipeline/Pipeline.php(180): Illuminate\\Cookie\\Middleware\\EncryptCookies->handle()
#30 /home/mhash/Documents/Projects/agilizaimoveis.com/vendor/laravel/framework/src/Illuminate/Pipeline/Pipeline.php(116): Illuminate\\Pipeline\\Pipeline->{closure:{closure:Illuminate\\Pipeline\\Pipeline::carry():155}:156}()
#31 /home/mhash/Documents/Projects/agilizaimoveis.com/vendor/laravel/framework/src/Illuminate/Routing/Router.php(797): Illuminate\\Pipeline\\Pipeline->then()
#32 /home/mhash/Documents/Projects/agilizaimoveis.com/vendor/laravel/framework/src/Illuminate/Routing/Router.php(776): Illuminate\\Routing\\Router->runRouteWithinStack()
#33 /home/mhash/Documents/Projects/agilizaimoveis.com/vendor/laravel/framework/src/Illuminate/Routing/Router.php(740): Illuminate\\Routing\\Router->runRoute()
#34 /home/mhash/Documents/Projects/agilizaimoveis.com/vendor/laravel/framework/src/Illuminate/Routing/Router.php(729): Illuminate\\Routing\\Router->dispatchToRoute()
#35 /home/mhash/Documents/Projects/agilizaimoveis.com/vendor/laravel/framework/src/Illuminate/Foundation/Http/Kernel.php(190): Illuminate\\Routing\\Router->dispatch()
#36 /home/mhash/Documents/Projects/agilizaimoveis.com/vendor/laravel/framework/src/Illuminate/Pipeline/Pipeline.php(141): Illuminate\\Foundation\\Http\\Kernel->{closure:Illuminate\\Foundation\\Http\\Kernel::dispatchToRouter():187}()
#37 /home/mhash/Documents/Projects/agilizaimoveis.com/vendor/laravel/framework/src/Illuminate/Foundation/Http/Middleware/TransformsRequest.php(21): Illuminate\\Pipeline\\Pipeline->{closure:Illuminate\\Pipeline\\Pipeline::prepareDestination():139}()
#38 /home/mhash/Documents/Projects/agilizaimoveis.com/vendor/laravel/framework/src/Illuminate/Foundation/Http/Middleware/ConvertEmptyStringsToNull.php(31): Illuminate\\Foundation\\Http\\Middleware\\TransformsRequest->handle()
#39 /home/mhash/Documents/Projects/agilizaimoveis.com/vendor/laravel/framework/src/Illuminate/Pipeline/Pipeline.php(180): Illuminate\\Foundation\\Http\\Middleware\\ConvertEmptyStringsToNull->handle()
#40 /home/mhash/Documents/Projects/agilizaimoveis.com/vendor/laravel/framework/src/Illuminate/Foundation/Http/Middleware/TransformsRequest.php(21): Illuminate\\Pipeline\\Pipeline->{closure:{closure:Illuminate\\Pipeline\\Pipeline::carry():155}:156}()
#41 /home/mhash/Documents/Projects/agilizaimoveis.com/vendor/laravel/framework/src/Illuminate/Foundation/Http/Middleware/TrimStrings.php(40): Illuminate\\Foundation\\Http\\Middleware\\TransformsRequest->handle()
#42 /home/mhash/Documents/Projects/agilizaimoveis.com/vendor/laravel/framework/src/Illuminate/Pipeline/Pipeline.php(180): Illuminate\\Foundation\\Http\\Middleware\\TrimStrings->handle()
#43 /home/mhash/Documents/Projects/agilizaimoveis.com/vendor/laravel/framework/src/Illuminate/Foundation/Http/Middleware/ValidatePostSize.php(27): Illuminate\\Pipeline\\Pipeline->{closure:{closure:Illuminate\\Pipeline\\Pipeline::carry():155}:156}()
#44 /home/mhash/Documents/Projects/agilizaimoveis.com/vendor/laravel/framework/src/Illuminate/Pipeline/Pipeline.php(180): Illuminate\\Foundation\\Http\\Middleware\\ValidatePostSize->handle()
#45 /home/mhash/Documents/Projects/agilizaimoveis.com/vendor/laravel/framework/src/Illuminate/Foundation/Http/Middleware/PreventRequestsDuringMaintenance.php(86): Illuminate\\Pipeline\\Pipeline->{closure:{closure:Illuminate\\Pipeline\\Pipeline::carry():155}:156}()
#46 /home/mhash/Documents/Projects/agilizaimoveis.com/vendor/laravel/framework/src/Illuminate/Pipeline/Pipeline.php(180): Illuminate\\Foundation\\Http\\Middleware\\PreventRequestsDuringMaintenance->handle()
#47 /home/mhash/Documents/Projects/agilizaimoveis.com/vendor/laravel/framework/src/Illuminate/Http/Middleware/HandleCors.php(49): Illuminate\\Pipeline\\Pipeline->{closure:{closure:Illuminate\\Pipeline\\Pipeline::carry():155}:156}()
#48 /home/mhash/Documents/Projects/agilizaimoveis.com/vendor/laravel/framework/src/Illuminate/Pipeline/Pipeline.php(180): Illuminate\\Http\\Middleware\\HandleCors->handle()
#49 /home/mhash/Documents/Projects/agilizaimoveis.com/vendor/laravel/framework/src/Illuminate/Http/Middleware/TrustProxies.php(39): Illuminate\\Pipeline\\Pipeline->{closure:{closure:Illuminate\\Pipeline\\Pipeline::carry():155}:156}()
#50 /home/mhash/Documents/Projects/agilizaimoveis.com/vendor/laravel/framework/src/Illuminate/Pipeline/Pipeline.php(180): Illuminate\\Http\\Middleware\\TrustProxies->handle()
#51 /home/mhash/Documents/Projects/agilizaimoveis.com/vendor/laravel/framework/src/Illuminate/Pipeline/Pipeline.php(116): Illuminate\\Pipeline\\Pipeline->{closure:{closure:Illuminate\\Pipeline\\Pipeline::carry():155}:156}()
#52 /home/mhash/Documents/Projects/agilizaimoveis.com/vendor/laravel/framework/src/Illuminate/Foundation/Http/Kernel.php(165): Illuminate\\Pipeline\\Pipeline->then()
#53 /home/mhash/Documents/Projects/agilizaimoveis.com/vendor/laravel/framework/src/Illuminate/Foundation/Http/Kernel.php(134): Illuminate\\Foundation\\Http\\Kernel->sendRequestThroughRouter()
#54 /home/mhash/Documents/Projects/agilizaimoveis.com/public/index.php(51): Illuminate\\Foundation\\Http\\Kernel->handle()
#55 /home/mhash/Documents/Projects/agilizaimoveis.com/vendor/laravel/framework/src/Illuminate/Foundation/resources/server.php(16): require_once('...')
#56 {main}
"} 
[2025-11-03 20:21:13] local.ERROR: SQLSTATE[42S02]: Base table or view not found: 1146 Table 'agilizaimoveis.posts' doesn't exist (SQL: select * from `posts` where `posts`.`id` = 1 limit 1) {"exception":"[object] (Illuminate\\Database\\QueryException(code: 42S02): SQLSTATE[42S02]: Base table or view not found: 1146 Table 'agilizaimoveis.posts' doesn't exist (SQL: select * from `posts` where `posts`.`id` = 1 limit 1) at /home/mhash/Documents/Projects/agilizaimoveis.com/vendor/laravel/framework/src/Illuminate/Database/Connection.php:760)
[stacktrace]
#0 /home/mhash/Documents/Projects/agilizaimoveis.com/vendor/laravel/framework/src/Illuminate/Database/Connection.php(720): Illuminate\\Database\\Connection->runQueryCallback()
#1 /home/mhash/Documents/Projects/agilizaimoveis.com/vendor/laravel/framework/src/Illuminate/Database/Connection.php(405): Illuminate\\Database\\Connection->run()
#2 /home/mhash/Documents/Projects/agilizaimoveis.com/vendor/laravel/framework/src/Illuminate/Database/Query/Builder.php(2705): Illuminate\\Database\\Connection->select()
#3 /home/mhash/Documents/Projects/agilizaimoveis.com/vendor/laravel/framework/src/Illuminate/Database/Query/Builder.php(2694): Illuminate\\Database\\Query\\Builder->runSelect()
#4 /home/mhash/Documents/Projects/agilizaimoveis.com/vendor/laravel/framework/src/Illuminate/Database/Query/Builder.php(3230): Illuminate\\Database\\Query\\Builder->{closure:Illuminate\\Database\\Query\\Builder::get():2693}()
#5 /home/mhash/Documents/Projects/agilizaimoveis.com/vendor/laravel/framework/src/Illuminate/Database/Query/Builder.php(2693): Illuminate\\Database\\Query\\Builder->onceWithColumns()
#6 /home/mhash/Documents/Projects/agilizaimoveis.com/vendor/laravel/framework/src/Illuminate/Database/Eloquent/Builder.php(710): Illuminate\\Database\\Query\\Builder->get()
#7 /home/mhash/Documents/Projects/agilizaimoveis.com/vendor/laravel/framework/src/Illuminate/Database/Eloquent/Builder.php(694): Illuminate\\Database\\Eloquent\\Builder->getModels()
#8 /home/mhash/Documents/Projects/agilizaimoveis.com/vendor/laravel/framework/src/Illuminate/Database/Concerns/BuildsQueries.php(296): Illuminate\\Database\\Eloquent\\Builder->get()
#9 /home/mhash/Documents/Projects/agilizaimoveis.com/vendor/laravel/framework/src/Illuminate/Database/Eloquent/Builder.php(442): Illuminate\\Database\\Eloquent\\Builder->first()
#10 /home/mhash/Documents/Projects/agilizaimoveis.com/vendor/laravel/framework/src/Illuminate/Support/Traits/ForwardsCalls.php(23): Illuminate\\Database\\Eloquent\\Builder->find()
#11 /home/mhash/Documents/Projects/agilizaimoveis.com/vendor/laravel/framework/src/Illuminate/Database/Eloquent/Model.php(2330): Illuminate\\Database\\Eloquent\\Model->forwardCallTo()
#12 /home/mhash/Documents/Projects/agilizaimoveis.com/vendor/laravel/framework/src/Illuminate/Database/Eloquent/Model.php(2342): Illuminate\\Database\\Eloquent\\Model->__call()
#13 /home/mhash/Documents/Projects/agilizaimoveis.com/app/Http/Controllers/HomeController.php(57): Illuminate\\Database\\Eloquent\\Model::__callStatic()
#14 /home/mhash/Documents/Projects/agilizaimoveis.com/vendor/laravel/framework/src/Illuminate/Routing/Controller.php(54): App\\Http\\Controllers\\HomeController->index()
#15 /home/mhash/Documents/Projects/agilizaimoveis.com/vendor/laravel/framework/src/Illuminate/Routing/ControllerDispatcher.php(43): Illuminate\\Routing\\Controller->callAction()
#16 /home/mhash/Documents/Projects/agilizaimoveis.com/vendor/laravel/framework/src/Illuminate/Routing/Route.php(259): Illuminate\\Routing\\ControllerDispatcher->dispatch()
#17 /home/mhash/Documents/Projects/agilizaimoveis.com/vendor/laravel/framework/src/Illuminate/Routing/Route.php(205): Illuminate\\Routing\\Route->runController()
#18 /home/mhash/Documents/Projects/agilizaimoveis.com/vendor/laravel/framework/src/Illuminate/Routing/Router.php(798): Illuminate\\Routing\\Route->run()
#19 /home/mhash/Documents/Projects/agilizaimoveis.com/vendor/laravel/framework/src/Illuminate/Pipeline/Pipeline.php(141): Illuminate\\Routing\\Router->{closure:Illuminate\\Routing\\Router::runRouteWithinStack():797}()
#20 /home/mhash/Documents/Projects/agilizaimoveis.com/vendor/laravel/framework/src/Illuminate/Routing/Middleware/SubstituteBindings.php(50): Illuminate\\Pipeline\\Pipeline->{closure:Illuminate\\Pipeline\\Pipeline::prepareDestination():139}()
#21 /home/mhash/Documents/Projects/agilizaimoveis.com/vendor/laravel/framework/src/Illuminate/Pipeline/Pipeline.php(180): Illuminate\\Routing\\Middleware\\SubstituteBindings->handle()
#22 /home/mhash/Documents/Projects/agilizaimoveis.com/vendor/laravel/framework/src/Illuminate/Foundation/Http/Middleware/VerifyCsrfToken.php(78): Illuminate\\Pipeline\\Pipeline->{closure:{closure:Illuminate\\Pipeline\\Pipeline::carry():155}:156}()
#23 /home/mhash/Documents/Projects/agilizaimoveis.com/vendor/laravel/framework/src/Illuminate/Pipeline/Pipeline.php(180): Illuminate\\Foundation\\Http\\Middleware\\VerifyCsrfToken->handle()
#24 /home/mhash/Documents/Projects/agilizaimoveis.com/vendor/laravel/framework/src/Illuminate/View/Middleware/ShareErrorsFromSession.php(49): Illuminate\\Pipeline\\Pipeline->{closure:{closure:Illuminate\\Pipeline\\Pipeline::carry():155}:156}()
#25 /home/mhash/Documents/Projects/agilizaimoveis.com/vendor/laravel/framework/src/Illuminate/Pipeline/Pipeline.php(180): Illuminate\\View\\Middleware\\ShareErrorsFromSession->handle()
#26 /home/mhash/Documents/Projects/agilizaimoveis.com/vendor/laravel/framework/src/Illuminate/Session/Middleware/StartSession.php(121): Illuminate\\Pipeline\\Pipeline->{closure:{closure:Illuminate\\Pipeline\\Pipeline::carry():155}:156}()
#27 /home/mhash/Documents/Projects/agilizaimoveis.com/vendor/laravel/framework/src/Illuminate/Session/Middleware/StartSession.php(64): Illuminate\\Session\\Middleware\\StartSession->handleStatefulRequest()
#28 /home/mhash/Documents/Projects/agilizaimoveis.com/vendor/laravel/framework/src/Illuminate/Pipeline/Pipeline.php(180): Illuminate\\Session\\Middleware\\StartSession->handle()
#29 /home/mhash/Documents/Projects/agilizaimoveis.com/vendor/laravel/framework/src/Illuminate/Cookie/Middleware/AddQueuedCookiesToResponse.php(37): Illuminate\\Pipeline\\Pipeline->{closure:{closure:Illuminate\\Pipeline\\Pipeline::carry():155}:156}()
#30 /home/mhash/Documents/Projects/agilizaimoveis.com/vendor/laravel/framework/src/Illuminate/Pipeline/Pipeline.php(180): Illuminate\\Cookie\\Middleware\\AddQueuedCookiesToResponse->handle()
#31 /home/mhash/Documents/Projects/agilizaimoveis.com/vendor/laravel/framework/src/Illuminate/Cookie/Middleware/EncryptCookies.php(67): Illuminate\\Pipeline\\Pipeline->{closure:{closure:Illuminate\\Pipeline\\Pipeline::carry():155}:156}()
#32 /home/mhash/Documents/Projects/agilizaimoveis.com/vendor/laravel/framework/src/Illuminate/Pipeline/Pipeline.php(180): Illuminate\\Cookie\\Middleware\\EncryptCookies->handle()
#33 /home/mhash/Documents/Projects/agilizaimoveis.com/vendor/laravel/framework/src/Illuminate/Pipeline/Pipeline.php(116): Illuminate\\Pipeline\\Pipeline->{closure:{closure:Illuminate\\Pipeline\\Pipeline::carry():155}:156}()
#34 /home/mhash/Documents/Projects/agilizaimoveis.com/vendor/laravel/framework/src/Illuminate/Routing/Router.php(797): Illuminate\\Pipeline\\Pipeline->then()
#35 /home/mhash/Documents/Projects/agilizaimoveis.com/vendor/laravel/framework/src/Illuminate/Routing/Router.php(776): Illuminate\\Routing\\Router->runRouteWithinStack()
#36 /home/mhash/Documents/Projects/agilizaimoveis.com/vendor/laravel/framework/src/Illuminate/Routing/Router.php(740): Illuminate\\Routing\\Router->runRoute()
#37 /home/mhash/Documents/Projects/agilizaimoveis.com/vendor/laravel/framework/src/Illuminate/Routing/Router.php(729): Illuminate\\Routing\\Router->dispatchToRoute()
#38 /home/mhash/Documents/Projects/agilizaimoveis.com/vendor/laravel/framework/src/Illuminate/Foundation/Http/Kernel.php(190): Illuminate\\Routing\\Router->dispatch()
#39 /home/mhash/Documents/Projects/agilizaimoveis.com/vendor/laravel/framework/src/Illuminate/Pipeline/Pipeline.php(141): Illuminate\\Foundation\\Http\\Kernel->{closure:Illuminate\\Foundation\\Http\\Kernel::dispatchToRouter():187}()
#40 /home/mhash/Documents/Projects/agilizaimoveis.com/vendor/laravel/framework/src/Illuminate/Foundation/Http/Middleware/TransformsRequest.php(21): Illuminate\\Pipeline\\Pipeline->{closure:Illuminate\\Pipeline\\Pipeline::prepareDestination():139}()
#41 /home/mhash/Documents/Projects/agilizaimoveis.com/vendor/laravel/framework/src/Illuminate/Foundation/Http/Middleware/ConvertEmptyStringsToNull.php(31): Illuminate\\Foundation\\Http\\Middleware\\TransformsRequest->handle()
#42 /home/mhash/Documents/Projects/agilizaimoveis.com/vendor/laravel/framework/src/Illuminate/Pipeline/Pipeline.php(180): Illuminate\\Foundation\\Http\\Middleware\\ConvertEmptyStringsToNull->handle()
#43 /home/mhash/Documents/Projects/agilizaimoveis.com/vendor/laravel/framework/src/Illuminate/Foundation/Http/Middleware/TransformsRequest.php(21): Illuminate\\Pipeline\\Pipeline->{closure:{closure:Illuminate\\Pipeline\\Pipeline::carry():155}:156}()
#44 /home/mhash/Documents/Projects/agilizaimoveis.com/vendor/laravel/framework/src/Illuminate/Foundation/Http/Middleware/TrimStrings.php(40): Illuminate\\Foundation\\Http\\Middleware\\TransformsRequest->handle()
#45 /home/mhash/Documents/Projects/agilizaimoveis.com/vendor/laravel/framework/src/Illuminate/Pipeline/Pipeline.php(180): Illuminate\\Foundation\\Http\\Middleware\\TrimStrings->handle()
#46 /home/mhash/Documents/Projects/agilizaimoveis.com/vendor/laravel/framework/src/Illuminate/Foundation/Http/Middleware/ValidatePostSize.php(27): Illuminate\\Pipeline\\Pipeline->{closure:{closure:Illuminate\\Pipeline\\Pipeline::carry():155}:156}()
#47 /home/mhash/Documents/Projects/agilizaimoveis.com/vendor/laravel/framework/src/Illuminate/Pipeline/Pipeline.php(180): Illuminate\\Foundation\\Http\\Middleware\\ValidatePostSize->handle()
#48 /home/mhash/Documents/Projects/agilizaimoveis.com/vendor/laravel/framework/src/Illuminate/Foundation/Http/Middleware/PreventRequestsDuringMaintenance.php(86): Illuminate\\Pipeline\\Pipeline->{closure:{closure:Illuminate\\Pipeline\\Pipeline::carry():155}:156}()
#49 /home/mhash/Documents/Projects/agilizaimoveis.com/vendor/laravel/framework/src/Illuminate/Pipeline/Pipeline.php(180): Illuminate\\Foundation\\Http\\Middleware\\PreventRequestsDuringMaintenance->handle()
#50 /home/mhash/Documents/Projects/agilizaimoveis.com/vendor/laravel/framework/src/Illuminate/Http/Middleware/HandleCors.php(49): Illuminate\\Pipeline\\Pipeline->{closure:{closure:Illuminate\\Pipeline\\Pipeline::carry():155}:156}()
#51 /home/mhash/Documents/Projects/agilizaimoveis.com/vendor/laravel/framework/src/Illuminate/Pipeline/Pipeline.php(180): Illuminate\\Http\\Middleware\\HandleCors->handle()
#52 /home/mhash/Documents/Projects/agilizaimoveis.com/vendor/laravel/framework/src/Illuminate/Http/Middleware/TrustProxies.php(39): Illuminate\\Pipeline\\Pipeline->{closure:{closure:Illuminate\\Pipeline\\Pipeline::carry():155}:156}()
#53 /home/mhash/Documents/Projects/agilizaimoveis.com/vendor/laravel/framework/src/Illuminate/Pipeline/Pipeline.php(180): Illuminate\\Http\\Middleware\\TrustProxies->handle()
#54 /home/mhash/Documents/Projects/agilizaimoveis.com/vendor/laravel/framework/src/Illuminate/Pipeline/Pipeline.php(116): Illuminate\\Pipeline\\Pipeline->{closure:{closure:Illuminate\\Pipeline\\Pipeline::carry():155}:156}()
#55 /home/mhash/Documents/Projects/agilizaimoveis.com/vendor/laravel/framework/src/Illuminate/Foundation/Http/Kernel.php(165): Illuminate\\Pipeline\\Pipeline->then()
#56 /home/mhash/Documents/Projects/agilizaimoveis.com/vendor/laravel/framework/src/Illuminate/Foundation/Http/Kernel.php(134): Illuminate\\Foundation\\Http\\Kernel->sendRequestThroughRouter()
#57 /home/mhash/Documents/Projects/agilizaimoveis.com/public/index.php(51): Illuminate\\Foundation\\Http\\Kernel->handle()
#58 /home/mhash/Documents/Projects/agilizaimoveis.com/vendor/laravel/framework/src/Illuminate/Foundation/resources/server.php(16): require_once('...')
#59 {main}

[previous exception] [object] (PDOException(code: 42S02): SQLSTATE[42S02]: Base table or view not found: 1146 Table 'agilizaimoveis.posts' doesn't exist at /home/mhash/Documents/Projects/agilizaimoveis.com/vendor/laravel/framework/src/Illuminate/Database/Connection.php:414)
[stacktrace]
#0 /home/mhash/Documents/Projects/agilizaimoveis.com/vendor/laravel/framework/src/Illuminate/Database/Connection.php(414): PDO->prepare()
#1 /home/mhash/Documents/Projects/agilizaimoveis.com/vendor/laravel/framework/src/Illuminate/Database/Connection.php(753): Illuminate\\Database\\Connection->{closure:Illuminate\\Database\\Connection::select():405}()
#2 /home/mhash/Documents/Projects/agilizaimoveis.com/vendor/laravel/framework/src/Illuminate/Database/Connection.php(720): Illuminate\\Database\\Connection->runQueryCallback()
#3 /home/mhash/Documents/Projects/agilizaimoveis.com/vendor/laravel/framework/src/Illuminate/Database/Connection.php(405): Illuminate\\Database\\Connection->run()
#4 /home/mhash/Documents/Projects/agilizaimoveis.com/vendor/laravel/framework/src/Illuminate/Database/Query/Builder.php(2705): Illuminate\\Database\\Connection->select()
#5 /home/mhash/Documents/Projects/agilizaimoveis.com/vendor/laravel/framework/src/Illuminate/Database/Query/Builder.php(2694): Illuminate\\Database\\Query\\Builder->runSelect()
#6 /home/mhash/Documents/Projects/agilizaimoveis.com/vendor/laravel/framework/src/Illuminate/Database/Query/Builder.php(3230): Illuminate\\Database\\Query\\Builder->{closure:Illuminate\\Database\\Query\\Builder::get():2693}()
#7 /home/mhash/Documents/Projects/agilizaimoveis.com/vendor/laravel/framework/src/Illuminate/Database/Query/Builder.php(2693): Illuminate\\Database\\Query\\Builder->onceWithColumns()
#8 /home/mhash/Documents/Projects/agilizaimoveis.com/vendor/laravel/framework/src/Illuminate/Database/Eloquent/Builder.php(710): Illuminate\\Database\\Query\\Builder->get()
#9 /home/mhash/Documents/Projects/agilizaimoveis.com/vendor/laravel/framework/src/Illuminate/Database/Eloquent/Builder.php(694): Illuminate\\Database\\Eloquent\\Builder->getModels()
#10 /home/mhash/Documents/Projects/agilizaimoveis.com/vendor/laravel/framework/src/Illuminate/Database/Concerns/BuildsQueries.php(296): Illuminate\\Database\\Eloquent\\Builder->get()
#11 /home/mhash/Documents/Projects/agilizaimoveis.com/vendor/laravel/framework/src/Illuminate/Database/Eloquent/Builder.php(442): Illuminate\\Database\\Eloquent\\Builder->first()
#12 /home/mhash/Documents/Projects/agilizaimoveis.com/vendor/laravel/framework/src/Illuminate/Support/Traits/ForwardsCalls.php(23): Illuminate\\Database\\Eloquent\\Builder->find()
#13 /home/mhash/Documents/Projects/agilizaimoveis.com/vendor/laravel/framework/src/Illuminate/Database/Eloquent/Model.php(2330): Illuminate\\Database\\Eloquent\\Model->forwardCallTo()
#14 /home/mhash/Documents/Projects/agilizaimoveis.com/vendor/laravel/framework/src/Illuminate/Database/Eloquent/Model.php(2342): Illuminate\\Database\\Eloquent\\Model->__call()
#15 /home/mhash/Documents/Projects/agilizaimoveis.com/app/Http/Controllers/HomeController.php(57): Illuminate\\Database\\Eloquent\\Model::__callStatic()
#16 /home/mhash/Documents/Projects/agilizaimoveis.com/vendor/laravel/framework/src/Illuminate/Routing/Controller.php(54): App\\Http\\Controllers\\HomeController->index()
#17 /home/mhash/Documents/Projects/agilizaimoveis.com/vendor/laravel/framework/src/Illuminate/Routing/ControllerDispatcher.php(43): Illuminate\\Routing\\Controller->callAction()
#18 /home/mhash/Documents/Projects/agilizaimoveis.com/vendor/laravel/framework/src/Illuminate/Routing/Route.php(259): Illuminate\\Routing\\ControllerDispatcher->dispatch()
#19 /home/mhash/Documents/Projects/agilizaimoveis.com/vendor/laravel/framework/src/Illuminate/Routing/Route.php(205): Illuminate\\Routing\\Route->runController()
#20 /home/mhash/Documents/Projects/agilizaimoveis.com/vendor/laravel/framework/src/Illuminate/Routing/Router.php(798): Illuminate\\Routing\\Route->run()
#21 /home/mhash/Documents/Projects/agilizaimoveis.com/vendor/laravel/framework/src/Illuminate/Pipeline/Pipeline.php(141): Illuminate\\Routing\\Router->{closure:Illuminate\\Routing\\Router::runRouteWithinStack():797}()
#22 /home/mhash/Documents/Projects/agilizaimoveis.com/vendor/laravel/framework/src/Illuminate/Routing/Middleware/SubstituteBindings.php(50): Illuminate\\Pipeline\\Pipeline->{closure:Illuminate\\Pipeline\\Pipeline::prepareDestination():139}()
#23 /home/mhash/Documents/Projects/agilizaimoveis.com/vendor/laravel/framework/src/Illuminate/Pipeline/Pipeline.php(180): Illuminate\\Routing\\Middleware\\SubstituteBindings->handle()
#24 /home/mhash/Documents/Projects/agilizaimoveis.com/vendor/laravel/framework/src/Illuminate/Foundation/Http/Middleware/VerifyCsrfToken.php(78): Illuminate\\Pipeline\\Pipeline->{closure:{closure:Illuminate\\Pipeline\\Pipeline::carry():155}:156}()
#25 /home/mhash/Documents/Projects/agilizaimoveis.com/vendor/laravel/framework/src/Illuminate/Pipeline/Pipeline.php(180): Illuminate\\Foundation\\Http\\Middleware\\VerifyCsrfToken->handle()
#26 /home/mhash/Documents/Projects/agilizaimoveis.com/vendor/laravel/framework/src/Illuminate/View/Middleware/ShareErrorsFromSession.php(49): Illuminate\\Pipeline\\Pipeline->{closure:{closure:Illuminate\\Pipeline\\Pipeline::carry():155}:156}()
#27 /home/mhash/Documents/Projects/agilizaimoveis.com/vendor/laravel/framework/src/Illuminate/Pipeline/Pipeline.php(180): Illuminate\\View\\Middleware\\ShareErrorsFromSession->handle()
#28 /home/mhash/Documents/Projects/agilizaimoveis.com/vendor/laravel/framework/src/Illuminate/Session/Middleware/StartSession.php(121): Illuminate\\Pipeline\\Pipeline->{closure:{closure:Illuminate\\Pipeline\\Pipeline::carry():155}:156}()
#29 /home/mhash/Documents/Projects/agilizaimoveis.com/vendor/laravel/framework/src/Illuminate/Session/Middleware/StartSession.php(64): Illuminate\\Session\\Middleware\\StartSession->handleStatefulRequest()
#30 /home/mhash/Documents/Projects/agilizaimoveis.com/vendor/laravel/framework/src/Illuminate/Pipeline/Pipeline.php(180): Illuminate\\Session\\Middleware\\StartSession->handle()
#31 /home/mhash/Documents/Projects/agilizaimoveis.com/vendor/laravel/framework/src/Illuminate/Cookie/Middleware/AddQueuedCookiesToResponse.php(37): Illuminate\\Pipeline\\Pipeline->{closure:{closure:Illuminate\\Pipeline\\Pipeline::carry():155}:156}()
#32 /home/mhash/Documents/Projects/agilizaimoveis.com/vendor/laravel/framework/src/Illuminate/Pipeline/Pipeline.php(180): Illuminate\\Cookie\\Middleware\\AddQueuedCookiesToResponse->handle()
#33 /home/mhash/Documents/Projects/agilizaimoveis.com/vendor/laravel/framework/src/Illuminate/Cookie/Middleware/EncryptCookies.php(67): Illuminate\\Pipeline\\Pipeline->{closure:{closure:Illuminate\\Pipeline\\Pipeline::carry():155}:156}()
#34 /home/mhash/Documents/Projects/agilizaimoveis.com/vendor/laravel/framework/src/Illuminate/Pipeline/Pipeline.php(180): Illuminate\\Cookie\\Middleware\\EncryptCookies->handle()
#35 /home/mhash/Documents/Projects/agilizaimoveis.com/vendor/laravel/framework/src/Illuminate/Pipeline/Pipeline.php(116): Illuminate\\Pipeline\\Pipeline->{closure:{closure:Illuminate\\Pipeline\\Pipeline::carry():155}:156}()
#36 /home/mhash/Documents/Projects/agilizaimoveis.com/vendor/laravel/framework/src/Illuminate/Routing/Router.php(797): Illuminate\\Pipeline\\Pipeline->then()
#37 /home/mhash/Documents/Projects/agilizaimoveis.com/vendor/laravel/framework/src/Illuminate/Routing/Router.php(776): Illuminate\\Routing\\Router->runRouteWithinStack()
#38 /home/mhash/Documents/Projects/agilizaimoveis.com/vendor/laravel/framework/src/Illuminate/Routing/Router.php(740): Illuminate\\Routing\\Router->runRoute()
#39 /home/mhash/Documents/Projects/agilizaimoveis.com/vendor/laravel/framework/src/Illuminate/Routing/Router.php(729): Illuminate\\Routing\\Router->dispatchToRoute()
#40 /home/mhash/Documents/Projects/agilizaimoveis.com/vendor/laravel/framework/src/Illuminate/Foundation/Http/Kernel.php(190): Illuminate\\Routing\\Router->dispatch()
#41 /home/mhash/Documents/Projects/agilizaimoveis.com/vendor/laravel/framework/src/Illuminate/Pipeline/Pipeline.php(141): Illuminate\\Foundation\\Http\\Kernel->{closure:Illuminate\\Foundation\\Http\\Kernel::dispatchToRouter():187}()
#42 /home/mhash/Documents/Projects/agilizaimoveis.com/vendor/laravel/framework/src/Illuminate/Foundation/Http/Middleware/TransformsRequest.php(21): Illuminate\\Pipeline\\Pipeline->{closure:Illuminate\\Pipeline\\Pipeline::prepareDestination():139}()
#43 /home/mhash/Documents/Projects/agilizaimoveis.com/vendor/laravel/framework/src/Illuminate/Foundation/Http/Middleware/ConvertEmptyStringsToNull.php(31): Illuminate\\Foundation\\Http\\Middleware\\TransformsRequest->handle()
#44 /home/mhash/Documents/Projects/agilizaimoveis.com/vendor/laravel/framework/src/Illuminate/Pipeline/Pipeline.php(180): Illuminate\\Foundation\\Http\\Middleware\\ConvertEmptyStringsToNull->handle()
#45 /home/mhash/Documents/Projects/agilizaimoveis.com/vendor/laravel/framework/src/Illuminate/Foundation/Http/Middleware/TransformsRequest.php(21): Illuminate\\Pipeline\\Pipeline->{closure:{closure:Illuminate\\Pipeline\\Pipeline::carry():155}:156}()
#46 /home/mhash/Documents/Projects/agilizaimoveis.com/vendor/laravel/framework/src/Illuminate/Foundation/Http/Middleware/TrimStrings.php(40): Illuminate\\Foundation\\Http\\Middleware\\TransformsRequest->handle()
#47 /home/mhash/Documents/Projects/agilizaimoveis.com/vendor/laravel/framework/src/Illuminate/Pipeline/Pipeline.php(180): Illuminate\\Foundation\\Http\\Middleware\\TrimStrings->handle()
#48 /home/mhash/Documents/Projects/agilizaimoveis.com/vendor/laravel/framework/src/Illuminate/Foundation/Http/Middleware/ValidatePostSize.php(27): Illuminate\\Pipeline\\Pipeline->{closure:{closure:Illuminate\\Pipeline\\Pipeline::carry():155}:156}()
#49 /home/mhash/Documents/Projects/agilizaimoveis.com/vendor/laravel/framework/src/Illuminate/Pipeline/Pipeline.php(180): Illuminate\\Foundation\\Http\\Middleware\\ValidatePostSize->handle()
#50 /home/mhash/Documents/Projects/agilizaimoveis.com/vendor/laravel/framework/src/Illuminate/Foundation/Http/Middleware/PreventRequestsDuringMaintenance.php(86): Illuminate\\Pipeline\\Pipeline->{closure:{closure:Illuminate\\Pipeline\\Pipeline::carry():155}:156}()
#51 /home/mhash/Documents/Projects/agilizaimoveis.com/vendor/laravel/framework/src/Illuminate/Pipeline/Pipeline.php(180): Illuminate\\Foundation\\Http\\Middleware\\PreventRequestsDuringMaintenance->handle()
#52 /home/mhash/Documents/Projects/agilizaimoveis.com/vendor/laravel/framework/src/Illuminate/Http/Middleware/HandleCors.php(49): Illuminate\\Pipeline\\Pipeline->{closure:{closure:Illuminate\\Pipeline\\Pipeline::carry():155}:156}()
#53 /home/mhash/Documents/Projects/agilizaimoveis.com/vendor/laravel/framework/src/Illuminate/Pipeline/Pipeline.php(180): Illuminate\\Http\\Middleware\\HandleCors->handle()
#54 /home/mhash/Documents/Projects/agilizaimoveis.com/vendor/laravel/framework/src/Illuminate/Http/Middleware/TrustProxies.php(39): Illuminate\\Pipeline\\Pipeline->{closure:{closure:Illuminate\\Pipeline\\Pipeline::carry():155}:156}()
#55 /home/mhash/Documents/Projects/agilizaimoveis.com/vendor/laravel/framework/src/Illuminate/Pipeline/Pipeline.php(180): Illuminate\\Http\\Middleware\\TrustProxies->handle()
#56 /home/mhash/Documents/Projects/agilizaimoveis.com/vendor/laravel/framework/src/Illuminate/Pipeline/Pipeline.php(116): Illuminate\\Pipeline\\Pipeline->{closure:{closure:Illuminate\\Pipeline\\Pipeline::carry():155}:156}()
#57 /home/mhash/Documents/Projects/agilizaimoveis.com/vendor/laravel/framework/src/Illuminate/Foundation/Http/Kernel.php(165): Illuminate\\Pipeline\\Pipeline->then()
#58 /home/mhash/Documents/Projects/agilizaimoveis.com/vendor/laravel/framework/src/Illuminate/Foundation/Http/Kernel.php(134): Illuminate\\Foundation\\Http\\Kernel->sendRequestThroughRouter()
#59 /home/mhash/Documents/Projects/agilizaimoveis.com/public/index.php(51): Illuminate\\Foundation\\Http\\Kernel->handle()
#60 /home/mhash/Documents/Projects/agilizaimoveis.com/vendor/laravel/framework/src/Illuminate/Foundation/resources/server.php(16): require_once('...')
#61 {main}
"} 
[2025-11-03 20:49:32] local.ERROR: SQLSTATE[42S22]: Column not found: 1054 Unknown column 'lancamento' in 'where clause' (SQL: select * from `imoveis` where `visibility` = 1 and `lancamento` = 1) {"exception":"[object] (Illuminate\\Database\\QueryException(code: 42S22): SQLSTATE[42S22]: Column not found: 1054 Unknown column 'lancamento' in 'where clause' (SQL: select * from `imoveis` where `visibility` = 1 and `lancamento` = 1) at /home/mhash/Documents/Projects/agilizaimoveis.com/vendor/laravel/framework/src/Illuminate/Database/Connection.php:760)
[stacktrace]
#0 /home/mhash/Documents/Projects/agilizaimoveis.com/vendor/laravel/framework/src/Illuminate/Database/Connection.php(720): Illuminate\\Database\\Connection->runQueryCallback()
#1 /home/mhash/Documents/Projects/agilizaimoveis.com/vendor/laravel/framework/src/Illuminate/Database/Connection.php(405): Illuminate\\Database\\Connection->run()
#2 /home/mhash/Documents/Projects/agilizaimoveis.com/vendor/laravel/framework/src/Illuminate/Database/Query/Builder.php(2705): Illuminate\\Database\\Connection->select()
#3 /home/mhash/Documents/Projects/agilizaimoveis.com/vendor/laravel/framework/src/Illuminate/Database/Query/Builder.php(2694): Illuminate\\Database\\Query\\Builder->runSelect()
#4 /home/mhash/Documents/Projects/agilizaimoveis.com/vendor/laravel/framework/src/Illuminate/Database/Query/Builder.php(3230): Illuminate\\Database\\Query\\Builder->{closure:Illuminate\\Database\\Query\\Builder::get():2693}()
#5 /home/mhash/Documents/Projects/agilizaimoveis.com/vendor/laravel/framework/src/Illuminate/Database/Query/Builder.php(2693): Illuminate\\Database\\Query\\Builder->onceWithColumns()
#6 /home/mhash/Documents/Projects/agilizaimoveis.com/vendor/laravel/framework/src/Illuminate/Database/Eloquent/Builder.php(710): Illuminate\\Database\\Query\\Builder->get()
#7 /home/mhash/Documents/Projects/agilizaimoveis.com/vendor/laravel/framework/src/Illuminate/Database/Eloquent/Builder.php(694): Illuminate\\Database\\Eloquent\\Builder->getModels()
#8 /home/mhash/Documents/Projects/agilizaimoveis.com/app/Http/Controllers/HomeController.php(599): Illuminate\\Database\\Eloquent\\Builder->get()
#9 /home/mhash/Documents/Projects/agilizaimoveis.com/vendor/laravel/framework/src/Illuminate/Routing/Controller.php(54): App\\Http\\Controllers\\HomeController->lancamentos()
#10 /home/mhash/Documents/Projects/agilizaimoveis.com/vendor/laravel/framework/src/Illuminate/Routing/ControllerDispatcher.php(43): Illuminate\\Routing\\Controller->callAction()
#11 /home/mhash/Documents/Projects/agilizaimoveis.com/vendor/laravel/framework/src/Illuminate/Routing/Route.php(259): Illuminate\\Routing\\ControllerDispatcher->dispatch()
#12 /home/mhash/Documents/Projects/agilizaimoveis.com/vendor/laravel/framework/src/Illuminate/Routing/Route.php(205): Illuminate\\Routing\\Route->runController()
#13 /home/mhash/Documents/Projects/agilizaimoveis.com/vendor/laravel/framework/src/Illuminate/Routing/Router.php(798): Illuminate\\Routing\\Route->run()
#14 /home/mhash/Documents/Projects/agilizaimoveis.com/vendor/laravel/framework/src/Illuminate/Pipeline/Pipeline.php(141): Illuminate\\Routing\\Router->{closure:Illuminate\\Routing\\Router::runRouteWithinStack():797}()
#15 /home/mhash/Documents/Projects/agilizaimoveis.com/vendor/laravel/framework/src/Illuminate/Routing/Middleware/SubstituteBindings.php(50): Illuminate\\Pipeline\\Pipeline->{closure:Illuminate\\Pipeline\\Pipeline::prepareDestination():139}()
#16 /home/mhash/Documents/Projects/agilizaimoveis.com/vendor/laravel/framework/src/Illuminate/Pipeline/Pipeline.php(180): Illuminate\\Routing\\Middleware\\SubstituteBindings->handle()
#17 /home/mhash/Documents/Projects/agilizaimoveis.com/vendor/laravel/framework/src/Illuminate/Foundation/Http/Middleware/VerifyCsrfToken.php(78): Illuminate\\Pipeline\\Pipeline->{closure:{closure:Illuminate\\Pipeline\\Pipeline::carry():155}:156}()
#18 /home/mhash/Documents/Projects/agilizaimoveis.com/vendor/laravel/framework/src/Illuminate/Pipeline/Pipeline.php(180): Illuminate\\Foundation\\Http\\Middleware\\VerifyCsrfToken->handle()
#19 /home/mhash/Documents/Projects/agilizaimoveis.com/vendor/laravel/framework/src/Illuminate/View/Middleware/ShareErrorsFromSession.php(49): Illuminate\\Pipeline\\Pipeline->{closure:{closure:Illuminate\\Pipeline\\Pipeline::carry():155}:156}()
#20 /home/mhash/Documents/Projects/agilizaimoveis.com/vendor/laravel/framework/src/Illuminate/Pipeline/Pipeline.php(180): Illuminate\\View\\Middleware\\ShareErrorsFromSession->handle()
#21 /home/mhash/Documents/Projects/agilizaimoveis.com/vendor/laravel/framework/src/Illuminate/Session/Middleware/StartSession.php(121): Illuminate\\Pipeline\\Pipeline->{closure:{closure:Illuminate\\Pipeline\\Pipeline::carry():155}:156}()
#22 /home/mhash/Documents/Projects/agilizaimoveis.com/vendor/laravel/framework/src/Illuminate/Session/Middleware/StartSession.php(64): Illuminate\\Session\\Middleware\\StartSession->handleStatefulRequest()
#23 /home/mhash/Documents/Projects/agilizaimoveis.com/vendor/laravel/framework/src/Illuminate/Pipeline/Pipeline.php(180): Illuminate\\Session\\Middleware\\StartSession->handle()
#24 /home/mhash/Documents/Projects/agilizaimoveis.com/vendor/laravel/framework/src/Illuminate/Cookie/Middleware/AddQueuedCookiesToResponse.php(37): Illuminate\\Pipeline\\Pipeline->{closure:{closure:Illuminate\\Pipeline\\Pipeline::carry():155}:156}()
#25 /home/mhash/Documents/Projects/agilizaimoveis.com/vendor/laravel/framework/src/Illuminate/Pipeline/Pipeline.php(180): Illuminate\\Cookie\\Middleware\\AddQueuedCookiesToResponse->handle()
#26 /home/mhash/Documents/Projects/agilizaimoveis.com/vendor/laravel/framework/src/Illuminate/Cookie/Middleware/EncryptCookies.php(67): Illuminate\\Pipeline\\Pipeline->{closure:{closure:Illuminate\\Pipeline\\Pipeline::carry():155}:156}()
#27 /home/mhash/Documents/Projects/agilizaimoveis.com/vendor/laravel/framework/src/Illuminate/Pipeline/Pipeline.php(180): Illuminate\\Cookie\\Middleware\\EncryptCookies->handle()
#28 /home/mhash/Documents/Projects/agilizaimoveis.com/vendor/laravel/framework/src/Illuminate/Pipeline/Pipeline.php(116): Illuminate\\Pipeline\\Pipeline->{closure:{closure:Illuminate\\Pipeline\\Pipeline::carry():155}:156}()
#29 /home/mhash/Documents/Projects/agilizaimoveis.com/vendor/laravel/framework/src/Illuminate/Routing/Router.php(797): Illuminate\\Pipeline\\Pipeline->then()
#30 /home/mhash/Documents/Projects/agilizaimoveis.com/vendor/laravel/framework/src/Illuminate/Routing/Router.php(776): Illuminate\\Routing\\Router->runRouteWithinStack()
#31 /home/mhash/Documents/Projects/agilizaimoveis.com/vendor/laravel/framework/src/Illuminate/Routing/Router.php(740): Illuminate\\Routing\\Router->runRoute()
#32 /home/mhash/Documents/Projects/agilizaimoveis.com/vendor/laravel/framework/src/Illuminate/Routing/Router.php(729): Illuminate\\Routing\\Router->dispatchToRoute()
#33 /home/mhash/Documents/Projects/agilizaimoveis.com/vendor/laravel/framework/src/Illuminate/Foundation/Http/Kernel.php(190): Illuminate\\Routing\\Router->dispatch()
#34 /home/mhash/Documents/Projects/agilizaimoveis.com/vendor/laravel/framework/src/Illuminate/Pipeline/Pipeline.php(141): Illuminate\\Foundation\\Http\\Kernel->{closure:Illuminate\\Foundation\\Http\\Kernel::dispatchToRouter():187}()
#35 /home/mhash/Documents/Projects/agilizaimoveis.com/vendor/laravel/framework/src/Illuminate/Foundation/Http/Middleware/TransformsRequest.php(21): Illuminate\\Pipeline\\Pipeline->{closure:Illuminate\\Pipeline\\Pipeline::prepareDestination():139}()
#36 /home/mhash/Documents/Projects/agilizaimoveis.com/vendor/laravel/framework/src/Illuminate/Foundation/Http/Middleware/ConvertEmptyStringsToNull.php(31): Illuminate\\Foundation\\Http\\Middleware\\TransformsRequest->handle()
#37 /home/mhash/Documents/Projects/agilizaimoveis.com/vendor/laravel/framework/src/Illuminate/Pipeline/Pipeline.php(180): Illuminate\\Foundation\\Http\\Middleware\\ConvertEmptyStringsToNull->handle()
#38 /home/mhash/Documents/Projects/agilizaimoveis.com/vendor/laravel/framework/src/Illuminate/Foundation/Http/Middleware/TransformsRequest.php(21): Illuminate\\Pipeline\\Pipeline->{closure:{closure:Illuminate\\Pipeline\\Pipeline::carry():155}:156}()
#39 /home/mhash/Documents/Projects/agilizaimoveis.com/vendor/laravel/framework/src/Illuminate/Foundation/Http/Middleware/TrimStrings.php(40): Illuminate\\Foundation\\Http\\Middleware\\TransformsRequest->handle()
#40 /home/mhash/Documents/Projects/agilizaimoveis.com/vendor/laravel/framework/src/Illuminate/Pipeline/Pipeline.php(180): Illuminate\\Foundation\\Http\\Middleware\\TrimStrings->handle()
#41 /home/mhash/Documents/Projects/agilizaimoveis.com/vendor/laravel/framework/src/Illuminate/Foundation/Http/Middleware/ValidatePostSize.php(27): Illuminate\\Pipeline\\Pipeline->{closure:{closure:Illuminate\\Pipeline\\Pipeline::carry():155}:156}()
#42 /home/mhash/Documents/Projects/agilizaimoveis.com/vendor/laravel/framework/src/Illuminate/Pipeline/Pipeline.php(180): Illuminate\\Foundation\\Http\\Middleware\\ValidatePostSize->handle()
#43 /home/mhash/Documents/Projects/agilizaimoveis.com/vendor/laravel/framework/src/Illuminate/Foundation/Http/Middleware/PreventRequestsDuringMaintenance.php(86): Illuminate\\Pipeline\\Pipeline->{closure:{closure:Illuminate\\Pipeline\\Pipeline::carry():155}:156}()
#44 /home/mhash/Documents/Projects/agilizaimoveis.com/vendor/laravel/framework/src/Illuminate/Pipeline/Pipeline.php(180): Illuminate\\Foundation\\Http\\Middleware\\PreventRequestsDuringMaintenance->handle()
#45 /home/mhash/Documents/Projects/agilizaimoveis.com/vendor/laravel/framework/src/Illuminate/Http/Middleware/HandleCors.php(49): Illuminate\\Pipeline\\Pipeline->{closure:{closure:Illuminate\\Pipeline\\Pipeline::carry():155}:156}()
#46 /home/mhash/Documents/Projects/agilizaimoveis.com/vendor/laravel/framework/src/Illuminate/Pipeline/Pipeline.php(180): Illuminate\\Http\\Middleware\\HandleCors->handle()
#47 /home/mhash/Documents/Projects/agilizaimoveis.com/vendor/laravel/framework/src/Illuminate/Http/Middleware/TrustProxies.php(39): Illuminate\\Pipeline\\Pipeline->{closure:{closure:Illuminate\\Pipeline\\Pipeline::carry():155}:156}()
#48 /home/mhash/Documents/Projects/agilizaimoveis.com/vendor/laravel/framework/src/Illuminate/Pipeline/Pipeline.php(180): Illuminate\\Http\\Middleware\\TrustProxies->handle()
#49 /home/mhash/Documents/Projects/agilizaimoveis.com/vendor/laravel/framework/src/Illuminate/Pipeline/Pipeline.php(116): Illuminate\\Pipeline\\Pipeline->{closure:{closure:Illuminate\\Pipeline\\Pipeline::carry():155}:156}()
#50 /home/mhash/Documents/Projects/agilizaimoveis.com/vendor/laravel/framework/src/Illuminate/Foundation/Http/Kernel.php(165): Illuminate\\Pipeline\\Pipeline->then()
#51 /home/mhash/Documents/Projects/agilizaimoveis.com/vendor/laravel/framework/src/Illuminate/Foundation/Http/Kernel.php(134): Illuminate\\Foundation\\Http\\Kernel->sendRequestThroughRouter()
#52 /home/mhash/Documents/Projects/agilizaimoveis.com/public/index.php(51): Illuminate\\Foundation\\Http\\Kernel->handle()
#53 /home/mhash/Documents/Projects/agilizaimoveis.com/vendor/laravel/framework/src/Illuminate/Foundation/resources/server.php(16): require_once('...')
#54 {main}

[previous exception] [object] (PDOException(code: 42S22): SQLSTATE[42S22]: Column not found: 1054 Unknown column 'lancamento' in 'where clause' at /home/mhash/Documents/Projects/agilizaimoveis.com/vendor/laravel/framework/src/Illuminate/Database/Connection.php:414)
[stacktrace]
#0 /home/mhash/Documents/Projects/agilizaimoveis.com/vendor/laravel/framework/src/Illuminate/Database/Connection.php(414): PDO->prepare()
#1 /home/mhash/Documents/Projects/agilizaimoveis.com/vendor/laravel/framework/src/Illuminate/Database/Connection.php(753): Illuminate\\Database\\Connection->{closure:Illuminate\\Database\\Connection::select():405}()
#2 /home/mhash/Documents/Projects/agilizaimoveis.com/vendor/laravel/framework/src/Illuminate/Database/Connection.php(720): Illuminate\\Database\\Connection->runQueryCallback()
#3 /home/mhash/Documents/Projects/agilizaimoveis.com/vendor/laravel/framework/src/Illuminate/Database/Connection.php(405): Illuminate\\Database\\Connection->run()
#4 /home/mhash/Documents/Projects/agilizaimoveis.com/vendor/laravel/framework/src/Illuminate/Database/Query/Builder.php(2705): Illuminate\\Database\\Connection->select()
#5 /home/mhash/Documents/Projects/agilizaimoveis.com/vendor/laravel/framework/src/Illuminate/Database/Query/Builder.php(2694): Illuminate\\Database\\Query\\Builder->runSelect()
#6 /home/mhash/Documents/Projects/agilizaimoveis.com/vendor/laravel/framework/src/Illuminate/Database/Query/Builder.php(3230): Illuminate\\Database\\Query\\Builder->{closure:Illuminate\\Database\\Query\\Builder::get():2693}()
#7 /home/mhash/Documents/Projects/agilizaimoveis.com/vendor/laravel/framework/src/Illuminate/Database/Query/Builder.php(2693): Illuminate\\Database\\Query\\Builder->onceWithColumns()
#8 /home/mhash/Documents/Projects/agilizaimoveis.com/vendor/laravel/framework/src/Illuminate/Database/Eloquent/Builder.php(710): Illuminate\\Database\\Query\\Builder->get()
#9 /home/mhash/Documents/Projects/agilizaimoveis.com/vendor/laravel/framework/src/Illuminate/Database/Eloquent/Builder.php(694): Illuminate\\Database\\Eloquent\\Builder->getModels()
#10 /home/mhash/Documents/Projects/agilizaimoveis.com/app/Http/Controllers/HomeController.php(599): Illuminate\\Database\\Eloquent\\Builder->get()
#11 /home/mhash/Documents/Projects/agilizaimoveis.com/vendor/laravel/framework/src/Illuminate/Routing/Controller.php(54): App\\Http\\Controllers\\HomeController->lancamentos()
#12 /home/mhash/Documents/Projects/agilizaimoveis.com/vendor/laravel/framework/src/Illuminate/Routing/ControllerDispatcher.php(43): Illuminate\\Routing\\Controller->callAction()
#13 /home/mhash/Documents/Projects/agilizaimoveis.com/vendor/laravel/framework/src/Illuminate/Routing/Route.php(259): Illuminate\\Routing\\ControllerDispatcher->dispatch()
#14 /home/mhash/Documents/Projects/agilizaimoveis.com/vendor/laravel/framework/src/Illuminate/Routing/Route.php(205): Illuminate\\Routing\\Route->runController()
#15 /home/mhash/Documents/Projects/agilizaimoveis.com/vendor/laravel/framework/src/Illuminate/Routing/Router.php(798): Illuminate\\Routing\\Route->run()
#16 /home/mhash/Documents/Projects/agilizaimoveis.com/vendor/laravel/framework/src/Illuminate/Pipeline/Pipeline.php(141): Illuminate\\Routing\\Router->{closure:Illuminate\\Routing\\Router::runRouteWithinStack():797}()
#17 /home/mhash/Documents/Projects/agilizaimoveis.com/vendor/laravel/framework/src/Illuminate/Routing/Middleware/SubstituteBindings.php(50): Illuminate\\Pipeline\\Pipeline->{closure:Illuminate\\Pipeline\\Pipeline::prepareDestination():139}()
#18 /home/mhash/Documents/Projects/agilizaimoveis.com/vendor/laravel/framework/src/Illuminate/Pipeline/Pipeline.php(180): Illuminate\\Routing\\Middleware\\SubstituteBindings->handle()
#19 /home/mhash/Documents/Projects/agilizaimoveis.com/vendor/laravel/framework/src/Illuminate/Foundation/Http/Middleware/VerifyCsrfToken.php(78): Illuminate\\Pipeline\\Pipeline->{closure:{closure:Illuminate\\Pipeline\\Pipeline::carry():155}:156}()
#20 /home/mhash/Documents/Projects/agilizaimoveis.com/vendor/laravel/framework/src/Illuminate/Pipeline/Pipeline.php(180): Illuminate\\Foundation\\Http\\Middleware\\VerifyCsrfToken->handle()
#21 /home/mhash/Documents/Projects/agilizaimoveis.com/vendor/laravel/framework/src/Illuminate/View/Middleware/ShareErrorsFromSession.php(49): Illuminate\\Pipeline\\Pipeline->{closure:{closure:Illuminate\\Pipeline\\Pipeline::carry():155}:156}()
#22 /home/mhash/Documents/Projects/agilizaimoveis.com/vendor/laravel/framework/src/Illuminate/Pipeline/Pipeline.php(180): Illuminate\\View\\Middleware\\ShareErrorsFromSession->handle()
#23 /home/mhash/Documents/Projects/agilizaimoveis.com/vendor/laravel/framework/src/Illuminate/Session/Middleware/StartSession.php(121): Illuminate\\Pipeline\\Pipeline->{closure:{closure:Illuminate\\Pipeline\\Pipeline::carry():155}:156}()
#24 /home/mhash/Documents/Projects/agilizaimoveis.com/vendor/laravel/framework/src/Illuminate/Session/Middleware/StartSession.php(64): Illuminate\\Session\\Middleware\\StartSession->handleStatefulRequest()
#25 /home/mhash/Documents/Projects/agilizaimoveis.com/vendor/laravel/framework/src/Illuminate/Pipeline/Pipeline.php(180): Illuminate\\Session\\Middleware\\StartSession->handle()
#26 /home/mhash/Documents/Projects/agilizaimoveis.com/vendor/laravel/framework/src/Illuminate/Cookie/Middleware/AddQueuedCookiesToResponse.php(37): Illuminate\\Pipeline\\Pipeline->{closure:{closure:Illuminate\\Pipeline\\Pipeline::carry():155}:156}()
#27 /home/mhash/Documents/Projects/agilizaimoveis.com/vendor/laravel/framework/src/Illuminate/Pipeline/Pipeline.php(180): Illuminate\\Cookie\\Middleware\\AddQueuedCookiesToResponse->handle()
#28 /home/mhash/Documents/Projects/agilizaimoveis.com/vendor/laravel/framework/src/Illuminate/Cookie/Middleware/EncryptCookies.php(67): Illuminate\\Pipeline\\Pipeline->{closure:{closure:Illuminate\\Pipeline\\Pipeline::carry():155}:156}()
#29 /home/mhash/Documents/Projects/agilizaimoveis.com/vendor/laravel/framework/src/Illuminate/Pipeline/Pipeline.php(180): Illuminate\\Cookie\\Middleware\\EncryptCookies->handle()
#30 /home/mhash/Documents/Projects/agilizaimoveis.com/vendor/laravel/framework/src/Illuminate/Pipeline/Pipeline.php(116): Illuminate\\Pipeline\\Pipeline->{closure:{closure:Illuminate\\Pipeline\\Pipeline::carry():155}:156}()
#31 /home/mhash/Documents/Projects/agilizaimoveis.com/vendor/laravel/framework/src/Illuminate/Routing/Router.php(797): Illuminate\\Pipeline\\Pipeline->then()
#32 /home/mhash/Documents/Projects/agilizaimoveis.com/vendor/laravel/framework/src/Illuminate/Routing/Router.php(776): Illuminate\\Routing\\Router->runRouteWithinStack()
#33 /home/mhash/Documents/Projects/agilizaimoveis.com/vendor/laravel/framework/src/Illuminate/Routing/Router.php(740): Illuminate\\Routing\\Router->runRoute()
#34 /home/mhash/Documents/Projects/agilizaimoveis.com/vendor/laravel/framework/src/Illuminate/Routing/Router.php(729): Illuminate\\Routing\\Router->dispatchToRoute()
#35 /home/mhash/Documents/Projects/agilizaimoveis.com/vendor/laravel/framework/src/Illuminate/Foundation/Http/Kernel.php(190): Illuminate\\Routing\\Router->dispatch()
#36 /home/mhash/Documents/Projects/agilizaimoveis.com/vendor/laravel/framework/src/Illuminate/Pipeline/Pipeline.php(141): Illuminate\\Foundation\\Http\\Kernel->{closure:Illuminate\\Foundation\\Http\\Kernel::dispatchToRouter():187}()
#37 /home/mhash/Documents/Projects/agilizaimoveis.com/vendor/laravel/framework/src/Illuminate/Foundation/Http/Middleware/TransformsRequest.php(21): Illuminate\\Pipeline\\Pipeline->{closure:Illuminate\\Pipeline\\Pipeline::prepareDestination():139}()
#38 /home/mhash/Documents/Projects/agilizaimoveis.com/vendor/laravel/framework/src/Illuminate/Foundation/Http/Middleware/ConvertEmptyStringsToNull.php(31): Illuminate\\Foundation\\Http\\Middleware\\TransformsRequest->handle()
#39 /home/mhash/Documents/Projects/agilizaimoveis.com/vendor/laravel/framework/src/Illuminate/Pipeline/Pipeline.php(180): Illuminate\\Foundation\\Http\\Middleware\\ConvertEmptyStringsToNull->handle()
#40 /home/mhash/Documents/Projects/agilizaimoveis.com/vendor/laravel/framework/src/Illuminate/Foundation/Http/Middleware/TransformsRequest.php(21): Illuminate\\Pipeline\\Pipeline->{closure:{closure:Illuminate\\Pipeline\\Pipeline::carry():155}:156}()
#41 /home/mhash/Documents/Projects/agilizaimoveis.com/vendor/laravel/framework/src/Illuminate/Foundation/Http/Middleware/TrimStrings.php(40): Illuminate\\Foundation\\Http\\Middleware\\TransformsRequest->handle()
#42 /home/mhash/Documents/Projects/agilizaimoveis.com/vendor/laravel/framework/src/Illuminate/Pipeline/Pipeline.php(180): Illuminate\\Foundation\\Http\\Middleware\\TrimStrings->handle()
#43 /home/mhash/Documents/Projects/agilizaimoveis.com/vendor/laravel/framework/src/Illuminate/Foundation/Http/Middleware/ValidatePostSize.php(27): Illuminate\\Pipeline\\Pipeline->{closure:{closure:Illuminate\\Pipeline\\Pipeline::carry():155}:156}()
#44 /home/mhash/Documents/Projects/agilizaimoveis.com/vendor/laravel/framework/src/Illuminate/Pipeline/Pipeline.php(180): Illuminate\\Foundation\\Http\\Middleware\\ValidatePostSize->handle()
#45 /home/mhash/Documents/Projects/agilizaimoveis.com/vendor/laravel/framework/src/Illuminate/Foundation/Http/Middleware/PreventRequestsDuringMaintenance.php(86): Illuminate\\Pipeline\\Pipeline->{closure:{closure:Illuminate\\Pipeline\\Pipeline::carry():155}:156}()
#46 /home/mhash/Documents/Projects/agilizaimoveis.com/vendor/laravel/framework/src/Illuminate/Pipeline/Pipeline.php(180): Illuminate\\Foundation\\Http\\Middleware\\PreventRequestsDuringMaintenance->handle()
#47 /home/mhash/Documents/Projects/agilizaimoveis.com/vendor/laravel/framework/src/Illuminate/Http/Middleware/HandleCors.php(49): Illuminate\\Pipeline\\Pipeline->{closure:{closure:Illuminate\\Pipeline\\Pipeline::carry():155}:156}()
#48 /home/mhash/Documents/Projects/agilizaimoveis.com/vendor/laravel/framework/src/Illuminate/Pipeline/Pipeline.php(180): Illuminate\\Http\\Middleware\\HandleCors->handle()
#49 /home/mhash/Documents/Projects/agilizaimoveis.com/vendor/laravel/framework/src/Illuminate/Http/Middleware/TrustProxies.php(39): Illuminate\\Pipeline\\Pipeline->{closure:{closure:Illuminate\\Pipeline\\Pipeline::carry():155}:156}()
#50 /home/mhash/Documents/Projects/agilizaimoveis.com/vendor/laravel/framework/src/Illuminate/Pipeline/Pipeline.php(180): Illuminate\\Http\\Middleware\\TrustProxies->handle()
#51 /home/mhash/Documents/Projects/agilizaimoveis.com/vendor/laravel/framework/src/Illuminate/Pipeline/Pipeline.php(116): Illuminate\\Pipeline\\Pipeline->{closure:{closure:Illuminate\\Pipeline\\Pipeline::carry():155}:156}()
#52 /home/mhash/Documents/Projects/agilizaimoveis.com/vendor/laravel/framework/src/Illuminate/Foundation/Http/Kernel.php(165): Illuminate\\Pipeline\\Pipeline->then()
#53 /home/mhash/Documents/Projects/agilizaimoveis.com/vendor/laravel/framework/src/Illuminate/Foundation/Http/Kernel.php(134): Illuminate\\Foundation\\Http\\Kernel->sendRequestThroughRouter()
#54 /home/mhash/Documents/Projects/agilizaimoveis.com/public/index.php(51): Illuminate\\Foundation\\Http\\Kernel->handle()
#55 /home/mhash/Documents/Projects/agilizaimoveis.com/vendor/laravel/framework/src/Illuminate/Foundation/resources/server.php(16): require_once('...')
#56 {main}
"} 
[2025-11-05 13:52:42] local.ERROR: SQLSTATE[HY000] [1044] Access denied for user 'mhash'@'%' to database 'agilizaimoveis' (SQL: select * from `users` where `email` = admin@agilizaimoveis.com limit 1) {"exception":"[object] (Illuminate\\Database\\QueryException(code: 1044): SQLSTATE[HY000] [1044] Access denied for user 'mhash'@'%' to database 'agilizaimoveis' (SQL: select * from `users` where `email` = admin@agilizaimoveis.com limit 1) at /home/mhash/Documents/Projects/agilizaimoveis.com/vendor/laravel/framework/src/Illuminate/Database/Connection.php:760)
[stacktrace]
#0 /home/mhash/Documents/Projects/agilizaimoveis.com/vendor/laravel/framework/src/Illuminate/Database/Connection.php(720): Illuminate\\Database\\Connection->runQueryCallback()
#1 /home/mhash/Documents/Projects/agilizaimoveis.com/vendor/laravel/framework/src/Illuminate/Database/Connection.php(405): Illuminate\\Database\\Connection->run()
#2 /home/mhash/Documents/Projects/agilizaimoveis.com/vendor/laravel/framework/src/Illuminate/Database/Query/Builder.php(2705): Illuminate\\Database\\Connection->select()
#3 /home/mhash/Documents/Projects/agilizaimoveis.com/vendor/laravel/framework/src/Illuminate/Database/Query/Builder.php(2694): Illuminate\\Database\\Query\\Builder->runSelect()
#4 /home/mhash/Documents/Projects/agilizaimoveis.com/vendor/laravel/framework/src/Illuminate/Database/Query/Builder.php(3230): Illuminate\\Database\\Query\\Builder->{closure:Illuminate\\Database\\Query\\Builder::get():2693}()
#5 /home/mhash/Documents/Projects/agilizaimoveis.com/vendor/laravel/framework/src/Illuminate/Database/Query/Builder.php(2693): Illuminate\\Database\\Query\\Builder->onceWithColumns()
#6 /home/mhash/Documents/Projects/agilizaimoveis.com/vendor/laravel/framework/src/Illuminate/Database/Eloquent/Builder.php(710): Illuminate\\Database\\Query\\Builder->get()
#7 /home/mhash/Documents/Projects/agilizaimoveis.com/vendor/laravel/framework/src/Illuminate/Database/Eloquent/Builder.php(694): Illuminate\\Database\\Eloquent\\Builder->getModels()
#8 /home/mhash/Documents/Projects/agilizaimoveis.com/vendor/laravel/framework/src/Illuminate/Database/Concerns/BuildsQueries.php(296): Illuminate\\Database\\Eloquent\\Builder->get()
#9 /home/mhash/Documents/Projects/agilizaimoveis.com/vendor/laravel/framework/src/Illuminate/Auth/EloquentUserProvider.php(139): Illuminate\\Database\\Eloquent\\Builder->first()
#10 /home/mhash/Documents/Projects/agilizaimoveis.com/vendor/laravel/framework/src/Illuminate/Auth/SessionGuard.php(381): Illuminate\\Auth\\EloquentUserProvider->retrieveByCredentials()
#11 /home/mhash/Documents/Projects/agilizaimoveis.com/vendor/laravel/framework/src/Illuminate/Auth/AuthManager.php(340): Illuminate\\Auth\\SessionGuard->attempt()
#12 /home/mhash/Documents/Projects/agilizaimoveis.com/vendor/laravel/framework/src/Illuminate/Support/Facades/Facade.php(338): Illuminate\\Auth\\AuthManager->__call()
#13 /home/mhash/Documents/Projects/agilizaimoveis.com/app/Http/Requests/Auth/LoginRequest.php(95): Illuminate\\Support\\Facades\\Facade::__callStatic()
#14 /home/mhash/Documents/Projects/agilizaimoveis.com/app/Http/Controllers/Auth/AuthenticatedSessionController.php(61): App\\Http\\Requests\\Auth\\LoginRequest->authenticate()
#15 /home/mhash/Documents/Projects/agilizaimoveis.com/vendor/laravel/framework/src/Illuminate/Routing/Controller.php(54): App\\Http\\Controllers\\Auth\\AuthenticatedSessionController->store()
#16 /home/mhash/Documents/Projects/agilizaimoveis.com/vendor/laravel/framework/src/Illuminate/Routing/ControllerDispatcher.php(43): Illuminate\\Routing\\Controller->callAction()
#17 /home/mhash/Documents/Projects/agilizaimoveis.com/vendor/laravel/framework/src/Illuminate/Routing/Route.php(259): Illuminate\\Routing\\ControllerDispatcher->dispatch()
#18 /home/mhash/Documents/Projects/agilizaimoveis.com/vendor/laravel/framework/src/Illuminate/Routing/Route.php(205): Illuminate\\Routing\\Route->runController()
#19 /home/mhash/Documents/Projects/agilizaimoveis.com/vendor/laravel/framework/src/Illuminate/Routing/Router.php(798): Illuminate\\Routing\\Route->run()
#20 /home/mhash/Documents/Projects/agilizaimoveis.com/vendor/laravel/framework/src/Illuminate/Pipeline/Pipeline.php(141): Illuminate\\Routing\\Router->{closure:Illuminate\\Routing\\Router::runRouteWithinStack():797}()
#21 /home/mhash/Documents/Projects/agilizaimoveis.com/app/Http/Middleware/RedirectIfAuthenticated.php(30): Illuminate\\Pipeline\\Pipeline->{closure:Illuminate\\Pipeline\\Pipeline::prepareDestination():139}()
#22 /home/mhash/Documents/Projects/agilizaimoveis.com/vendor/laravel/framework/src/Illuminate/Pipeline/Pipeline.php(180): App\\Http\\Middleware\\RedirectIfAuthenticated->handle()
#23 /home/mhash/Documents/Projects/agilizaimoveis.com/vendor/laravel/framework/src/Illuminate/Routing/Middleware/SubstituteBindings.php(50): Illuminate\\Pipeline\\Pipeline->{closure:{closure:Illuminate\\Pipeline\\Pipeline::carry():155}:156}()
#24 /home/mhash/Documents/Projects/agilizaimoveis.com/vendor/laravel/framework/src/Illuminate/Pipeline/Pipeline.php(180): Illuminate\\Routing\\Middleware\\SubstituteBindings->handle()
#25 /home/mhash/Documents/Projects/agilizaimoveis.com/vendor/laravel/framework/src/Illuminate/Foundation/Http/Middleware/VerifyCsrfToken.php(78): Illuminate\\Pipeline\\Pipeline->{closure:{closure:Illuminate\\Pipeline\\Pipeline::carry():155}:156}()
#26 /home/mhash/Documents/Projects/agilizaimoveis.com/vendor/laravel/framework/src/Illuminate/Pipeline/Pipeline.php(180): Illuminate\\Foundation\\Http\\Middleware\\VerifyCsrfToken->handle()
#27 /home/mhash/Documents/Projects/agilizaimoveis.com/vendor/laravel/framework/src/Illuminate/View/Middleware/ShareErrorsFromSession.php(49): Illuminate\\Pipeline\\Pipeline->{closure:{closure:Illuminate\\Pipeline\\Pipeline::carry():155}:156}()
#28 /home/mhash/Documents/Projects/agilizaimoveis.com/vendor/laravel/framework/src/Illuminate/Pipeline/Pipeline.php(180): Illuminate\\View\\Middleware\\ShareErrorsFromSession->handle()
#29 /home/mhash/Documents/Projects/agilizaimoveis.com/vendor/laravel/framework/src/Illuminate/Session/Middleware/StartSession.php(121): Illuminate\\Pipeline\\Pipeline->{closure:{closure:Illuminate\\Pipeline\\Pipeline::carry():155}:156}()
#30 /home/mhash/Documents/Projects/agilizaimoveis.com/vendor/laravel/framework/src/Illuminate/Session/Middleware/StartSession.php(64): Illuminate\\Session\\Middleware\\StartSession->handleStatefulRequest()
#31 /home/mhash/Documents/Projects/agilizaimoveis.com/vendor/laravel/framework/src/Illuminate/Pipeline/Pipeline.php(180): Illuminate\\Session\\Middleware\\StartSession->handle()
#32 /home/mhash/Documents/Projects/agilizaimoveis.com/vendor/laravel/framework/src/Illuminate/Cookie/Middleware/AddQueuedCookiesToResponse.php(37): Illuminate\\Pipeline\\Pipeline->{closure:{closure:Illuminate\\Pipeline\\Pipeline::carry():155}:156}()
#33 /home/mhash/Documents/Projects/agilizaimoveis.com/vendor/laravel/framework/src/Illuminate/Pipeline/Pipeline.php(180): Illuminate\\Cookie\\Middleware\\AddQueuedCookiesToResponse->handle()
#34 /home/mhash/Documents/Projects/agilizaimoveis.com/vendor/laravel/framework/src/Illuminate/Cookie/Middleware/EncryptCookies.php(67): Illuminate\\Pipeline\\Pipeline->{closure:{closure:Illuminate\\Pipeline\\Pipeline::carry():155}:156}()
#35 /home/mhash/Documents/Projects/agilizaimoveis.com/vendor/laravel/framework/src/Illuminate/Pipeline/Pipeline.php(180): Illuminate\\Cookie\\Middleware\\EncryptCookies->handle()
#36 /home/mhash/Documents/Projects/agilizaimoveis.com/vendor/laravel/framework/src/Illuminate/Pipeline/Pipeline.php(116): Illuminate\\Pipeline\\Pipeline->{closure:{closure:Illuminate\\Pipeline\\Pipeline::carry():155}:156}()
#37 /home/mhash/Documents/Projects/agilizaimoveis.com/vendor/laravel/framework/src/Illuminate/Routing/Router.php(797): Illuminate\\Pipeline\\Pipeline->then()
#38 /home/mhash/Documents/Projects/agilizaimoveis.com/vendor/laravel/framework/src/Illuminate/Routing/Router.php(776): Illuminate\\Routing\\Router->runRouteWithinStack()
#39 /home/mhash/Documents/Projects/agilizaimoveis.com/vendor/laravel/framework/src/Illuminate/Routing/Router.php(740): Illuminate\\Routing\\Router->runRoute()
#40 /home/mhash/Documents/Projects/agilizaimoveis.com/vendor/laravel/framework/src/Illuminate/Routing/Router.php(729): Illuminate\\Routing\\Router->dispatchToRoute()
#41 /home/mhash/Documents/Projects/agilizaimoveis.com/vendor/laravel/framework/src/Illuminate/Foundation/Http/Kernel.php(190): Illuminate\\Routing\\Router->dispatch()
#42 /home/mhash/Documents/Projects/agilizaimoveis.com/vendor/laravel/framework/src/Illuminate/Pipeline/Pipeline.php(141): Illuminate\\Foundation\\Http\\Kernel->{closure:Illuminate\\Foundation\\Http\\Kernel::dispatchToRouter():187}()
#43 /home/mhash/Documents/Projects/agilizaimoveis.com/vendor/laravel/framework/src/Illuminate/Foundation/Http/Middleware/TransformsRequest.php(21): Illuminate\\Pipeline\\Pipeline->{closure:Illuminate\\Pipeline\\Pipeline::prepareDestination():139}()
#44 /home/mhash/Documents/Projects/agilizaimoveis.com/vendor/laravel/framework/src/Illuminate/Foundation/Http/Middleware/ConvertEmptyStringsToNull.php(31): Illuminate\\Foundation\\Http\\Middleware\\TransformsRequest->handle()
#45 /home/mhash/Documents/Projects/agilizaimoveis.com/vendor/laravel/framework/src/Illuminate/Pipeline/Pipeline.php(180): Illuminate\\Foundation\\Http\\Middleware\\ConvertEmptyStringsToNull->handle()
#46 /home/mhash/Documents/Projects/agilizaimoveis.com/vendor/laravel/framework/src/Illuminate/Foundation/Http/Middleware/TransformsRequest.php(21): Illuminate\\Pipeline\\Pipeline->{closure:{closure:Illuminate\\Pipeline\\Pipeline::carry():155}:156}()
#47 /home/mhash/Documents/Projects/agilizaimoveis.com/vendor/laravel/framework/src/Illuminate/Foundation/Http/Middleware/TrimStrings.php(40): Illuminate\\Foundation\\Http\\Middleware\\TransformsRequest->handle()
#48 /home/mhash/Documents/Projects/agilizaimoveis.com/vendor/laravel/framework/src/Illuminate/Pipeline/Pipeline.php(180): Illuminate\\Foundation\\Http\\Middleware\\TrimStrings->handle()
#49 /home/mhash/Documents/Projects/agilizaimoveis.com/vendor/laravel/framework/src/Illuminate/Foundation/Http/Middleware/ValidatePostSize.php(27): Illuminate\\Pipeline\\Pipeline->{closure:{closure:Illuminate\\Pipeline\\Pipeline::carry():155}:156}()
#50 /home/mhash/Documents/Projects/agilizaimoveis.com/vendor/laravel/framework/src/Illuminate/Pipeline/Pipeline.php(180): Illuminate\\Foundation\\Http\\Middleware\\ValidatePostSize->handle()
#51 /home/mhash/Documents/Projects/agilizaimoveis.com/vendor/laravel/framework/src/Illuminate/Foundation/Http/Middleware/PreventRequestsDuringMaintenance.php(86): Illuminate\\Pipeline\\Pipeline->{closure:{closure:Illuminate\\Pipeline\\Pipeline::carry():155}:156}()
#52 /home/mhash/Documents/Projects/agilizaimoveis.com/vendor/laravel/framework/src/Illuminate/Pipeline/Pipeline.php(180): Illuminate\\Foundation\\Http\\Middleware\\PreventRequestsDuringMaintenance->handle()
#53 /home/mhash/Documents/Projects/agilizaimoveis.com/vendor/laravel/framework/src/Illuminate/Http/Middleware/HandleCors.php(49): Illuminate\\Pipeline\\Pipeline->{closure:{closure:Illuminate\\Pipeline\\Pipeline::carry():155}:156}()
#54 /home/mhash/Documents/Projects/agilizaimoveis.com/vendor/laravel/framework/src/Illuminate/Pipeline/Pipeline.php(180): Illuminate\\Http\\Middleware\\HandleCors->handle()
#55 /home/mhash/Documents/Projects/agilizaimoveis.com/vendor/laravel/framework/src/Illuminate/Http/Middleware/TrustProxies.php(39): Illuminate\\Pipeline\\Pipeline->{closure:{closure:Illuminate\\Pipeline\\Pipeline::carry():155}:156}()
#56 /home/mhash/Documents/Projects/agilizaimoveis.com/vendor/laravel/framework/src/Illuminate/Pipeline/Pipeline.php(180): Illuminate\\Http\\Middleware\\TrustProxies->handle()
#57 /home/mhash/Documents/Projects/agilizaimoveis.com/vendor/laravel/framework/src/Illuminate/Pipeline/Pipeline.php(116): Illuminate\\Pipeline\\Pipeline->{closure:{closure:Illuminate\\Pipeline\\Pipeline::carry():155}:156}()
#58 /home/mhash/Documents/Projects/agilizaimoveis.com/vendor/laravel/framework/src/Illuminate/Foundation/Http/Kernel.php(165): Illuminate\\Pipeline\\Pipeline->then()
#59 /home/mhash/Documents/Projects/agilizaimoveis.com/vendor/laravel/framework/src/Illuminate/Foundation/Http/Kernel.php(134): Illuminate\\Foundation\\Http\\Kernel->sendRequestThroughRouter()
#60 /home/mhash/Documents/Projects/agilizaimoveis.com/public/index.php(51): Illuminate\\Foundation\\Http\\Kernel->handle()
#61 /home/mhash/Documents/Projects/agilizaimoveis.com/vendor/laravel/framework/src/Illuminate/Foundation/resources/server.php(16): require_once('...')
#62 {main}

[previous exception] [object] (PDOException(code: 1044): SQLSTATE[HY000] [1044] Access denied for user 'mhash'@'%' to database 'agilizaimoveis' at /home/mhash/Documents/Projects/agilizaimoveis.com/vendor/laravel/framework/src/Illuminate/Database/Connectors/Connector.php:70)
[stacktrace]
#0 /home/mhash/Documents/Projects/agilizaimoveis.com/vendor/laravel/framework/src/Illuminate/Database/Connectors/Connector.php(70): PDO->__construct()
#1 /home/mhash/Documents/Projects/agilizaimoveis.com/vendor/laravel/framework/src/Illuminate/Database/Connectors/Connector.php(45): Illuminate\\Database\\Connectors\\Connector->createPdoConnection()
#2 /home/mhash/Documents/Projects/agilizaimoveis.com/vendor/laravel/framework/src/Illuminate/Database/Connectors/MySqlConnector.php(24): Illuminate\\Database\\Connectors\\Connector->createConnection()
#3 /home/mhash/Documents/Projects/agilizaimoveis.com/vendor/laravel/framework/src/Illuminate/Database/Connectors/ConnectionFactory.php(184): Illuminate\\Database\\Connectors\\MySqlConnector->connect()
#4 [internal function]: Illuminate\\Database\\Connectors\\ConnectionFactory->{closure:Illuminate\\Database\\Connectors\\ConnectionFactory::createPdoResolverWithHosts():179}()
#5 /home/mhash/Documents/Projects/agilizaimoveis.com/vendor/laravel/framework/src/Illuminate/Database/Connection.php(1181): call_user_func()
#6 /home/mhash/Documents/Projects/agilizaimoveis.com/vendor/laravel/framework/src/Illuminate/Database/Connection.php(1217): Illuminate\\Database\\Connection->getPdo()
#7 /home/mhash/Documents/Projects/agilizaimoveis.com/vendor/laravel/framework/src/Illuminate/Database/Connection.php(486): Illuminate\\Database\\Connection->getReadPdo()
#8 /home/mhash/Documents/Projects/agilizaimoveis.com/vendor/laravel/framework/src/Illuminate/Database/Connection.php(414): Illuminate\\Database\\Connection->getPdoForSelect()
#9 /home/mhash/Documents/Projects/agilizaimoveis.com/vendor/laravel/framework/src/Illuminate/Database/Connection.php(753): Illuminate\\Database\\Connection->{closure:Illuminate\\Database\\Connection::select():405}()
#10 /home/mhash/Documents/Projects/agilizaimoveis.com/vendor/laravel/framework/src/Illuminate/Database/Connection.php(720): Illuminate\\Database\\Connection->runQueryCallback()
#11 /home/mhash/Documents/Projects/agilizaimoveis.com/vendor/laravel/framework/src/Illuminate/Database/Connection.php(405): Illuminate\\Database\\Connection->run()
#12 /home/mhash/Documents/Projects/agilizaimoveis.com/vendor/laravel/framework/src/Illuminate/Database/Query/Builder.php(2705): Illuminate\\Database\\Connection->select()
#13 /home/mhash/Documents/Projects/agilizaimoveis.com/vendor/laravel/framework/src/Illuminate/Database/Query/Builder.php(2694): Illuminate\\Database\\Query\\Builder->runSelect()
#14 /home/mhash/Documents/Projects/agilizaimoveis.com/vendor/laravel/framework/src/Illuminate/Database/Query/Builder.php(3230): Illuminate\\Database\\Query\\Builder->{closure:Illuminate\\Database\\Query\\Builder::get():2693}()
#15 /home/mhash/Documents/Projects/agilizaimoveis.com/vendor/laravel/framework/src/Illuminate/Database/Query/Builder.php(2693): Illuminate\\Database\\Query\\Builder->onceWithColumns()
#16 /home/mhash/Documents/Projects/agilizaimoveis.com/vendor/laravel/framework/src/Illuminate/Database/Eloquent/Builder.php(710): Illuminate\\Database\\Query\\Builder->get()
#17 /home/mhash/Documents/Projects/agilizaimoveis.com/vendor/laravel/framework/src/Illuminate/Database/Eloquent/Builder.php(694): Illuminate\\Database\\Eloquent\\Builder->getModels()
#18 /home/mhash/Documents/Projects/agilizaimoveis.com/vendor/laravel/framework/src/Illuminate/Database/Concerns/BuildsQueries.php(296): Illuminate\\Database\\Eloquent\\Builder->get()
#19 /home/mhash/Documents/Projects/agilizaimoveis.com/vendor/laravel/framework/src/Illuminate/Auth/EloquentUserProvider.php(139): Illuminate\\Database\\Eloquent\\Builder->first()
#20 /home/mhash/Documents/Projects/agilizaimoveis.com/vendor/laravel/framework/src/Illuminate/Auth/SessionGuard.php(381): Illuminate\\Auth\\EloquentUserProvider->retrieveByCredentials()
#21 /home/mhash/Documents/Projects/agilizaimoveis.com/vendor/laravel/framework/src/Illuminate/Auth/AuthManager.php(340): Illuminate\\Auth\\SessionGuard->attempt()
#22 /home/mhash/Documents/Projects/agilizaimoveis.com/vendor/laravel/framework/src/Illuminate/Support/Facades/Facade.php(338): Illuminate\\Auth\\AuthManager->__call()
#23 /home/mhash/Documents/Projects/agilizaimoveis.com/app/Http/Requests/Auth/LoginRequest.php(95): Illuminate\\Support\\Facades\\Facade::__callStatic()
#24 /home/mhash/Documents/Projects/agilizaimoveis.com/app/Http/Controllers/Auth/AuthenticatedSessionController.php(61): App\\Http\\Requests\\Auth\\LoginRequest->authenticate()
#25 /home/mhash/Documents/Projects/agilizaimoveis.com/vendor/laravel/framework/src/Illuminate/Routing/Controller.php(54): App\\Http\\Controllers\\Auth\\AuthenticatedSessionController->store()
#26 /home/mhash/Documents/Projects/agilizaimoveis.com/vendor/laravel/framework/src/Illuminate/Routing/ControllerDispatcher.php(43): Illuminate\\Routing\\Controller->callAction()
#27 /home/mhash/Documents/Projects/agilizaimoveis.com/vendor/laravel/framework/src/Illuminate/Routing/Route.php(259): Illuminate\\Routing\\ControllerDispatcher->dispatch()
#28 /home/mhash/Documents/Projects/agilizaimoveis.com/vendor/laravel/framework/src/Illuminate/Routing/Route.php(205): Illuminate\\Routing\\Route->runController()
#29 /home/mhash/Documents/Projects/agilizaimoveis.com/vendor/laravel/framework/src/Illuminate/Routing/Router.php(798): Illuminate\\Routing\\Route->run()
#30 /home/mhash/Documents/Projects/agilizaimoveis.com/vendor/laravel/framework/src/Illuminate/Pipeline/Pipeline.php(141): Illuminate\\Routing\\Router->{closure:Illuminate\\Routing\\Router::runRouteWithinStack():797}()
#31 /home/mhash/Documents/Projects/agilizaimoveis.com/app/Http/Middleware/RedirectIfAuthenticated.php(30): Illuminate\\Pipeline\\Pipeline->{closure:Illuminate\\Pipeline\\Pipeline::prepareDestination():139}()
#32 /home/mhash/Documents/Projects/agilizaimoveis.com/vendor/laravel/framework/src/Illuminate/Pipeline/Pipeline.php(180): App\\Http\\Middleware\\RedirectIfAuthenticated->handle()
#33 /home/mhash/Documents/Projects/agilizaimoveis.com/vendor/laravel/framework/src/Illuminate/Routing/Middleware/SubstituteBindings.php(50): Illuminate\\Pipeline\\Pipeline->{closure:{closure:Illuminate\\Pipeline\\Pipeline::carry():155}:156}()
#34 /home/mhash/Documents/Projects/agilizaimoveis.com/vendor/laravel/framework/src/Illuminate/Pipeline/Pipeline.php(180): Illuminate\\Routing\\Middleware\\SubstituteBindings->handle()
#35 /home/mhash/Documents/Projects/agilizaimoveis.com/vendor/laravel/framework/src/Illuminate/Foundation/Http/Middleware/VerifyCsrfToken.php(78): Illuminate\\Pipeline\\Pipeline->{closure:{closure:Illuminate\\Pipeline\\Pipeline::carry():155}:156}()
#36 /home/mhash/Documents/Projects/agilizaimoveis.com/vendor/laravel/framework/src/Illuminate/Pipeline/Pipeline.php(180): Illuminate\\Foundation\\Http\\Middleware\\VerifyCsrfToken->handle()
#37 /home/mhash/Documents/Projects/agilizaimoveis.com/vendor/laravel/framework/src/Illuminate/View/Middleware/ShareErrorsFromSession.php(49): Illuminate\\Pipeline\\Pipeline->{closure:{closure:Illuminate\\Pipeline\\Pipeline::carry():155}:156}()
#38 /home/mhash/Documents/Projects/agilizaimoveis.com/vendor/laravel/framework/src/Illuminate/Pipeline/Pipeline.php(180): Illuminate\\View\\Middleware\\ShareErrorsFromSession->handle()
#39 /home/mhash/Documents/Projects/agilizaimoveis.com/vendor/laravel/framework/src/Illuminate/Session/Middleware/StartSession.php(121): Illuminate\\Pipeline\\Pipeline->{closure:{closure:Illuminate\\Pipeline\\Pipeline::carry():155}:156}()
#40 /home/mhash/Documents/Projects/agilizaimoveis.com/vendor/laravel/framework/src/Illuminate/Session/Middleware/StartSession.php(64): Illuminate\\Session\\Middleware\\StartSession->handleStatefulRequest()
#41 /home/mhash/Documents/Projects/agilizaimoveis.com/vendor/laravel/framework/src/Illuminate/Pipeline/Pipeline.php(180): Illuminate\\Session\\Middleware\\StartSession->handle()
#42 /home/mhash/Documents/Projects/agilizaimoveis.com/vendor/laravel/framework/src/Illuminate/Cookie/Middleware/AddQueuedCookiesToResponse.php(37): Illuminate\\Pipeline\\Pipeline->{closure:{closure:Illuminate\\Pipeline\\Pipeline::carry():155}:156}()
#43 /home/mhash/Documents/Projects/agilizaimoveis.com/vendor/laravel/framework/src/Illuminate/Pipeline/Pipeline.php(180): Illuminate\\Cookie\\Middleware\\AddQueuedCookiesToResponse->handle()
#44 /home/mhash/Documents/Projects/agilizaimoveis.com/vendor/laravel/framework/src/Illuminate/Cookie/Middleware/EncryptCookies.php(67): Illuminate\\Pipeline\\Pipeline->{closure:{closure:Illuminate\\Pipeline\\Pipeline::carry():155}:156}()
#45 /home/mhash/Documents/Projects/agilizaimoveis.com/vendor/laravel/framework/src/Illuminate/Pipeline/Pipeline.php(180): Illuminate\\Cookie\\Middleware\\EncryptCookies->handle()
#46 /home/mhash/Documents/Projects/agilizaimoveis.com/vendor/laravel/framework/src/Illuminate/Pipeline/Pipeline.php(116): Illuminate\\Pipeline\\Pipeline->{closure:{closure:Illuminate\\Pipeline\\Pipeline::carry():155}:156}()
#47 /home/mhash/Documents/Projects/agilizaimoveis.com/vendor/laravel/framework/src/Illuminate/Routing/Router.php(797): Illuminate\\Pipeline\\Pipeline->then()
#48 /home/mhash/Documents/Projects/agilizaimoveis.com/vendor/laravel/framework/src/Illuminate/Routing/Router.php(776): Illuminate\\Routing\\Router->runRouteWithinStack()
#49 /home/mhash/Documents/Projects/agilizaimoveis.com/vendor/laravel/framework/src/Illuminate/Routing/Router.php(740): Illuminate\\Routing\\Router->runRoute()
#50 /home/mhash/Documents/Projects/agilizaimoveis.com/vendor/laravel/framework/src/Illuminate/Routing/Router.php(729): Illuminate\\Routing\\Router->dispatchToRoute()
#51 /home/mhash/Documents/Projects/agilizaimoveis.com/vendor/laravel/framework/src/Illuminate/Foundation/Http/Kernel.php(190): Illuminate\\Routing\\Router->dispatch()
#52 /home/mhash/Documents/Projects/agilizaimoveis.com/vendor/laravel/framework/src/Illuminate/Pipeline/Pipeline.php(141): Illuminate\\Foundation\\Http\\Kernel->{closure:Illuminate\\Foundation\\Http\\Kernel::dispatchToRouter():187}()
#53 /home/mhash/Documents/Projects/agilizaimoveis.com/vendor/laravel/framework/src/Illuminate/Foundation/Http/Middleware/TransformsRequest.php(21): Illuminate\\Pipeline\\Pipeline->{closure:Illuminate\\Pipeline\\Pipeline::prepareDestination():139}()
#54 /home/mhash/Documents/Projects/agilizaimoveis.com/vendor/laravel/framework/src/Illuminate/Foundation/Http/Middleware/ConvertEmptyStringsToNull.php(31): Illuminate\\Foundation\\Http\\Middleware\\TransformsRequest->handle()
#55 /home/mhash/Documents/Projects/agilizaimoveis.com/vendor/laravel/framework/src/Illuminate/Pipeline/Pipeline.php(180): Illuminate\\Foundation\\Http\\Middleware\\ConvertEmptyStringsToNull->handle()
#56 /home/mhash/Documents/Projects/agilizaimoveis.com/vendor/laravel/framework/src/Illuminate/Foundation/Http/Middleware/TransformsRequest.php(21): Illuminate\\Pipeline\\Pipeline->{closure:{closure:Illuminate\\Pipeline\\Pipeline::carry():155}:156}()
#57 /home/mhash/Documents/Projects/agilizaimoveis.com/vendor/laravel/framework/src/Illuminate/Foundation/Http/Middleware/TrimStrings.php(40): Illuminate\\Foundation\\Http\\Middleware\\TransformsRequest->handle()
#58 /home/mhash/Documents/Projects/agilizaimoveis.com/vendor/laravel/framework/src/Illuminate/Pipeline/Pipeline.php(180): Illuminate\\Foundation\\Http\\Middleware\\TrimStrings->handle()
#59 /home/mhash/Documents/Projects/agilizaimoveis.com/vendor/laravel/framework/src/Illuminate/Foundation/Http/Middleware/ValidatePostSize.php(27): Illuminate\\Pipeline\\Pipeline->{closure:{closure:Illuminate\\Pipeline\\Pipeline::carry():155}:156}()
#60 /home/mhash/Documents/Projects/agilizaimoveis.com/vendor/laravel/framework/src/Illuminate/Pipeline/Pipeline.php(180): Illuminate\\Foundation\\Http\\Middleware\\ValidatePostSize->handle()
#61 /home/mhash/Documents/Projects/agilizaimoveis.com/vendor/laravel/framework/src/Illuminate/Foundation/Http/Middleware/PreventRequestsDuringMaintenance.php(86): Illuminate\\Pipeline\\Pipeline->{closure:{closure:Illuminate\\Pipeline\\Pipeline::carry():155}:156}()
#62 /home/mhash/Documents/Projects/agilizaimoveis.com/vendor/laravel/framework/src/Illuminate/Pipeline/Pipeline.php(180): Illuminate\\Foundation\\Http\\Middleware\\PreventRequestsDuringMaintenance->handle()
#63 /home/mhash/Documents/Projects/agilizaimoveis.com/vendor/laravel/framework/src/Illuminate/Http/Middleware/HandleCors.php(49): Illuminate\\Pipeline\\Pipeline->{closure:{closure:Illuminate\\Pipeline\\Pipeline::carry():155}:156}()
#64 /home/mhash/Documents/Projects/agilizaimoveis.com/vendor/laravel/framework/src/Illuminate/Pipeline/Pipeline.php(180): Illuminate\\Http\\Middleware\\HandleCors->handle()
#65 /home/mhash/Documents/Projects/agilizaimoveis.com/vendor/laravel/framework/src/Illuminate/Http/Middleware/TrustProxies.php(39): Illuminate\\Pipeline\\Pipeline->{closure:{closure:Illuminate\\Pipeline\\Pipeline::carry():155}:156}()
#66 /home/mhash/Documents/Projects/agilizaimoveis.com/vendor/laravel/framework/src/Illuminate/Pipeline/Pipeline.php(180): Illuminate\\Http\\Middleware\\TrustProxies->handle()
#67 /home/mhash/Documents/Projects/agilizaimoveis.com/vendor/laravel/framework/src/Illuminate/Pipeline/Pipeline.php(116): Illuminate\\Pipeline\\Pipeline->{closure:{closure:Illuminate\\Pipeline\\Pipeline::carry():155}:156}()
#68 /home/mhash/Documents/Projects/agilizaimoveis.com/vendor/laravel/framework/src/Illuminate/Foundation/Http/Kernel.php(165): Illuminate\\Pipeline\\Pipeline->then()
#69 /home/mhash/Documents/Projects/agilizaimoveis.com/vendor/laravel/framework/src/Illuminate/Foundation/Http/Kernel.php(134): Illuminate\\Foundation\\Http\\Kernel->sendRequestThroughRouter()
#70 /home/mhash/Documents/Projects/agilizaimoveis.com/public/index.php(51): Illuminate\\Foundation\\Http\\Kernel->handle()
#71 /home/mhash/Documents/Projects/agilizaimoveis.com/vendor/laravel/framework/src/Illuminate/Foundation/resources/server.php(16): require_once('...')
#72 {main}
"} 
[2025-11-05 13:54:08] local.ERROR: SQLSTATE[HY000] [1044] Access denied for user 'mhash'@'%' to database 'agilizaimoveis' (SQL: select * from `users` where `email` = admin@agilizaimoveis.com limit 1) {"exception":"[object] (Illuminate\\Database\\QueryException(code: 1044): SQLSTATE[HY000] [1044] Access denied for user 'mhash'@'%' to database 'agilizaimoveis' (SQL: select * from `users` where `email` = admin@agilizaimoveis.com limit 1) at /home/mhash/Documents/Projects/agilizaimoveis.com/vendor/laravel/framework/src/Illuminate/Database/Connection.php:760)
[stacktrace]
#0 /home/mhash/Documents/Projects/agilizaimoveis.com/vendor/laravel/framework/src/Illuminate/Database/Connection.php(720): Illuminate\\Database\\Connection->runQueryCallback()
#1 /home/mhash/Documents/Projects/agilizaimoveis.com/vendor/laravel/framework/src/Illuminate/Database/Connection.php(405): Illuminate\\Database\\Connection->run()
#2 /home/mhash/Documents/Projects/agilizaimoveis.com/vendor/laravel/framework/src/Illuminate/Database/Query/Builder.php(2705): Illuminate\\Database\\Connection->select()
#3 /home/mhash/Documents/Projects/agilizaimoveis.com/vendor/laravel/framework/src/Illuminate/Database/Query/Builder.php(2694): Illuminate\\Database\\Query\\Builder->runSelect()
#4 /home/mhash/Documents/Projects/agilizaimoveis.com/vendor/laravel/framework/src/Illuminate/Database/Query/Builder.php(3230): Illuminate\\Database\\Query\\Builder->{closure:Illuminate\\Database\\Query\\Builder::get():2693}()
#5 /home/mhash/Documents/Projects/agilizaimoveis.com/vendor/laravel/framework/src/Illuminate/Database/Query/Builder.php(2693): Illuminate\\Database\\Query\\Builder->onceWithColumns()
#6 /home/mhash/Documents/Projects/agilizaimoveis.com/vendor/laravel/framework/src/Illuminate/Database/Eloquent/Builder.php(710): Illuminate\\Database\\Query\\Builder->get()
#7 /home/mhash/Documents/Projects/agilizaimoveis.com/vendor/laravel/framework/src/Illuminate/Database/Eloquent/Builder.php(694): Illuminate\\Database\\Eloquent\\Builder->getModels()
#8 /home/mhash/Documents/Projects/agilizaimoveis.com/vendor/laravel/framework/src/Illuminate/Database/Concerns/BuildsQueries.php(296): Illuminate\\Database\\Eloquent\\Builder->get()
#9 /home/mhash/Documents/Projects/agilizaimoveis.com/vendor/laravel/framework/src/Illuminate/Auth/EloquentUserProvider.php(139): Illuminate\\Database\\Eloquent\\Builder->first()
#10 /home/mhash/Documents/Projects/agilizaimoveis.com/vendor/laravel/framework/src/Illuminate/Auth/SessionGuard.php(381): Illuminate\\Auth\\EloquentUserProvider->retrieveByCredentials()
#11 /home/mhash/Documents/Projects/agilizaimoveis.com/vendor/laravel/framework/src/Illuminate/Auth/AuthManager.php(340): Illuminate\\Auth\\SessionGuard->attempt()
#12 /home/mhash/Documents/Projects/agilizaimoveis.com/vendor/laravel/framework/src/Illuminate/Support/Facades/Facade.php(338): Illuminate\\Auth\\AuthManager->__call()
#13 /home/mhash/Documents/Projects/agilizaimoveis.com/app/Http/Requests/Auth/LoginRequest.php(95): Illuminate\\Support\\Facades\\Facade::__callStatic()
#14 /home/mhash/Documents/Projects/agilizaimoveis.com/app/Http/Controllers/Auth/AuthenticatedSessionController.php(61): App\\Http\\Requests\\Auth\\LoginRequest->authenticate()
#15 /home/mhash/Documents/Projects/agilizaimoveis.com/vendor/laravel/framework/src/Illuminate/Routing/Controller.php(54): App\\Http\\Controllers\\Auth\\AuthenticatedSessionController->store()
#16 /home/mhash/Documents/Projects/agilizaimoveis.com/vendor/laravel/framework/src/Illuminate/Routing/ControllerDispatcher.php(43): Illuminate\\Routing\\Controller->callAction()
#17 /home/mhash/Documents/Projects/agilizaimoveis.com/vendor/laravel/framework/src/Illuminate/Routing/Route.php(259): Illuminate\\Routing\\ControllerDispatcher->dispatch()
#18 /home/mhash/Documents/Projects/agilizaimoveis.com/vendor/laravel/framework/src/Illuminate/Routing/Route.php(205): Illuminate\\Routing\\Route->runController()
#19 /home/mhash/Documents/Projects/agilizaimoveis.com/vendor/laravel/framework/src/Illuminate/Routing/Router.php(798): Illuminate\\Routing\\Route->run()
#20 /home/mhash/Documents/Projects/agilizaimoveis.com/vendor/laravel/framework/src/Illuminate/Pipeline/Pipeline.php(141): Illuminate\\Routing\\Router->{closure:Illuminate\\Routing\\Router::runRouteWithinStack():797}()
#21 /home/mhash/Documents/Projects/agilizaimoveis.com/app/Http/Middleware/RedirectIfAuthenticated.php(30): Illuminate\\Pipeline\\Pipeline->{closure:Illuminate\\Pipeline\\Pipeline::prepareDestination():139}()
#22 /home/mhash/Documents/Projects/agilizaimoveis.com/vendor/laravel/framework/src/Illuminate/Pipeline/Pipeline.php(180): App\\Http\\Middleware\\RedirectIfAuthenticated->handle()
#23 /home/mhash/Documents/Projects/agilizaimoveis.com/vendor/laravel/framework/src/Illuminate/Routing/Middleware/SubstituteBindings.php(50): Illuminate\\Pipeline\\Pipeline->{closure:{closure:Illuminate\\Pipeline\\Pipeline::carry():155}:156}()
#24 /home/mhash/Documents/Projects/agilizaimoveis.com/vendor/laravel/framework/src/Illuminate/Pipeline/Pipeline.php(180): Illuminate\\Routing\\Middleware\\SubstituteBindings->handle()
#25 /home/mhash/Documents/Projects/agilizaimoveis.com/vendor/laravel/framework/src/Illuminate/Foundation/Http/Middleware/VerifyCsrfToken.php(78): Illuminate\\Pipeline\\Pipeline->{closure:{closure:Illuminate\\Pipeline\\Pipeline::carry():155}:156}()
#26 /home/mhash/Documents/Projects/agilizaimoveis.com/vendor/laravel/framework/src/Illuminate/Pipeline/Pipeline.php(180): Illuminate\\Foundation\\Http\\Middleware\\VerifyCsrfToken->handle()
#27 /home/mhash/Documents/Projects/agilizaimoveis.com/vendor/laravel/framework/src/Illuminate/View/Middleware/ShareErrorsFromSession.php(49): Illuminate\\Pipeline\\Pipeline->{closure:{closure:Illuminate\\Pipeline\\Pipeline::carry():155}:156}()
#28 /home/mhash/Documents/Projects/agilizaimoveis.com/vendor/laravel/framework/src/Illuminate/Pipeline/Pipeline.php(180): Illuminate\\View\\Middleware\\ShareErrorsFromSession->handle()
#29 /home/mhash/Documents/Projects/agilizaimoveis.com/vendor/laravel/framework/src/Illuminate/Session/Middleware/StartSession.php(121): Illuminate\\Pipeline\\Pipeline->{closure:{closure:Illuminate\\Pipeline\\Pipeline::carry():155}:156}()
#30 /home/mhash/Documents/Projects/agilizaimoveis.com/vendor/laravel/framework/src/Illuminate/Session/Middleware/StartSession.php(64): Illuminate\\Session\\Middleware\\StartSession->handleStatefulRequest()
#31 /home/mhash/Documents/Projects/agilizaimoveis.com/vendor/laravel/framework/src/Illuminate/Pipeline/Pipeline.php(180): Illuminate\\Session\\Middleware\\StartSession->handle()
#32 /home/mhash/Documents/Projects/agilizaimoveis.com/vendor/laravel/framework/src/Illuminate/Cookie/Middleware/AddQueuedCookiesToResponse.php(37): Illuminate\\Pipeline\\Pipeline->{closure:{closure:Illuminate\\Pipeline\\Pipeline::carry():155}:156}()
#33 /home/mhash/Documents/Projects/agilizaimoveis.com/vendor/laravel/framework/src/Illuminate/Pipeline/Pipeline.php(180): Illuminate\\Cookie\\Middleware\\AddQueuedCookiesToResponse->handle()
#34 /home/mhash/Documents/Projects/agilizaimoveis.com/vendor/laravel/framework/src/Illuminate/Cookie/Middleware/EncryptCookies.php(67): Illuminate\\Pipeline\\Pipeline->{closure:{closure:Illuminate\\Pipeline\\Pipeline::carry():155}:156}()
#35 /home/mhash/Documents/Projects/agilizaimoveis.com/vendor/laravel/framework/src/Illuminate/Pipeline/Pipeline.php(180): Illuminate\\Cookie\\Middleware\\EncryptCookies->handle()
#36 /home/mhash/Documents/Projects/agilizaimoveis.com/vendor/laravel/framework/src/Illuminate/Pipeline/Pipeline.php(116): Illuminate\\Pipeline\\Pipeline->{closure:{closure:Illuminate\\Pipeline\\Pipeline::carry():155}:156}()
#37 /home/mhash/Documents/Projects/agilizaimoveis.com/vendor/laravel/framework/src/Illuminate/Routing/Router.php(797): Illuminate\\Pipeline\\Pipeline->then()
#38 /home/mhash/Documents/Projects/agilizaimoveis.com/vendor/laravel/framework/src/Illuminate/Routing/Router.php(776): Illuminate\\Routing\\Router->runRouteWithinStack()
#39 /home/mhash/Documents/Projects/agilizaimoveis.com/vendor/laravel/framework/src/Illuminate/Routing/Router.php(740): Illuminate\\Routing\\Router->runRoute()
#40 /home/mhash/Documents/Projects/agilizaimoveis.com/vendor/laravel/framework/src/Illuminate/Routing/Router.php(729): Illuminate\\Routing\\Router->dispatchToRoute()
#41 /home/mhash/Documents/Projects/agilizaimoveis.com/vendor/laravel/framework/src/Illuminate/Foundation/Http/Kernel.php(190): Illuminate\\Routing\\Router->dispatch()
#42 /home/mhash/Documents/Projects/agilizaimoveis.com/vendor/laravel/framework/src/Illuminate/Pipeline/Pipeline.php(141): Illuminate\\Foundation\\Http\\Kernel->{closure:Illuminate\\Foundation\\Http\\Kernel::dispatchToRouter():187}()
#43 /home/mhash/Documents/Projects/agilizaimoveis.com/vendor/laravel/framework/src/Illuminate/Foundation/Http/Middleware/TransformsRequest.php(21): Illuminate\\Pipeline\\Pipeline->{closure:Illuminate\\Pipeline\\Pipeline::prepareDestination():139}()
#44 /home/mhash/Documents/Projects/agilizaimoveis.com/vendor/laravel/framework/src/Illuminate/Foundation/Http/Middleware/ConvertEmptyStringsToNull.php(31): Illuminate\\Foundation\\Http\\Middleware\\TransformsRequest->handle()
#45 /home/mhash/Documents/Projects/agilizaimoveis.com/vendor/laravel/framework/src/Illuminate/Pipeline/Pipeline.php(180): Illuminate\\Foundation\\Http\\Middleware\\ConvertEmptyStringsToNull->handle()
#46 /home/mhash/Documents/Projects/agilizaimoveis.com/vendor/laravel/framework/src/Illuminate/Foundation/Http/Middleware/TransformsRequest.php(21): Illuminate\\Pipeline\\Pipeline->{closure:{closure:Illuminate\\Pipeline\\Pipeline::carry():155}:156}()
#47 /home/mhash/Documents/Projects/agilizaimoveis.com/vendor/laravel/framework/src/Illuminate/Foundation/Http/Middleware/TrimStrings.php(40): Illuminate\\Foundation\\Http\\Middleware\\TransformsRequest->handle()
#48 /home/mhash/Documents/Projects/agilizaimoveis.com/vendor/laravel/framework/src/Illuminate/Pipeline/Pipeline.php(180): Illuminate\\Foundation\\Http\\Middleware\\TrimStrings->handle()
#49 /home/mhash/Documents/Projects/agilizaimoveis.com/vendor/laravel/framework/src/Illuminate/Foundation/Http/Middleware/ValidatePostSize.php(27): Illuminate\\Pipeline\\Pipeline->{closure:{closure:Illuminate\\Pipeline\\Pipeline::carry():155}:156}()
#50 /home/mhash/Documents/Projects/agilizaimoveis.com/vendor/laravel/framework/src/Illuminate/Pipeline/Pipeline.php(180): Illuminate\\Foundation\\Http\\Middleware\\ValidatePostSize->handle()
#51 /home/mhash/Documents/Projects/agilizaimoveis.com/vendor/laravel/framework/src/Illuminate/Foundation/Http/Middleware/PreventRequestsDuringMaintenance.php(86): Illuminate\\Pipeline\\Pipeline->{closure:{closure:Illuminate\\Pipeline\\Pipeline::carry():155}:156}()
#52 /home/mhash/Documents/Projects/agilizaimoveis.com/vendor/laravel/framework/src/Illuminate/Pipeline/Pipeline.php(180): Illuminate\\Foundation\\Http\\Middleware\\PreventRequestsDuringMaintenance->handle()
#53 /home/mhash/Documents/Projects/agilizaimoveis.com/vendor/laravel/framework/src/Illuminate/Http/Middleware/HandleCors.php(49): Illuminate\\Pipeline\\Pipeline->{closure:{closure:Illuminate\\Pipeline\\Pipeline::carry():155}:156}()
#54 /home/mhash/Documents/Projects/agilizaimoveis.com/vendor/laravel/framework/src/Illuminate/Pipeline/Pipeline.php(180): Illuminate\\Http\\Middleware\\HandleCors->handle()
#55 /home/mhash/Documents/Projects/agilizaimoveis.com/vendor/laravel/framework/src/Illuminate/Http/Middleware/TrustProxies.php(39): Illuminate\\Pipeline\\Pipeline->{closure:{closure:Illuminate\\Pipeline\\Pipeline::carry():155}:156}()
#56 /home/mhash/Documents/Projects/agilizaimoveis.com/vendor/laravel/framework/src/Illuminate/Pipeline/Pipeline.php(180): Illuminate\\Http\\Middleware\\TrustProxies->handle()
#57 /home/mhash/Documents/Projects/agilizaimoveis.com/vendor/laravel/framework/src/Illuminate/Pipeline/Pipeline.php(116): Illuminate\\Pipeline\\Pipeline->{closure:{closure:Illuminate\\Pipeline\\Pipeline::carry():155}:156}()
#58 /home/mhash/Documents/Projects/agilizaimoveis.com/vendor/laravel/framework/src/Illuminate/Foundation/Http/Kernel.php(165): Illuminate\\Pipeline\\Pipeline->then()
#59 /home/mhash/Documents/Projects/agilizaimoveis.com/vendor/laravel/framework/src/Illuminate/Foundation/Http/Kernel.php(134): Illuminate\\Foundation\\Http\\Kernel->sendRequestThroughRouter()
#60 /home/mhash/Documents/Projects/agilizaimoveis.com/public/index.php(51): Illuminate\\Foundation\\Http\\Kernel->handle()
#61 /home/mhash/Documents/Projects/agilizaimoveis.com/vendor/laravel/framework/src/Illuminate/Foundation/resources/server.php(16): require_once('...')
#62 {main}

[previous exception] [object] (PDOException(code: 1044): SQLSTATE[HY000] [1044] Access denied for user 'mhash'@'%' to database 'agilizaimoveis' at /home/mhash/Documents/Projects/agilizaimoveis.com/vendor/laravel/framework/src/Illuminate/Database/Connectors/Connector.php:70)
[stacktrace]
#0 /home/mhash/Documents/Projects/agilizaimoveis.com/vendor/laravel/framework/src/Illuminate/Database/Connectors/Connector.php(70): PDO->__construct()
#1 /home/mhash/Documents/Projects/agilizaimoveis.com/vendor/laravel/framework/src/Illuminate/Database/Connectors/Connector.php(45): Illuminate\\Database\\Connectors\\Connector->createPdoConnection()
#2 /home/mhash/Documents/Projects/agilizaimoveis.com/vendor/laravel/framework/src/Illuminate/Database/Connectors/MySqlConnector.php(24): Illuminate\\Database\\Connectors\\Connector->createConnection()
#3 /home/mhash/Documents/Projects/agilizaimoveis.com/vendor/laravel/framework/src/Illuminate/Database/Connectors/ConnectionFactory.php(184): Illuminate\\Database\\Connectors\\MySqlConnector->connect()
#4 [internal function]: Illuminate\\Database\\Connectors\\ConnectionFactory->{closure:Illuminate\\Database\\Connectors\\ConnectionFactory::createPdoResolverWithHosts():179}()
#5 /home/mhash/Documents/Projects/agilizaimoveis.com/vendor/laravel/framework/src/Illuminate/Database/Connection.php(1181): call_user_func()
#6 /home/mhash/Documents/Projects/agilizaimoveis.com/vendor/laravel/framework/src/Illuminate/Database/Connection.php(1217): Illuminate\\Database\\Connection->getPdo()
#7 /home/mhash/Documents/Projects/agilizaimoveis.com/vendor/laravel/framework/src/Illuminate/Database/Connection.php(486): Illuminate\\Database\\Connection->getReadPdo()
#8 /home/mhash/Documents/Projects/agilizaimoveis.com/vendor/laravel/framework/src/Illuminate/Database/Connection.php(414): Illuminate\\Database\\Connection->getPdoForSelect()
#9 /home/mhash/Documents/Projects/agilizaimoveis.com/vendor/laravel/framework/src/Illuminate/Database/Connection.php(753): Illuminate\\Database\\Connection->{closure:Illuminate\\Database\\Connection::select():405}()
#10 /home/mhash/Documents/Projects/agilizaimoveis.com/vendor/laravel/framework/src/Illuminate/Database/Connection.php(720): Illuminate\\Database\\Connection->runQueryCallback()
#11 /home/mhash/Documents/Projects/agilizaimoveis.com/vendor/laravel/framework/src/Illuminate/Database/Connection.php(405): Illuminate\\Database\\Connection->run()
#12 /home/mhash/Documents/Projects/agilizaimoveis.com/vendor/laravel/framework/src/Illuminate/Database/Query/Builder.php(2705): Illuminate\\Database\\Connection->select()
#13 /home/mhash/Documents/Projects/agilizaimoveis.com/vendor/laravel/framework/src/Illuminate/Database/Query/Builder.php(2694): Illuminate\\Database\\Query\\Builder->runSelect()
#14 /home/mhash/Documents/Projects/agilizaimoveis.com/vendor/laravel/framework/src/Illuminate/Database/Query/Builder.php(3230): Illuminate\\Database\\Query\\Builder->{closure:Illuminate\\Database\\Query\\Builder::get():2693}()
#15 /home/mhash/Documents/Projects/agilizaimoveis.com/vendor/laravel/framework/src/Illuminate/Database/Query/Builder.php(2693): Illuminate\\Database\\Query\\Builder->onceWithColumns()
#16 /home/mhash/Documents/Projects/agilizaimoveis.com/vendor/laravel/framework/src/Illuminate/Database/Eloquent/Builder.php(710): Illuminate\\Database\\Query\\Builder->get()
#17 /home/mhash/Documents/Projects/agilizaimoveis.com/vendor/laravel/framework/src/Illuminate/Database/Eloquent/Builder.php(694): Illuminate\\Database\\Eloquent\\Builder->getModels()
#18 /home/mhash/Documents/Projects/agilizaimoveis.com/vendor/laravel/framework/src/Illuminate/Database/Concerns/BuildsQueries.php(296): Illuminate\\Database\\Eloquent\\Builder->get()
#19 /home/mhash/Documents/Projects/agilizaimoveis.com/vendor/laravel/framework/src/Illuminate/Auth/EloquentUserProvider.php(139): Illuminate\\Database\\Eloquent\\Builder->first()
#20 /home/mhash/Documents/Projects/agilizaimoveis.com/vendor/laravel/framework/src/Illuminate/Auth/SessionGuard.php(381): Illuminate\\Auth\\EloquentUserProvider->retrieveByCredentials()
#21 /home/mhash/Documents/Projects/agilizaimoveis.com/vendor/laravel/framework/src/Illuminate/Auth/AuthManager.php(340): Illuminate\\Auth\\SessionGuard->attempt()
#22 /home/mhash/Documents/Projects/agilizaimoveis.com/vendor/laravel/framework/src/Illuminate/Support/Facades/Facade.php(338): Illuminate\\Auth\\AuthManager->__call()
#23 /home/mhash/Documents/Projects/agilizaimoveis.com/app/Http/Requests/Auth/LoginRequest.php(95): Illuminate\\Support\\Facades\\Facade::__callStatic()
#24 /home/mhash/Documents/Projects/agilizaimoveis.com/app/Http/Controllers/Auth/AuthenticatedSessionController.php(61): App\\Http\\Requests\\Auth\\LoginRequest->authenticate()
#25 /home/mhash/Documents/Projects/agilizaimoveis.com/vendor/laravel/framework/src/Illuminate/Routing/Controller.php(54): App\\Http\\Controllers\\Auth\\AuthenticatedSessionController->store()
#26 /home/mhash/Documents/Projects/agilizaimoveis.com/vendor/laravel/framework/src/Illuminate/Routing/ControllerDispatcher.php(43): Illuminate\\Routing\\Controller->callAction()
#27 /home/mhash/Documents/Projects/agilizaimoveis.com/vendor/laravel/framework/src/Illuminate/Routing/Route.php(259): Illuminate\\Routing\\ControllerDispatcher->dispatch()
#28 /home/mhash/Documents/Projects/agilizaimoveis.com/vendor/laravel/framework/src/Illuminate/Routing/Route.php(205): Illuminate\\Routing\\Route->runController()
#29 /home/mhash/Documents/Projects/agilizaimoveis.com/vendor/laravel/framework/src/Illuminate/Routing/Router.php(798): Illuminate\\Routing\\Route->run()
#30 /home/mhash/Documents/Projects/agilizaimoveis.com/vendor/laravel/framework/src/Illuminate/Pipeline/Pipeline.php(141): Illuminate\\Routing\\Router->{closure:Illuminate\\Routing\\Router::runRouteWithinStack():797}()
#31 /home/mhash/Documents/Projects/agilizaimoveis.com/app/Http/Middleware/RedirectIfAuthenticated.php(30): Illuminate\\Pipeline\\Pipeline->{closure:Illuminate\\Pipeline\\Pipeline::prepareDestination():139}()
#32 /home/mhash/Documents/Projects/agilizaimoveis.com/vendor/laravel/framework/src/Illuminate/Pipeline/Pipeline.php(180): App\\Http\\Middleware\\RedirectIfAuthenticated->handle()
#33 /home/mhash/Documents/Projects/agilizaimoveis.com/vendor/laravel/framework/src/Illuminate/Routing/Middleware/SubstituteBindings.php(50): Illuminate\\Pipeline\\Pipeline->{closure:{closure:Illuminate\\Pipeline\\Pipeline::carry():155}:156}()
#34 /home/mhash/Documents/Projects/agilizaimoveis.com/vendor/laravel/framework/src/Illuminate/Pipeline/Pipeline.php(180): Illuminate\\Routing\\Middleware\\SubstituteBindings->handle()
#35 /home/mhash/Documents/Projects/agilizaimoveis.com/vendor/laravel/framework/src/Illuminate/Foundation/Http/Middleware/VerifyCsrfToken.php(78): Illuminate\\Pipeline\\Pipeline->{closure:{closure:Illuminate\\Pipeline\\Pipeline::carry():155}:156}()
#36 /home/mhash/Documents/Projects/agilizaimoveis.com/vendor/laravel/framework/src/Illuminate/Pipeline/Pipeline.php(180): Illuminate\\Foundation\\Http\\Middleware\\VerifyCsrfToken->handle()
#37 /home/mhash/Documents/Projects/agilizaimoveis.com/vendor/laravel/framework/src/Illuminate/View/Middleware/ShareErrorsFromSession.php(49): Illuminate\\Pipeline\\Pipeline->{closure:{closure:Illuminate\\Pipeline\\Pipeline::carry():155}:156}()
#38 /home/mhash/Documents/Projects/agilizaimoveis.com/vendor/laravel/framework/src/Illuminate/Pipeline/Pipeline.php(180): Illuminate\\View\\Middleware\\ShareErrorsFromSession->handle()
#39 /home/mhash/Documents/Projects/agilizaimoveis.com/vendor/laravel/framework/src/Illuminate/Session/Middleware/StartSession.php(121): Illuminate\\Pipeline\\Pipeline->{closure:{closure:Illuminate\\Pipeline\\Pipeline::carry():155}:156}()
#40 /home/mhash/Documents/Projects/agilizaimoveis.com/vendor/laravel/framework/src/Illuminate/Session/Middleware/StartSession.php(64): Illuminate\\Session\\Middleware\\StartSession->handleStatefulRequest()
#41 /home/mhash/Documents/Projects/agilizaimoveis.com/vendor/laravel/framework/src/Illuminate/Pipeline/Pipeline.php(180): Illuminate\\Session\\Middleware\\StartSession->handle()
#42 /home/mhash/Documents/Projects/agilizaimoveis.com/vendor/laravel/framework/src/Illuminate/Cookie/Middleware/AddQueuedCookiesToResponse.php(37): Illuminate\\Pipeline\\Pipeline->{closure:{closure:Illuminate\\Pipeline\\Pipeline::carry():155}:156}()
#43 /home/mhash/Documents/Projects/agilizaimoveis.com/vendor/laravel/framework/src/Illuminate/Pipeline/Pipeline.php(180): Illuminate\\Cookie\\Middleware\\AddQueuedCookiesToResponse->handle()
#44 /home/mhash/Documents/Projects/agilizaimoveis.com/vendor/laravel/framework/src/Illuminate/Cookie/Middleware/EncryptCookies.php(67): Illuminate\\Pipeline\\Pipeline->{closure:{closure:Illuminate\\Pipeline\\Pipeline::carry():155}:156}()
#45 /home/mhash/Documents/Projects/agilizaimoveis.com/vendor/laravel/framework/src/Illuminate/Pipeline/Pipeline.php(180): Illuminate\\Cookie\\Middleware\\EncryptCookies->handle()
#46 /home/mhash/Documents/Projects/agilizaimoveis.com/vendor/laravel/framework/src/Illuminate/Pipeline/Pipeline.php(116): Illuminate\\Pipeline\\Pipeline->{closure:{closure:Illuminate\\Pipeline\\Pipeline::carry():155}:156}()
#47 /home/mhash/Documents/Projects/agilizaimoveis.com/vendor/laravel/framework/src/Illuminate/Routing/Router.php(797): Illuminate\\Pipeline\\Pipeline->then()
#48 /home/mhash/Documents/Projects/agilizaimoveis.com/vendor/laravel/framework/src/Illuminate/Routing/Router.php(776): Illuminate\\Routing\\Router->runRouteWithinStack()
#49 /home/mhash/Documents/Projects/agilizaimoveis.com/vendor/laravel/framework/src/Illuminate/Routing/Router.php(740): Illuminate\\Routing\\Router->runRoute()
#50 /home/mhash/Documents/Projects/agilizaimoveis.com/vendor/laravel/framework/src/Illuminate/Routing/Router.php(729): Illuminate\\Routing\\Router->dispatchToRoute()
#51 /home/mhash/Documents/Projects/agilizaimoveis.com/vendor/laravel/framework/src/Illuminate/Foundation/Http/Kernel.php(190): Illuminate\\Routing\\Router->dispatch()
#52 /home/mhash/Documents/Projects/agilizaimoveis.com/vendor/laravel/framework/src/Illuminate/Pipeline/Pipeline.php(141): Illuminate\\Foundation\\Http\\Kernel->{closure:Illuminate\\Foundation\\Http\\Kernel::dispatchToRouter():187}()
#53 /home/mhash/Documents/Projects/agilizaimoveis.com/vendor/laravel/framework/src/Illuminate/Foundation/Http/Middleware/TransformsRequest.php(21): Illuminate\\Pipeline\\Pipeline->{closure:Illuminate\\Pipeline\\Pipeline::prepareDestination():139}()
#54 /home/mhash/Documents/Projects/agilizaimoveis.com/vendor/laravel/framework/src/Illuminate/Foundation/Http/Middleware/ConvertEmptyStringsToNull.php(31): Illuminate\\Foundation\\Http\\Middleware\\TransformsRequest->handle()
#55 /home/mhash/Documents/Projects/agilizaimoveis.com/vendor/laravel/framework/src/Illuminate/Pipeline/Pipeline.php(180): Illuminate\\Foundation\\Http\\Middleware\\ConvertEmptyStringsToNull->handle()
#56 /home/mhash/Documents/Projects/agilizaimoveis.com/vendor/laravel/framework/src/Illuminate/Foundation/Http/Middleware/TransformsRequest.php(21): Illuminate\\Pipeline\\Pipeline->{closure:{closure:Illuminate\\Pipeline\\Pipeline::carry():155}:156}()
#57 /home/mhash/Documents/Projects/agilizaimoveis.com/vendor/laravel/framework/src/Illuminate/Foundation/Http/Middleware/TrimStrings.php(40): Illuminate\\Foundation\\Http\\Middleware\\TransformsRequest->handle()
#58 /home/mhash/Documents/Projects/agilizaimoveis.com/vendor/laravel/framework/src/Illuminate/Pipeline/Pipeline.php(180): Illuminate\\Foundation\\Http\\Middleware\\TrimStrings->handle()
#59 /home/mhash/Documents/Projects/agilizaimoveis.com/vendor/laravel/framework/src/Illuminate/Foundation/Http/Middleware/ValidatePostSize.php(27): Illuminate\\Pipeline\\Pipeline->{closure:{closure:Illuminate\\Pipeline\\Pipeline::carry():155}:156}()
#60 /home/mhash/Documents/Projects/agilizaimoveis.com/vendor/laravel/framework/src/Illuminate/Pipeline/Pipeline.php(180): Illuminate\\Foundation\\Http\\Middleware\\ValidatePostSize->handle()
#61 /home/mhash/Documents/Projects/agilizaimoveis.com/vendor/laravel/framework/src/Illuminate/Foundation/Http/Middleware/PreventRequestsDuringMaintenance.php(86): Illuminate\\Pipeline\\Pipeline->{closure:{closure:Illuminate\\Pipeline\\Pipeline::carry():155}:156}()
#62 /home/mhash/Documents/Projects/agilizaimoveis.com/vendor/laravel/framework/src/Illuminate/Pipeline/Pipeline.php(180): Illuminate\\Foundation\\Http\\Middleware\\PreventRequestsDuringMaintenance->handle()
#63 /home/mhash/Documents/Projects/agilizaimoveis.com/vendor/laravel/framework/src/Illuminate/Http/Middleware/HandleCors.php(49): Illuminate\\Pipeline\\Pipeline->{closure:{closure:Illuminate\\Pipeline\\Pipeline::carry():155}:156}()
#64 /home/mhash/Documents/Projects/agilizaimoveis.com/vendor/laravel/framework/src/Illuminate/Pipeline/Pipeline.php(180): Illuminate\\Http\\Middleware\\HandleCors->handle()
#65 /home/mhash/Documents/Projects/agilizaimoveis.com/vendor/laravel/framework/src/Illuminate/Http/Middleware/TrustProxies.php(39): Illuminate\\Pipeline\\Pipeline->{closure:{closure:Illuminate\\Pipeline\\Pipeline::carry():155}:156}()
#66 /home/mhash/Documents/Projects/agilizaimoveis.com/vendor/laravel/framework/src/Illuminate/Pipeline/Pipeline.php(180): Illuminate\\Http\\Middleware\\TrustProxies->handle()
#67 /home/mhash/Documents/Projects/agilizaimoveis.com/vendor/laravel/framework/src/Illuminate/Pipeline/Pipeline.php(116): Illuminate\\Pipeline\\Pipeline->{closure:{closure:Illuminate\\Pipeline\\Pipeline::carry():155}:156}()
#68 /home/mhash/Documents/Projects/agilizaimoveis.com/vendor/laravel/framework/src/Illuminate/Foundation/Http/Kernel.php(165): Illuminate\\Pipeline\\Pipeline->then()
#69 /home/mhash/Documents/Projects/agilizaimoveis.com/vendor/laravel/framework/src/Illuminate/Foundation/Http/Kernel.php(134): Illuminate\\Foundation\\Http\\Kernel->sendRequestThroughRouter()
#70 /home/mhash/Documents/Projects/agilizaimoveis.com/public/index.php(51): Illuminate\\Foundation\\Http\\Kernel->handle()
#71 /home/mhash/Documents/Projects/agilizaimoveis.com/vendor/laravel/framework/src/Illuminate/Foundation/resources/server.php(16): require_once('...')
#72 {main}
"} 
